image_id,disc_x,disc_y,disc_r,face_x,face_y,face_w,face_h
892567,354.5,441.5,28.5,,,,
614760,,,,,,,
39924,,,,,,,
245664,,,,,,,
1315968,447.5,336.5,41.0,,,,
1005884,,,,,,,
621167,,,,,,,
179327,,,,,,,
998959,,,,,,,
816333,404.5,82.5,25.0,,,,
780930,395.5,436.5,71.69999694824219,,,,
464258,,,,,,,
1302925,,,,,,,
140859,,,,,,,
699635,,,,,,,
1224616,,,,,,,
73204,,,,,,,
1308528,,,,,,,
736563,,,,,,,
409518,,,,,,,
109346,,,,,,,
1082692,,,,,,,
476751,,,,,,,
718992,432.5,494.5,48.099998474121094,,,,
408968,,,,,,,
1065890,,,,,,,
1290205,435.5,15.5,32.70000076293945,,,,
705920,418.5,414.5,41.099998474121094,,,,
618249,,,,,,,
414544,,,,,,,
874928,435.5,455.5,59.5,,,,
551542,426.5,143.5,44.400001525878906,,,,
793416,402.5,348.5,43.5,,,,
729507,,,,,,,
381027,,,,,,,
1175194,434.5,6.5,78.0,,,,
1038953,435.5,214.5,84.0999984741211,,,,
127713,,,,,,,
868591,390.5,395.5,34.70000076293945,,,,
1154230,382.5,3.5,44.099998474121094,,,,
495639,,,,,,,
802730,377.5,301.5,44.79999923706055,,,,
119601,,,,,,,
932803,,,,,,,
1261919,,,,,,,
1332250,,,,,,,
464898,,,,,,,
1186861,,,,,,,
141986,,,,,,,
598121,309.5,148.5,25.700000762939453,,,,
875800,392.5,379.5,39.0,,,,
409135,,,,,,,
797190,416.5,353.5,44.29999923706055,,,,
81653,,,,,,,
1091768,,,,,,,
838263,375.5,187.5,31.700000762939453,,,,
776621,414.5,300.5,47.20000076293945,,,,
1273931,,,,,,,
386688,,,,,,,
1195841,,,,,,,
1119371,426.5,332.5,33.099998474121094,,,,
245197,,,,,,,
1092966,,,,,,,
1119392,361.5,180.5,36.0,,,,
872302,597.5,522.5,25.700000762939453,,,,
391503,,,,,,,
1305505,402.5,463.5,25.700000762939453,,,,
647756,,,,,,,
380906,,,,,,,
1337009,418.5,426.5,38.0,,,,
825489,438.5,365.5,39.099998474121094,,,,
601326,,,,,,,
948753,315.5,466.5,31.5,,,,
387799,,,,,,,
806248,350.5,410.5,39.0,,,,
1278147,,,,,,,
598864,,,,,,,
1282630,,,,,,,
227563,,,,,,,
930423,404.5,200.5,29.899999618530273,,,,
1021263,565.5,155.5,29.700000762939453,,,,
1017876,377.5,38.5,43.5,,,,
383006,,,,,,,
1006155,,,,,,,
261466,,,,,,,
378019,,,,,,,
345305,,,,,,,
943090,,,,,,,
803689,,,,,,,
1304934,340.5,476.5,28.200000762939453,,,,
1002182,414.5,294.5,41.79999923706055,,,,
908871,,,,,,,
317969,,,,,,,
1295223,,,,,,,
831995,423.5,15.5,30.700000762939453,,,,
1056303,372.5,425.5,30.899999618530273,,,,
1083660,,,,,,,
1244784,,,,,,,
690999,401.5,212.5,31.299999237060547,,,,
894052,,,,,,,
882202,467.5,228.5,23.5,,,,
1267062,,,,,,,
29070,,,,,,,
1234200,,,,,,,
283764,,,,,,,
386449,,,,,,,
718854,343.5,100.5,39.5,,,,
897397,,,,,,,
496148,,,,,,,
142972,,,,,,,
1078148,347.5,155.5,40.70000076293945,,,,
910803,,,,,,,
788759,412.5,267.5,29.200000762939453,,,,
379109,,,,,,,
794285,408.5,333.5,40.70000076293945,,,,
1149543,,,,,,,
748427,411.5,103.5,20.700000762939453,,,,
513457,,,,,,,
122510,,,,,,,
1056301,370.5,439.5,36.900001525878906,,,,
850821,434.5,90.5,19.600000381469727,,,,
1088941,,,,,,,
1016619,,,,,,,
647441,370.5,359.5,28.200000762939453,,,,
7975,,,,,,,
404501,,,,,,,
907072,390.5,388.5,40.79999923706055,,,,
808413,409.5,295.5,40.5,,,,
547256,397.5,331.5,32.0,,,,
202552,,,,,,,
479695,,,,,,,
213744,,,,,,,
1154143,424.5,4.5,44.400001525878906,,,,
151079,,,,,,,
742796,422.5,368.5,29.899999618530273,,,,
917681,,,,,,,
151228,,,,,,,
384271,,,,,,,
268119,,,,,,,
1096558,359.5,287.5,83.0,,,,
383545,,,,,,,
626717,396.5,508.5,47.099998474121094,,,,
1280054,,,,,,,
1237272,,,,,,,
579864,402.5,140.5,42.400001525878906,,,,
942307,170.5,173.5,30.899999618530273,,,,
849441,377.5,49.5,19.200000762939453,,,,
49231,,,,,,,
1065887,,,,,,,
108028,,,,,,,
267795,,,,,,,
1322165,,,,,,,
702123,381.5,442.5,36.400001525878906,,,,
71111,,,,,,,
477869,,,,,,,
1341145,397.5,417.5,37.20000076293945,,,,
1307678,,,,,,,
110992,,,,,,,
1015611,313.5,130.5,40.29999923706055,,,,
507323,,,,,,,
1336713,379.5,453.5,37.900001525878906,,,,
849927,,,,,,,
809075,374.5,78.5,32.29999923706055,,,,
681908,,,,,,,
999549,424.5,38.5,43.0,,,,
190928,,,,,,,
410063,,,,,,,
727842,307.5,528.5,26.799999237060547,,,,
1287673,368.5,360.5,25.399999618530273,,,,
742295,,,,,,,
185479,,,,,,,
232827,,,,,,,
189592,,,,,,,
974428,,,,,,,
1193087,,,,,,,
481625,,,,,,,
553883,518.5,191.5,26.100000381469727,,,,
1048216,,,,,,,
771699,,,,,,,
123113,,,,,,,
990889,,,,,,,
1229277,,,,,,,
288518,,,,,,,
579323,,,,,,,
575539,400.5,144.5,38.900001525878906,,,,
955208,,,,,,,
716249,368.5,488.5,33.70000076293945,,,,
821797,374.5,174.5,28.0,,,,
277992,,,,,,,
1195026,,,,,,,
1192787,,,,,,,
611738,,,,,,,
100766,,,,,,,
998244,,,,,,,
1173864,,,,,,,
410526,,,,,,,
1122275,267.5,3.5,65.69999694824219,,,,
285406,,,,,,,
1047227,,,,,,,
1016683,,,,,,,
573198,456.5,147.5,33.29999923706055,,,,
175358,,,,,,,
15497,,,,,,,
434398,,,,,,,
171788,,,,,,,
1102089,581.5,239.5,31.299999237060547,,,,
972627,,,,,,,
73289,,,,,,,
584667,356.5,145.5,46.29999923706055,,,,
1286364,435.5,299.5,24.299999237060547,,,,
947915,372.5,239.5,47.20000076293945,,,,
502827,,,,,,,
1095056,467.5,360.5,75.69999694824219,,,,
870939,592.5,510.5,25.700000762939453,,,,
487524,,,,,,,
912246,217.5,501.5,28.399999618530273,,,,
383797,,,,,,,
1269182,,,,,,,
441452,,,,,,,
590503,,,,,,,
754848,410.5,103.5,28.600000381469727,,,,
1064078,,,,,,,
1192386,,,,,,,
508427,,,,,,,
1298478,,,,,,,
496581,,,,,,,
586107,481.5,182.5,39.900001525878906,,,,
590773,451.5,175.5,50.70000076293945,,,,
440415,,,,,,,
16902,,,,,,,
378742,,,,,,,
1069724,,,,,,,
432981,,,,,,,
1207668,,,,,,,
1184883,,,,,,,
896558,382.5,482.5,29.899999618530273,,,,
860090,372.5,132.5,31.5,,,,
161451,,,,,,,
962098,314.5,151.5,28.799999237060547,,,,
1039207,401.5,137.5,45.5,,,,
257619,,,,,,,
1038855,428.5,176.5,44.400001525878906,,,,
1252658,,,,,,,
680811,410.5,383.5,34.400001525878906,,,,
60348,,,,,,,
35420,,,,,,,
1250726,,,,,,,
596212,390.5,112.5,40.79999923706055,,,,
201020,,,,,,,
384555,,,,,,,
931010,440.5,262.5,25.0,,,,
64741,,,,,,,
517017,,,,,,,
798300,417.5,338.5,37.5,,,,
602891,,,,,,,
412882,,,,,,,
1164379,,,,,,,
1003992,,,,,,,
589441,392.5,158.5,18.799999237060547,,,,
746983,392.5,332.5,46.900001525878906,,,,
1284181,421.5,14.5,25.200000762939453,,,,
383792,,,,,,,
745131,411.5,325.5,27.899999618530273,,,,
752840,409.5,356.5,31.5,,,,
911287,,,,,,,
241106,,,,,,,
835855,394.5,405.5,38.29999923706055,,,,
441062,,,,,,,
1070576,,,,,,,
495126,,,,,,,
5256,,,,,,,
1122597,,,,,,,
515109,,,,,,,
687565,297.5,273.5,30.700000762939453,,,,
822626,437.5,311.5,64.30000305175781,,,,
380959,,,,,,,
1169809,479.5,237.5,93.9000015258789,,,,
763658,,,,,,,
1065836,,,,,,,
39550,,,,,,,
434674,,,,,,,
1277096,,,,,,,
726769,367.5,95.5,40.29999923706055,,,,
1245933,,,,,,,
380204,,,,,,,
796312,441.5,220.5,29.299999237060547,,,,
289819,,,,,,,
177750,,,,,,,
397268,,,,,,,
123108,,,,,,,
404672,,,,,,,
1186910,325.5,124.5,56.099998474121094,,,,
867214,404.5,135.5,19.299999237060547,,,,
694333,387.5,459.5,36.900001525878906,,,,
64519,,,,,,,
364336,,,,,,,
1089031,,,,,,,
88732,,,,,,,
174026,,,,,,,
1168527,,,,,,,
907081,519.5,391.5,41.20000076293945,,,,
1045835,,,,,,,
1045217,,,,,,,
903755,,,,,,,
834549,385.5,145.5,53.20000076293945,,,,
1041778,427.5,142.5,45.5,,,,
825211,,,,,,,
256565,,,,,,,
1103682,236.5,374.5,36.20000076293945,,,,
551695,,,,,,,
815937,,,,,,,
1044974,,,,,,,
787550,338.5,7.5,33.79999923706055,,,,
1275742,443.5,222.5,25.200000762939453,,,,
284922,,,,,,,
636923,,,,,,,
769921,451.5,39.5,19.600000381469727,,,,
972582,389.5,206.5,31.100000381469727,,,,
1063356,,,,,,,
17671,,,,,,,
1091463,,,,,,,
1144260,599.5,179.5,30.799999237060547,,,,
996834,,,,,,,
60896,,,,,,,
1151881,309.5,167.5,47.400001525878906,,,,
687748,435.5,156.5,22.100000381469727,,,,
994314,378.5,287.5,44.900001525878906,,,,
269837,,,,,,,
386422,,,,,,,
1081352,411.5,142.5,46.099998474121094,,,,
794975,,,,,,,
88692,,,,,,,
1004693,445.5,188.5,39.20000076293945,,,,
1321475,,,,,,,
1313676,,,,,,,
1230224,,,,,,,
1063097,,,,,,,
755605,378.5,122.5,23.200000762939453,,,,
53949,,,,,,,
1331790,382.5,199.5,34.099998474121094,,,,
1315101,,,,,,,
528801,,,,,,,
1197347,425.5,277.5,52.79999923706055,,,,
940628,318.5,191.5,28.600000381469727,,,,
671472,,,,,,,
410764,,,,,,,
92219,,,,,,,
411699,,,,,,,
759745,406.5,468.5,31.5,,,,
944004,408.5,130.5,20.700000762939453,,,,
683362,,,,,,,
739266,392.5,91.5,20.5,,,,
1165301,,,,,,,
358650,,,,,,,
1149369,371.5,199.5,46.70000076293945,,,,
38420,,,,,,,
990064,379.5,206.5,24.100000381469727,,,,
799880,,,,,,,
1324755,,,,,,,
735353,368.5,437.5,30.200000762939453,,,,
593113,469.5,115.5,38.20000076293945,,,,
277464,,,,,,,
1194208,,,,,,,
895024,495.5,276.5,30.100000381469727,,,,
1192618,,,,,,,
310024,,,,,,,
1207271,,,,,,,
243544,,,,,,,
34040,,,,,,,
1214871,,,,,,,
814405,,,,,,,
1050670,,,,,,,
941856,394.5,415.5,34.400001525878906,,,,
680640,401.5,28.5,69.0,,,,
594179,375.5,151.5,42.099998474121094,,,,
1264407,,,,,,,
518323,,,,,,,
56487,,,,,,,
98176,,,,,,,
662664,549.5,195.5,24.299999237060547,,,,
954592,,,,,,,
504210,,,,,,,
247584,,,,,,,
1195382,,,,,,,
853397,463.5,383.5,26.799999237060547,,,,
871662,,,,,,,
1134931,,,,,,,
52081,,,,,,,
970870,,,,,,,
482749,,,,,,,
528752,,,,,,,
444961,,,,,,,
1275926,,,,,,,
857463,386.5,37.5,35.20000076293945,,,,
622058,,,,,,,
1169611,,,,,,,
884107,,,,,,,
925468,474.5,216.5,24.0,,,,
1286302,,,,,,,
196855,,,,,,,
1115283,507.5,176.5,32.5,,,,
1338533,472.5,36.5,76.4000015258789,,,,
439257,,,,,,,
699422,408.5,194.5,22.799999237060547,,,,
435103,,,,,,,
158933,,,,,,,
573963,389.5,145.5,46.29999923706055,,,,
1321918,,,,,,,
122594,,,,,,,
1039576,,,,,,,
564471,,,,,,,
1277272,499.5,209.5,31.0,,,,
245259,,,,,,,
26584,,,,,,,
563131,403.5,178.5,43.599998474121094,,,,
159448,,,,,,,
1186535,,,,,,,
1199478,,,,,,,
891178,,,,,,,
931116,,,,,,,
943963,,,,,,,
238713,,,,,,,
1040244,385.5,228.5,91.0,,,,
1049764,,,,,,,
752144,,,,,,,
788862,377.5,145.5,26.0,,,,
1303896,419.5,70.5,43.79999923706055,,,,
1141124,231.5,173.5,30.799999237060547,,,,
1166624,,,,,,,
170744,,,,,,,
284428,,,,,,,
108768,,,,,,,
582998,,,,,,,
767134,,,,,,,
1166883,,,,,,,
605846,,,,,,,
955622,361.5,452.5,37.099998474121094,,,,
1182991,,,,,,,
1345987,405.5,126.5,51.29999923706055,,,,
1081276,,,,,,,
255819,,,,,,,
818709,430.5,295.5,30.100000381469727,,,,
34296,,,,,,,
264836,,,,,,,
406585,,,,,,,
698429,,,,,,,
202177,,,,,,,
398609,,,,,,,
675864,395.5,402.5,33.0,,,,
1122751,,,,,,,
442796,,,,,,,
156074,,,,,,,
394594,,,,,,,
702818,340.5,309.5,30.200000762939453,,,,
613459,,,,,,,
1225841,,,,,,,
1002337,,,,,,,
1049031,433.5,118.5,46.29999923706055,,,,
135999,,,,,,,
887906,360.5,208.5,36.20000076293945,,,,
1056255,381.5,561.5,28.100000381469727,,,,
1286883,,,,,,,
707340,398.5,465.5,36.0,,,,
1238284,,,,,,,
978708,,,,,,,
682959,,,,,,,
1215255,,,,,,,
1281959,,,,,,,
675237,402.5,530.5,29.100000381469727,,,,
126273,,,,,,,
833858,,,,,,,
909903,397.5,283.5,43.79999923706055,,,,
412141,,,,,,,
876525,397.5,166.5,24.299999237060547,,,,
393315,,,,,,,
1065005,,,,,,,
762677,,,,,,,
513779,,,,,,,
911557,431.5,166.5,31.100000381469727,,,,
646194,,,,,,,
1308759,,,,,,,
789961,410.5,138.5,30.200000762939453,,,,
1305174,,,,,,,
396290,,,,,,,
217393,,,,,,,
73290,,,,,,,
758874,422.5,486.5,28.600000381469727,,,,
907993,,,,,,,
704661,,,,,,,
963444,460.5,481.5,27.299999237060547,,,,
1096035,556.5,525.5,27.299999237060547,,,,
1235996,,,,,,,
264003,,,,,,,
715483,397.5,415.5,34.900001525878906,,,,
92571,,,,,,,
716749,343.5,532.5,30.700000762939453,,,,
1325559,,,,,,,
380292,,,,,,,
890991,,,,,,,
111255,,,,,,,
1165433,449.5,219.5,72.9000015258789,,,,
172626,,,,,,,
348670,,,,,,,
871400,407.5,495.5,55.29999923706055,,,,
66592,,,,,,,
1279642,,,,,,,
1142134,,,,,,,
664099,403.5,429.5,48.29999923706055,,,,
709252,463.5,406.5,23.5,,,,
871634,411.5,371.5,34.400001525878906,,,,
409649,,,,,,,
946133,418.5,138.5,21.399999618530273,,,,
295921,,,,,,,
1252451,406.5,214.5,76.4000015258789,,,,
1316347,458.5,255.5,59.900001525878906,,,,
394048,,,,,,,
228022,,,,,,,
756306,492.5,676.5,33.20000076293945,,,,
1320391,451.5,286.5,36.400001525878906,,,,
907215,374.5,386.5,40.5,,,,
1054374,409.5,318.5,42.5,,,,
805701,426.5,463.5,30.200000762939453,,,,
265012,,,,,,,
1229331,,,,,,,
432607,,,,,,,
10550,,,,,,,
196551,,,,,,,
187081,,,,,,,
206051,,,,,,,
1135272,,,,,,,
1299426,,,,,,,
1169741,393.5,160.5,49.0,,,,
328775,,,,,,,
833086,393.5,187.5,35.29999923706055,,,,
1109305,445.5,229.5,41.599998474121094,,,,
283211,,,,,,,
1093624,,,,,,,
576722,381.5,135.5,49.900001525878906,,,,
797018,,,,,,,
64828,,,,,,,
581614,353.5,158.5,43.5,,,,
856476,368.5,25.5,97.19999694824219,,,,
933891,407.5,3.5,16.200000762939453,,,,
1220099,360.5,295.5,51.400001525878906,,,,
1064405,,,,,,,
232178,,,,,,,
614111,,,,,,,
523014,,,,,,,
108087,,,,,,,
1082948,,,,,,,
745054,,,,,,,
32139,,,,,,,
839967,,,,,,,
914545,,,,,,,
721072,403.5,372.5,48.099998474121094,,,,
1297385,,,,,,,
831716,426.5,130.5,30.200000762939453,,,,
835372,389.5,136.5,22.200000762939453,,,,
728965,,,,,,,
1250008,,,,,,,
804617,354.5,197.5,59.79999923706055,,,,
104498,,,,,,,
1056533,348.5,442.5,38.400001525878906,,,,
213032,,,,,,,
1142055,421.5,456.5,61.900001525878906,,,,
391676,,,,,,,
677599,375.5,330.5,41.599998474121094,,,,
1168877,,,,,,,
214438,,,,,,,
388777,,,,,,,
622131,,,,,,,
249459,,,,,,,
178380,,,,,,,
411323,,,,,,,
937707,405.5,488.5,32.900001525878906,,,,
238514,,,,,,,
1166995,,,,,,,
870960,273.5,356.5,38.5,,,,
705311,424.5,369.5,34.400001525878906,,,,
755027,492.5,502.5,18.5,,,,
930353,331.5,220.5,29.100000381469727,,,,
649981,395.5,465.5,41.599998474121094,,,,
1165608,445.5,247.5,74.30000305175781,,,,
778526,390.5,74.5,20.5,,,,
1281537,,,,,,,
773563,,,,,,,
340069,,,,,,,
719262,428.5,7.5,29.700000762939453,,,,
413443,,,,,,,
403002,,,,,,,
1179289,,,,,,,
1194110,,,,,,,
150982,,,,,,,
216031,,,,,,,
972644,,,,,,,
796375,,,,,,,
211044,,,,,,,
310352,,,,,,,
851183,487.5,118.5,22.399999618530273,,,,
572919,436.5,170.5,35.0,,,,
268179,,,,,,,
417568,,,,,,,
498964,,,,,,,
1311628,,,,,,,
963708,405.5,159.5,35.79999923706055,,,,
233992,,,,,,,
541169,,,,,,,
833367,,,,,,,
198054,,,,,,,
728890,370.5,26.5,23.600000381469727,,,,
246057,,,,,,,
682839,414.5,59.5,76.4000015258789,,,,
762750,,,,,,,
910839,409.5,361.5,30.399999618530273,,,,
393045,,,,,,,
541920,393.5,262.5,39.400001525878906,,,,
290642,,,,,,,
1345189,,,,,,,
1070693,,,,,,,
1196646,,,,,,,
601572,,,,,,,
103264,,,,,,,
1183123,,,,,,,
1194940,,,,,,,
1293881,445.5,152.5,31.100000381469727,,,,
691897,425.5,324.5,45.5,,,,
40408,,,,,,,
4380,,,,,,,
594238,341.5,113.5,44.900001525878906,,,,
1199018,,,,,,,
507218,,,,,,,
1331504,,,,,,,
800343,381.5,220.5,28.5,,,,
1152157,,,,,,,
525135,,,,,,,
1343309,,,,,,,
199970,,,,,,,
398197,,,,,,,
124782,,,,,,,
304209,,,,,,,
490895,,,,,,,
188418,,,,,,,
855341,,,,,,,
621652,,,,,,,
128719,,,,,,,
440086,,,,,,,
1291120,378.5,199.5,29.399999618530273,,,,
482372,,,,,,,
725437,226.5,618.5,22.299999237060547,,,,
719945,406.5,493.5,47.20000076293945,,,,
1180167,398.5,140.5,39.599998474121094,,,,
200934,,,,,,,
29696,,,,,,,
442689,,,,,,,
99127,,,,,,,
773680,450.5,125.5,34.400001525878906,,,,
947195,442.5,543.5,46.79999923706055,,,,
872964,301.5,3.5,50.20000076293945,,,,
990563,435.5,420.5,37.5,,,,
270471,,,,,,,
1052154,447.5,350.5,57.0,,,,
1045429,,,,,,,
528691,,,,,,,
136770,,,,,,,
269967,,,,,,,
970073,411.5,65.5,21.0,,,,
1315088,,,,,,,
1325443,,,,,,,
876522,398.5,448.5,29.5,,,,
888547,438.5,199.5,27.700000762939453,,,,
973737,371.5,202.5,58.70000076293945,,,,
510755,,,,,,,
508195,,,,,,,
539881,,,,,,,
567264,,,,,,,
584527,378.5,166.5,35.099998474121094,,,,
1267693,,,,,,,
1278229,,,,,,,
38153,,,,,,,
1227516,,,,,,,
1068997,,,,,,,
205664,,,,,,,
1134146,,,,,,,
1042236,397.5,215.5,79.30000305175781,,,,
1067791,,,,,,,
583764,365.5,338.5,39.400001525878906,,,,
982108,404.5,337.5,40.20000076293945,,,,
884912,431.5,531.5,28.100000381469727,,,,
1306012,422.5,61.5,44.0,,,,
485248,,,,,,,
828786,,,,,,,
136439,,,,,,,
462424,,,,,,,
437553,,,,,,,
1004641,480.5,242.5,33.20000076293945,,,,
1100658,662.5,195.5,31.0,,,,
150479,,,,,,,
38108,,,,,,,
1219357,382.5,107.5,43.79999923706055,,,,
785588,412.5,16.5,48.5,,,,
702705,,,,,,,
1322314,,,,,,,
1044984,,,,,,,
384583,,,,,,,
1014796,466.5,111.5,38.900001525878906,,,,
1211560,,,,,,,
525804,,,,,,,
1100727,617.5,189.5,30.5,,,,
547487,383.5,247.5,41.099998474121094,,,,
463285,,,,,,,
609380,,,,,,,
1250833,,,,,,,
1281090,,,,,,,
529910,,,,,,,
954884,403.5,134.5,35.5,,,,
395329,,,,,,,
790733,435.5,174.5,21.200000762939453,,,,
919467,408.5,108.5,20.700000762939453,,,,
467786,,,,,,,
1219948,378.5,288.5,57.20000076293945,,,,
1044788,417.5,166.5,44.099998474121094,,,,
1104582,403.5,2.5,22.700000762939453,,,,
622287,,,,,,,
286889,,,,,,,
675359,,,,,,,
343895,,,,,,,
1336691,,,,,,,
465643,,,,,,,
390777,,,,,,,
1053636,376.5,313.5,47.099998474121094,,,,
1139240,412.5,168.5,74.4000015258789,,,,
1318445,408.5,338.5,42.70000076293945,,,,
929714,441.5,274.5,26.100000381469727,,,,
409465,,,,,,,
1164876,,,,,,,
228736,,,,,,,
872938,399.5,383.5,31.399999618530273,,,,
341819,,,,,,,
1308474,,,,,,,
749243,,,,,,,
981677,409.5,359.5,41.29999923706055,,,,
691880,416.5,511.5,47.900001525878906,,,,
617987,,,,,,,
702485,401.5,291.5,46.900001525878906,,,,
1086378,,,,,,,
678657,,,,,,,
994201,399.5,248.5,41.099998474121094,,,,
967388,378.5,183.5,22.899999618530273,,,,
462619,,,,,,,
946541,447.5,364.5,66.5,,,,
351172,,,,,,,
418947,,,,,,,
927021,499.5,132.5,31.799999237060547,,,,
420003,,,,,,,
408339,,,,,,,
1588,,,,,,,
490490,,,,,,,
909943,,,,,,,
859377,401.5,452.5,32.0,,,,
1032039,,,,,,,
1113041,370.5,53.5,37.5,,,,
244368,,,,,,,
676482,,,,,,,
895420,370.5,420.5,29.299999237060547,,,,
695468,,,,,,,
111904,,,,,,,
1100050,253.5,513.5,30.5,,,,
701451,439.5,380.5,61.400001525878906,,,,
605104,,,,,,,
375308,,,,,,,
754753,,,,,,,
979061,422.5,170.5,43.29999923706055,,,,
415230,,,,,,,
1170750,375.5,157.5,57.900001525878906,,,,
228210,,,,,,,
327000,,,,,,,
590796,,,,,,,
343205,,,,,,,
967168,471.5,440.5,24.600000381469727,,,,
1054992,389.5,30.5,30.299999237060547,,,,
1232644,,,,,,,
1333390,425.5,449.5,41.20000076293945,,,,
854936,332.5,132.5,37.400001525878906,,,,
1156885,,,,,,,
1314336,,,,,,,
1028091,,,,,,,
377397,,,,,,,
355820,,,,,,,
671107,431.5,247.5,31.0,,,,
3701,,,,,,,
881615,375.5,153.5,18.299999237060547,,,,
568403,451.5,136.5,49.099998474121094,,,,
1247174,,,,,,,
884153,443.5,411.5,30.700000762939453,,,,
585249,462.5,148.5,40.20000076293945,,,,
961450,334.5,65.5,24.100000381469727,,,,
1018605,400.5,507.5,33.099998474121094,,,,
374814,,,,,,,
353273,,,,,,,
956065,,,,,,,
274090,,,,,,,
900265,362.5,261.5,21.0,,,,
952195,278.5,497.5,27.5,,,,
324502,,,,,,,
1331292,,,,,,,
374012,,,,,,,
366148,,,,,,,
760146,254.5,565.5,18.799999237060547,,,,
772220,404.5,52.5,31.799999237060547,,,,
1128016,,,,,,,
78237,,,,,,,
945342,413.5,103.5,23.0,,,,
183810,,,,,,,
1248853,,,,,,,
28486,,,,,,,
898524,376.5,403.5,43.599998474121094,,,,
569137,345.5,163.5,39.400001525878906,,,,
926800,344.5,399.5,42.70000076293945,,,,
228835,,,,,,,
491304,,,,,,,
320012,,,,,,,
369228,,,,,,,
950515,,,,,,,
856009,485.5,156.5,31.0,,,,
1241027,,,,,,,
939234,371.5,128.5,21.600000381469727,,,,
99806,,,,,,,
182711,,,,,,,
1037054,300.5,127.5,55.70000076293945,,,,
604230,,,,,,,
527847,,,,,,,
368067,,,,,,,
270496,,,,,,,
752812,451.5,414.5,50.29999923706055,,,,
976375,,,,,,,
488857,,,,,,,
1126713,435.5,94.5,42.400001525878906,,,,
1313413,,,,,,,
741833,424.5,96.5,13.0,,,,
770345,316.5,540.5,19.899999618530273,,,,
1291205,,,,,,,
889872,468.5,78.5,32.099998474121094,,,,
944503,,,,,,,
420417,,,,,,,
355228,,,,,,,
764735,,,,,,,
781664,,,,,,,
1005787,426.5,281.5,42.0,,,,
3132,,,,,,,
432965,,,,,,,
366811,,,,,,,
606423,,,,,,,
992863,,,,,,,
525114,,,,,,,
686144,476.5,266.5,31.899999618530273,,,,
977012,,,,,,,
670608,400.5,277.5,24.299999237060547,,,,
115907,,,,,,,
375713,,,,,,,
740845,329.5,490.5,22.299999237060547,,,,
738797,402.5,317.5,37.20000076293945,,,,
886877,,,,,,,
1020712,422.5,415.5,34.79999923706055,,,,
167688,,,,,,,
206828,,,,,,,
212400,,,,,,,
558847,455.5,257.5,50.70000076293945,,,,
66291,,,,,,,
836055,,,,,,,
274495,,,,,,,
49918,,,,,,,
1298545,,,,,,,
763086,382.5,438.5,30.200000762939453,,,,
418425,,,,,,,
778260,407.5,357.5,59.5,,,,
1176657,392.5,221.5,41.79999923706055,,,,
240097,,,,,,,
371987,,,,,,,
314272,,,,,,,
123283,,,,,,,
1300610,,,,,,,
880322,,,,,,,
340763,,,,,,,
1252101,,,,,,,
509901,,,,,,,
959684,380.5,4.5,19.600000381469727,,,,
608480,,,,,,,
955476,381.5,41.5,26.100000381469727,,,,
688218,407.5,356.5,27.299999237060547,,,,
988593,351.5,517.5,24.899999618530273,,,,
1034021,,,,,,,
369945,,,,,,,
1335899,351.5,401.5,43.79999923706055,,,,
1128198,,,,,,,
491169,,,,,,,
863478,,,,,,,
355387,,,,,,,
69252,,,,,,,
743390,,,,,,,
953158,,,,,,,
798794,411.5,228.5,26.200000762939453,,,,
1331653,397.5,180.5,47.099998474121094,,,,
1232525,,,,,,,
893006,406.5,350.5,39.5,,,,
606087,,,,,,,
1101258,388.5,512.5,31.899999618530273,,,,
1042574,400.5,99.5,49.900001525878906,,,,
1060486,386.5,435.5,33.5,,,,
269429,,,,,,,
1172364,,,,,,,
769464,,,,,,,
3694,,,,,,,
1322674,,,,,,,
370375,,,,,,,
907321,626.5,469.5,30.399999618530273,,,,
692523,420.5,339.5,41.5,,,,
1284627,407.5,41.5,33.79999923706055,,,,
545690,401.5,199.5,38.29999923706055,,,,
747902,240.5,356.5,29.399999618530273,,,,
164047,,,,,,,
1033596,,,,,,,
168330,,,,,,,
169375,,,,,,,
118,,,,,,,
342699,,,,,,,
314683,,,,,,,
1027845,83.5,790.5,15.800000190734863,,,,
150734,,,,,,,
977832,,,,,,,
605664,,,,,,,
953935,239.5,409.5,23.899999618530273,,,,
369749,,,,,,,
949957,521.5,159.5,27.700000762939453,,,,
933466,350.5,400.5,46.70000076293945,,,,
147385,,,,,,,
375556,,,,,,,
372469,,,,,,,
1149461,383.5,348.5,41.900001525878906,,,,
774389,399.5,107.5,25.200000762939453,,,,
991792,536.5,143.5,36.0,,,,
767680,549.5,519.5,26.600000381469727,,,,
1308857,,,,,,,
764798,396.5,243.5,35.29999923706055,,,,
741915,416.5,305.5,37.099998474121094,,,,
69490,,,,,,,
77835,,,,,,,
367320,,,,,,,
366615,,,,,,,
1087986,,,,,,,
826309,402.5,290.5,52.70000076293945,,,,
276809,,,,,,,
1231904,,,,,,,
251004,,,,,,,
1108625,341.5,129.5,36.099998474121094,,,,
352518,,,,,,,
334862,,,,,,,
1275757,497.5,177.5,34.900001525878906,,,,
1113432,385.5,463.5,27.5,,,,
660664,,,,,,,
122340,,,,,,,
143809,,,,,,,
1127505,,,,,,,
502810,,,,,,,
149211,,,,,,,
197059,,,,,,,
819633,423.5,117.5,20.5,,,,
594741,,,,,,,
801545,394.5,313.5,48.29999923706055,,,,
679101,404.5,462.5,34.400001525878906,,,,
376473,,,,,,,
977241,,,,,,,
309442,,,,,,,
854327,444.5,388.5,29.299999237060547,,,,
709734,,,,,,,
810874,,,,,,,
492359,,,,,,,
366459,,,,,,,
492742,,,,,,,
900268,,,,,,,
1061182,359.5,490.5,32.29999923706055,,,,
1156502,,,,,,,
998676,435.5,311.5,35.70000076293945,,,,
206688,,,,,,,
711110,417.5,320.5,59.900001525878906,,,,
1231987,,,,,,,
577449,353.5,133.5,44.400001525878906,,,,
270041,,,,,,,
1033017,,,,,,,
171807,,,,,,,
943818,,,,,,,
366482,,,,,,,
560002,387.5,286.5,47.0,,,,
898340,,,,,,,
166417,,,,,,,
17471,,,,,,,
368745,,,,,,,
1247671,,,,,,,
835678,414.5,483.5,21.600000381469727,,,,
420826,,,,,,,
711033,344.5,35.5,51.599998474121094,,,,
506162,,,,,,,
820458,387.5,337.5,34.599998474121094,,,,
689257,402.5,395.5,40.70000076293945,,,,
210347,,,,,,,
150338,,,,,,,
164125,,,,,,,
927009,,,,,,,
720699,363.5,37.5,30.799999237060547,,,,
207405,,,,,,,
926260,488.5,252.5,20.5,,,,
764390,,,,,,,
884698,,,,,,,
729712,321.5,592.5,25.100000381469727,,,,
805645,,,,,,,
1294454,420.5,441.5,24.299999237060547,,,,
291796,,,,,,,
1175004,359.5,191.5,66.4000015258789,,,,
367358,,,,,,,
493275,,,,,,,
494909,,,,,,,
1173478,,,,,,,
1233238,,,,,,,
1129005,,,,,,,
997622,558.5,213.5,30.799999237060547,,,,
105642,,,,,,,
372499,,,,,,,
881919,397.5,125.5,28.600000381469727,,,,
941251,,,,,,,
314461,,,,,,,
1056757,441.5,421.5,33.099998474121094,,,,
45367,,,,,,,
373550,,,,,,,
213494,,,,,,,
918978,,,,,,,
594751,405.5,148.5,42.099998474121094,,,,
1300741,,,,,,,
163717,,,,,,,
1247820,,,,,,,
796836,412.5,306.5,38.900001525878906,,,,
675794,373.5,404.5,82.5,,,,
727227,390.5,79.5,22.299999237060547,,,,
228272,,,,,,,
922944,,,,,,,
953534,,,,,,,
1021581,394.5,220.5,28.5,,,,
898255,,,,,,,
622841,,,,,,,
1224082,,,,,,,
170511,,,,,,,
881802,252.5,156.5,31.0,,,,
310887,,,,,,,
278871,,,,,,,
726551,426.5,145.5,33.099998474121094,,,,
1222319,,,,,,,
986593,,,,,,,
993234,454.5,239.5,28.899999618530273,,,,
1306818,422.5,331.5,41.900001525878906,,,,
704220,410.5,403.5,41.599998474121094,,,,
654109,,,,,,,
71407,,,,,,,
277650,,,,,,,
694023,,,,,,,
1070784,430.5,208.5,50.0,,,,
839172,500.5,156.5,29.399999618530273,,,,
28197,,,,,,,
1127324,330.5,150.5,58.20000076293945,,,,
123927,,,,,,,
926714,,,,,,,
552420,,,,,,,
1183170,508.5,268.5,54.20000076293945,,,,
1003809,,,,,,,
1142637,,,,,,,
369686,,,,,,,
1053076,436.5,550.5,31.899999618530273,,,,
352536,,,,,,,
54239,,,,,,,
1330003,,,,,,,
354679,,,,,,,
582199,413.5,145.5,44.400001525878906,,,,
1172949,,,,,,,
1237543,,,,,,,
376249,,,,,,,
1176104,393.5,204.5,70.69999694824219,,,,
949424,494.5,132.5,33.099998474121094,,,,
1220939,,,,,,,
1287893,438.5,92.5,15.899999618530273,,,,
49914,,,,,,,
863183,321.5,79.5,32.900001525878906,,,,
162523,,,,,,,
527963,,,,,,,
30037,,,,,,,
760162,,,,,,,
1194129,,,,,,,
228279,,,,,,,
149270,,,,,,,
1059729,,,,,,,
837210,331.5,113.5,30.799999237060547,,,,
1221798,,,,,,,
897281,460.5,237.5,44.400001525878906,,,,
723346,597.5,441.5,27.899999618530273,,,,
690058,419.5,246.5,60.70000076293945,,,,
1311559,,,,,,,
961103,,,,,,,
490796,,,,,,,
754093,424.5,315.5,37.0,,,,
105888,,,,,,,
212960,,,,,,,
422216,,,,,,,
3752,,,,,,,
926101,344.5,176.5,27.899999618530273,,,,
116104,,,,,,,
885658,,,,,,,
1130467,422.5,138.5,48.5,,,,
582178,392.5,143.5,34.900001525878906,,,,
113049,,,,,,,
70212,,,,,,,
1029585,,,,,,,
1032814,,,,,,,
820390,412.5,392.5,43.599998474121094,,,,
355553,,,,,,,
703903,411.5,42.5,41.099998474121094,,,,
1233583,,,,,,,
143650,,,,,,,
923900,387.5,486.5,23.200000762939453,,,,
1118120,373.5,25.5,39.900001525878906,,,,
372098,,,,,,,
820570,461.5,4.5,58.400001525878906,,,,
201339,,,,,,,
1096801,224.5,18.5,64.5999984741211,,,,
801236,336.5,467.5,77.0999984741211,,,,
847169,,,,,,,
942791,,,,,,,
780464,399.5,124.5,27.299999237060547,,,,
1248438,,,,,,,
986940,406.5,2.5,38.70000076293945,,,,
145007,,,,,,,
300558,,,,,,,
489245,435.5,150.5,23.0,,,,
1137471,374.5,321.5,54.099998474121094,,,,
89750,,,,,,,
1152439,,,,,,,
366769,,,,,,,
277433,,,,,,,
712358,367.5,181.5,31.5,,,,
946010,379.5,132.5,21.399999618530273,,,,
945391,395.5,143.5,21.0,,,,
323697,,,,,,,
491666,,,,,,,
764150,545.5,124.5,28.600000381469727,,,,
433185,,,,,,,
1223519,,,,,,,
363309,,,,,,,
676015,398.5,386.5,71.9000015258789,,,,
818509,,,,,,,
1062053,,,,,,,
952125,495.5,472.5,29.5,,,,
650017,307.5,482.5,30.799999237060547,,,,
892098,375.5,134.5,31.0,,,,
366492,,,,,,,
1217119,,,,,,,
950837,403.5,502.5,30.399999618530273,,,,
321020,,,,,,,
1256142,388.5,218.5,36.599998474121094,,,,
89670,,,,,,,
560072,,,,,,,
645485,,,,,,,
841850,433.5,152.5,32.29999923706055,,,,
903225,537.5,139.5,32.900001525878906,,,,
582495,395.5,139.5,45.0,,,,
400464,,,,,,,
944543,386.5,479.5,34.400001525878906,,,,
400454,,,,,,,
166128,,,,,,,
740134,382.5,313.5,47.79999923706055,,,,
1007376,461.5,466.5,54.900001525878906,,,,
43303,,,,,,,
1189369,,,,,,,
546090,387.5,195.5,43.599998474121094,,,,
369559,,,,,,,
568442,419.5,152.5,51.20000076293945,,,,
954982,,,,,,,
593062,,,,,,,
733624,200.5,536.5,23.899999618530273,,,,
1298510,,,,,,,
418319,,,,,,,
1049572,,,,,,,
949457,466.5,3.5,33.0,,,,
50571,,,,,,,
50980,,,,,,,
509376,,,,,,,
123977,,,,,,,
890297,158.5,136.5,31.0,,,,
664910,326.5,489.5,32.5,,,,
929233,,,,,,,
377666,,,,,,,
880290,410.5,49.5,23.100000381469727,,,,
400429,,,,,,,
655112,534.5,167.5,31.799999237060547,,,,
737636,419.5,348.5,47.400001525878906,,,,
834339,409.5,157.5,14.699999809265137,,,,
900379,410.5,375.5,27.100000381469727,,,,
1190371,,,,,,,
1023165,373.5,57.5,83.69999694824219,,,,
950858,,,,,,,
1246902,,,,,,,
802855,399.5,366.5,34.0,,,,
648148,,,,,,,
418030,,,,,,,
715674,,,,,,,
897070,,,,,,,
305818,,,,,,,
768000,,,,,,,
1248307,,,,,,,
949634,,,,,,,
492689,,,,,,,
52856,,,,,,,
1313385,,,,,,,
418866,,,,,,,
1224678,,,,,,,
1161486,352.5,1.5,37.20000076293945,,,,
231863,,,,,,,
1335900,358.5,380.5,39.099998474121094,,,,
1101374,391.5,9.5,29.299999237060547,,,,
2738,,,,,,,
376491,,,,,,,
568817,359.5,111.5,45.20000076293945,,,,
65369,,,,,,,
1163056,384.5,2.5,51.400001525878906,,,,
1102478,484.5,149.5,37.0,,,,
694121,,,,,,,
606936,,,,,,,
846370,504.5,488.5,32.5,,,,
1248719,,,,,,,
492889,,,,,,,
949717,507.5,176.5,34.29999923706055,,,,
169353,,,,,,,
553052,471.5,169.5,28.399999618530273,,,,
1223371,,,,,,,
1217301,,,,,,,
750922,,,,,,,
924292,367.5,151.5,21.600000381469727,,,,
675795,371.5,386.5,69.5999984741211,,,,
573848,448.5,140.5,36.5,,,,
1027634,396.5,129.5,48.5,,,,
725767,349.5,26.5,31.299999237060547,,,,
384168,,,,,,,
491172,,,,,,,
665113,358.5,598.5,27.700000762939453,,,,
227376,,,,,,,
366759,,,,,,,
490007,,,,,,,
1026706,,,,,,,
1027635,413.5,173.5,71.0,,,,
318677,,,,,,,
318794,,,,,,,
320196,,,,,,,
268175,,,,,,,
986156,396.5,460.5,54.70000076293945,,,,
932130,405.5,180.5,31.299999237060547,,,,
1103342,411.5,409.5,41.599998474121094,,,,
1113435,386.5,53.5,22.399999618530273,,,,
979062,437.5,127.5,37.70000076293945,,,,
897451,468.5,315.5,39.29999923706055,,,,
273567,,,,,,,
1220610,,,,,,,
1026745,,,,,,,
885783,396.5,89.5,26.799999237060547,,,,
604361,,,,,,,
950706,376.5,442.5,28.799999237060547,,,,
847145,426.5,285.5,58.0,,,,
320736,,,,,,,
853044,391.5,180.5,25.399999618530273,,,,
1128911,368.5,212.5,70.0,,,,
1172830,,,,,,,
376262,,,,,,,
1056946,413.5,133.5,28.600000381469727,,,,
1231928,,,,,,,
821593,424.5,144.5,22.299999237060547,,,,
78067,,,,,,,
764938,393.5,131.5,28.899999618530273,,,,
1186619,,,,,,,
1171544,311.5,144.5,48.0,,,,
371713,,,,,,,
1180827,,,,,,,
203952,,,,,,,
168401,,,,,,,
349341,,,,,,,
49629,,,,,,,
1027164,464.5,201.5,79.0,,,,
1193399,,,,,,,
366642,,,,,,,
953148,,,,,,,
106167,,,,,,,
952322,419.5,485.5,36.0,,,,
763736,381.5,137.5,28.0,,,,
1248859,,,,,,,
1275755,,,,,,,
509727,,,,,,,
422357,,,,,,,
668661,,,,,,,
1327609,427.5,78.5,44.0,,,,
834929,393.5,173.5,24.899999618530273,,,,
877051,385.5,448.5,37.70000076293945,,,,
962656,,,,,,,
948416,,,,,,,
1129100,,,,,,,
247544,,,,,,,
40246,,,,,,,
795402,410.5,339.5,39.20000076293945,,,,
949860,427.5,146.5,33.79999923706055,,,,
766720,224.5,539.5,24.299999237060547,,,,
862102,406.5,195.5,24.100000381469727,,,,
42150,,,,,,,
912057,190.5,232.5,31.100000381469727,,,,
349365,,,,,,,
898341,,,,,,,
866318,388.5,156.5,26.0,,,,
1035868,454.5,158.5,67.19999694824219,,,,
491483,,,,,,,
1053061,,,,,,,
320984,,,,,,,
1246385,,,,,,,
701474,370.5,352.5,32.70000076293945,,,,
420025,,,,,,,
964082,518.5,114.5,26.600000381469727,,,,
761973,168.5,533.5,21.600000381469727,,,,
1328843,,,,,,,
961924,,,,,,,
961110,434.5,20.5,26.700000762939453,,,,
845782,429.5,360.5,38.900001525878906,,,,
1129702,,,,,,,
261019,,,,,,,
826296,456.5,100.5,35.099998474121094,,,,
377127,,,,,,,
565991,398.5,268.5,54.20000076293945,,,,
1233589,,,,,,,
53521,,,,,,,
1036095,,,,,,,
198112,,,,,,,
1016884,66.5,140.5,17.799999237060547,,,,
949735,321.5,486.5,23.0,,,,
886231,283.5,75.5,36.400001525878906,,,,
1223535,,,,,,,
1000384,312.5,14.5,40.79999923706055,,,,
1131047,,,,,,,
630396,352.5,442.5,26.799999237060547,,,,
653936,,,,,,,
867299,436.5,498.5,26.299999237060547,,,,
1307278,344.5,208.5,21.700000762939453,,,,
733193,288.5,89.5,31.0,,,,
835636,,,,,,,
170567,,,,,,,
1141613,,,,,,,
1057521,229.5,115.5,30.799999237060547,,,,
1003757,,,,,,,
1007459,453.5,449.5,61.900001525878906,,,,
178555,,,,,,,
1082751,,,,,,,
804055,,,,,,,
274243,,,,,,,
1030922,,,,,,,
576576,449.5,149.5,44.400001525878906,,,,
847856,395.5,112.5,18.299999237060547,,,,
1216864,,,,,,,
581383,386.5,110.5,40.70000076293945,,,,
99368,,,,,,,
722957,360.5,220.5,30.5,,,,
490448,,,,,,,
796549,469.5,224.5,32.0,,,,
418157,,,,,,,
1000363,403.5,475.5,64.4000015258789,,,,
976790,439.5,228.5,60.5,,,,
1224151,,,,,,,
183942,,,,,,,
981314,310.5,107.5,41.900001525878906,,,,
884846,434.5,148.5,30.799999237060547,,,,
372848,,,,,,,
2771,,,,,,,
999478,,,,,,,
885164,281.5,396.5,32.29999923706055,,,,
65727,,,,,,,
900355,,,,,,,
151011,,,,,,,
377199,,,,,,,
676353,422.5,346.5,30.100000381469727,,,,
354502,,,,,,,
489659,,,,,,,
929561,207.5,383.5,42.0,,,,
720749,370.5,10.5,24.0,,,,
339520,,,,,,,
208172,,,,,,,
506160,,,,,,,
1346183,,,,,,,
106066,,,,,,,
888310,,,,,,,
774286,,,,,,,
1011789,361.5,135.5,27.299999237060547,,,,
860038,387.5,210.5,18.100000381469727,,,,
376899,,,,,,,
801647,381.5,363.5,47.70000076293945,,,,
1311138,,,,,,,
737812,380.5,333.5,47.20000076293945,,,,
1126508,,,,,,,
488532,,,,,,,
1059528,,,,,,,
568674,,,,,,,
576558,414.5,136.5,43.29999923706055,,,,
1000153,,,,,,,
1127235,,,,,,,
161324,,,,,,,
73729,,,,,,,
601043,,,,,,,
348949,,,,,,,
745399,,,,,,,
1055641,368.5,52.5,42.0,,,,
675553,340.5,482.5,34.29999923706055,,,,
143272,,,,,,,
966272,388.5,439.5,31.899999618530273,,,,
976602,,,,,,,
1129738,,,,,,,
1128271,,,,,,,
1172649,,,,,,,
1028425,,,,,,,
708131,455.5,354.5,53.20000076293945,,,,
734757,,,,,,,
320031,,,,,,,
788299,,,,,,,
884217,,,,,,,
558555,,,,,,,
546472,436.5,252.5,28.0,,,,
422127,,,,,,,
877371,375.5,462.5,35.099998474121094,,,,
544890,443.5,260.5,36.900001525878906,,,,
116121,,,,,,,
509398,,,,,,,
577468,417.5,138.5,39.400001525878906,,,,
421283,,,,,,,
785278,,,,,,,
326539,,,,,,,
155310,,,,,,,
1013777,431.5,142.5,22.700000762939453,,,,
985770,377.5,453.5,68.80000305175781,,,,
540454,,,,,,,
319562,,,,,,,
892466,478.5,464.5,29.899999618530273,,,,
373148,,,,,,,
645211,422.5,230.5,26.399999618530273,,,,
377104,,,,,,,
807301,358.5,245.5,30.5,,,,
883353,472.5,69.5,18.299999237060547,,,,
1255229,354.5,178.5,55.29999923706055,,,,
365750,,,,,,,
376767,,,,,,,
423355,,,,,,,
751404,437.5,293.5,47.400001525878906,,,,
498844,,,,,,,
567639,394.5,168.5,44.099998474121094,,,,
1170987,383.5,196.5,34.400001525878906,,,,
570845,403.5,146.5,44.29999923706055,,,,
931326,406.5,228.5,26.600000381469727,,,,
947039,402.5,85.5,18.5,,,,
701466,405.5,445.5,52.099998474121094,,,,
890864,,,,,,,
703971,391.5,443.5,34.900001525878906,,,,
376440,,,,,,,
1101324,387.5,13.5,26.799999237060547,,,,
1211611,391.5,139.5,40.20000076293945,,,,
584086,412.5,301.5,35.099998474121094,,,,
111871,,,,,,,
1129599,411.5,3.5,36.599998474121094,,,,
1248571,,,,,,,
228047,,,,,,,
1023700,633.5,196.5,28.899999618530273,,,,
215633,,,,,,,
367232,,,,,,,
699538,,,,,,,
926783,,,,,,,
207753,,,,,,,
1171467,,,,,,,
506180,,,,,,,
551890,403.5,139.5,47.099998474121094,,,,
319919,,,,,,,
684522,407.5,307.5,73.30000305175781,,,,
369784,,,,,,,
75149,,,,,,,
1020484,,,,,,,
1031410,,,,,,,
1101803,370.5,554.5,30.600000381469727,,,,
730940,578.5,530.5,18.799999237060547,,,,
1033489,,,,,,,
966233,394.5,173.5,31.0,,,,
944546,,,,,,,
890426,305.5,628.5,23.5,,,,
708290,389.5,297.5,45.20000076293945,,,,
1310146,,,,,,,
991222,361.5,438.5,63.20000076293945,,,,
1178589,,,,,,,
327196,,,,,,,
1231946,,,,,,,
1295288,,,,,,,
1073096,398.5,114.5,39.900001525878906,,,,
810216,380.5,236.5,30.100000381469727,,,,
707600,,,,,,,
934864,674.5,196.5,32.900001525878906,,,,
449407,,,,,,,
1303977,339.5,46.5,30.0,,,,
891471,622.5,576.5,21.799999237060547,,,,
1077694,,,,,,,
663511,359.5,471.5,21.0,,,,
854098,443.5,423.5,27.5,,,,
334205,,,,,,,
206247,,,,,,,
133660,,,,,,,
804416,,,,,,,
472686,,,,,,,
175505,,,,,,,
460429,,,,,,,
182114,,,,,,,
1229699,,,,,,,
917360,390.5,445.5,38.400001525878906,,,,
300788,,,,,,,
534442,,,,,,,
956864,,,,,,,
1328959,,,,,,,
888795,361.5,40.5,26.399999618530273,,,,
853303,413.5,90.5,31.799999237060547,,,,
453767,,,,,,,
1053917,389.5,470.5,34.0,,,,
421991,,,,,,,
707186,,,,,,,
169071,,,,,,,
159493,,,,,,,
738424,571.5,464.5,24.600000381469727,,,,
365605,,,,,,,
1306806,267.5,492.5,24.600000381469727,,,,
595759,419.5,137.5,37.099998474121094,,,,
776023,396.5,343.5,47.0,,,,
587182,373.5,185.5,39.79999923706055,,,,
773311,,,,,,,
1130203,465.5,9.5,36.599998474121094,,,,
1203453,415.5,170.5,47.79999923706055,,,,
469271,,,,,,,
313896,,,,,,,
350345,,,,,,,
132658,,,,,,,
134129,,,,,,,
782752,401.5,487.5,28.799999237060547,,,,
24419,,,,,,,
69447,,,,,,,
134464,,,,,,,
626490,396.5,70.5,31.399999618530273,,,,
1205735,,,,,,,
97627,,,,,,,
83221,,,,,,,
63823,,,,,,,
460233,,,,,,,
1298405,,,,,,,
1221608,,,,,,,
15456,,,,,,,
449742,,,,,,,
972233,320.5,275.5,46.29999923706055,,,,
55729,,,,,,,
1233423,,,,,,,
934895,577.5,505.5,28.600000381469727,,,,
730134,361.5,128.5,31.100000381469727,,,,
259939,,,,,,,
561860,,,,,,,
664440,,,,,,,
1097671,390.5,279.5,47.0,,,,
974378,,,,,,,
535852,,,,,,,
132009,,,,,,,
532415,,,,,,,
206166,,,,,,,
810520,401.5,478.5,20.200000762939453,,,,
531762,,,,,,,
914269,392.5,412.5,31.100000381469727,,,,
452310,,,,,,,
792881,426.5,346.5,36.0,,,,
585449,372.5,155.5,43.0,,,,
101123,,,,,,,
255292,,,,,,,
798232,422.5,250.5,25.0,,,,
473458,,,,,,,
531823,,,,,,,
333604,,,,,,,
81722,,,,,,,
453729,,,,,,,
908378,260.5,197.5,26.700000762939453,,,,
1224939,,,,,,,
1324513,,,,,,,
1107690,390.5,135.5,21.700000762939453,,,,
1075679,,,,,,,
451909,,,,,,,
449099,,,,,,,
1143784,,,,,,,
824897,422.5,320.5,49.599998474121094,,,,
128480,,,,,,,
471490,,,,,,,
557938,,,,,,,
1201208,,,,,,,
253487,,,,,,,
1195584,347.5,183.5,38.5,,,,
812855,379.5,385.5,25.700000762939453,,,,
107926,,,,,,,
470561,,,,,,,
365389,,,,,,,
77964,,,,,,,
814745,423.5,70.5,23.0,,,,
729396,475.5,554.5,22.399999618530273,,,,
697587,462.5,308.5,40.0,,,,
124331,,,,,,,
465842,,,,,,,
7581,,,,,,,
334195,,,,,,,
240427,,,,,,,
253357,,,,,,,
852825,396.5,392.5,34.599998474121094,,,,
110549,,,,,,,
284619,,,,,,,
962544,322.5,140.5,29.899999618530273,,,,
218073,,,,,,,
469348,,,,,,,
252404,,,,,,,
1338051,382.5,411.5,39.0,,,,
969232,341.5,106.5,32.400001525878906,,,,
1075383,,,,,,,
1205741,,,,,,,
461662,,,,,,,
1054493,423.5,365.5,46.29999923706055,,,,
81986,,,,,,,
702655,375.5,259.5,59.900001525878906,,,,
424309,,,,,,,
860815,410.5,439.5,24.100000381469727,,,,
1185358,442.5,157.5,44.0,,,,
275874,,,,,,,
1159718,427.5,3.5,36.599998474121094,,,,
220584,,,,,,,
117755,,,,,,,
423489,,,,,,,
844965,403.5,353.5,42.70000076293945,,,,
535512,,,,,,,
27185,,,,,,,
951800,417.5,101.5,21.799999237060547,,,,
879430,,,,,,,
475141,,,,,,,
473454,,,,,,,
451751,,,,,,,
332240,,,,,,,
1201319,,,,,,,
454550,,,,,,,
823253,513.5,168.5,47.099998474121094,,,,
1342536,409.5,458.5,36.900001525878906,,,,
545557,,,,,,,
466174,,,,,,,
220104,,,,,,,
460130,,,,,,,
193706,,,,,,,
899225,372.5,375.5,27.899999618530273,,,,
727318,400.5,549.5,32.099998474121094,,,,
449103,,,,,,,
363947,,,,,,,
312677,,,,,,,
975243,402.5,343.5,43.599998474121094,,,,
96838,,,,,,,
1339843,400.5,429.5,35.79999923706055,,,,
571134,442.5,153.5,38.5,,,,
433446,,,,,,,
429547,,,,,,,
1205660,,,,,,,
256021,,,,,,,
695943,,,,,,,
2264,,,,,,,
166821,,,,,,,
105313,,,,,,,
1305005,413.5,163.5,28.899999618530273,,,,
589966,370.5,282.5,31.600000381469727,,,,
400779,,,,,,,
654839,567.5,149.5,26.799999237060547,,,,
249576,,,,,,,
900969,443.5,258.5,43.79999923706055,,,,
362990,,,,,,,
1110082,,,,,,,
128859,,,,,,,
1158102,376.5,133.5,46.0,,,,
1296931,,,,,,,
534996,,,,,,,
1204742,,,,,,,
702354,,,,,,,
535978,,,,,,,
655115,544.5,153.5,32.20000076293945,,,,
566484,389.5,197.5,38.599998474121094,,,,
164826,,,,,,,
315333,,,,,,,
422773,,,,,,,
546686,,,,,,,
1298370,,,,,,,
854240,387.5,307.5,44.900001525878906,,,,
682469,366.5,447.5,43.29999923706055,,,,
1335623,410.5,442.5,39.70000076293945,,,,
756265,,,,,,,
55498,,,,,,,
608281,387.5,261.5,38.29999923706055,,,,
71513,,,,,,,
167573,,,,,,,
537570,400.5,194.5,35.20000076293945,,,,
211788,,,,,,,
997214,175.5,239.5,25.100000381469727,,,,
696117,399.5,507.5,26.799999237060547,,,,
1157884,,,,,,,
722195,376.5,520.5,31.299999237060547,,,,
196831,,,,,,,
1181501,,,,,,,
253647,,,,,,,
581278,378.5,155.5,40.900001525878906,,,,
175579,,,,,,,
532932,,,,,,,
41685,,,,,,,
544379,370.5,215.5,37.20000076293945,,,,
837292,404.5,196.5,28.0,,,,
51475,,,,,,,
452554,,,,,,,
1254149,,,,,,,
361817,,,,,,,
905430,425.5,549.5,33.79999923706055,,,,
167418,,,,,,,
1290477,,,,,,,
1254888,,,,,,,
197286,,,,,,,
888195,355.5,110.5,36.20000076293945,,,,
602895,,,,,,,
1319757,432.5,432.5,46.79999923706055,,,,
1073844,432.5,171.5,67.80000305175781,,,,
461125,,,,,,,
783233,386.5,435.5,34.599998474121094,,,,
565865,380.5,294.5,41.20000076293945,,,,
1291068,,,,,,,
1253666,,,,,,,
213565,,,,,,,
1071185,,,,,,,
1299214,,,,,,,
182541,,,,,,,
1333669,391.5,452.5,41.599998474121094,,,,
897382,,,,,,,
749354,323.5,178.5,30.5,,,,
1328305,,,,,,,
1336213,337.5,347.5,44.400001525878906,,,,
696130,,,,,,,
60191,,,,,,,
1118315,364.5,18.5,33.79999923706055,,,,
122436,,,,,,,
861126,404.5,250.5,61.400001525878906,,,,
1295366,,,,,,,
361841,,,,,,,
85284,,,,,,,
627387,406.5,432.5,38.0,,,,
240334,,,,,,,
916590,419.5,145.5,35.70000076293945,,,,
933679,,,,,,,
1200973,,,,,,,
358899,,,,,,,
1206643,,,,,,,
474527,,,,,,,
260189,,,,,,,
968857,426.5,165.5,25.399999618530273,,,,
981795,344.5,338.5,40.70000076293945,,,,
1073534,392.5,168.5,45.20000076293945,,,,
103677,,,,,,,
718126,356.5,9.5,29.5,,,,
533362,,,,,,,
222809,,,,,,,
428966,,,,,,,
278821,,,,,,,
936256,378.5,484.5,40.79999923706055,,,,
461035,,,,,,,
1018871,388.5,265.5,26.0,,,,
1202654,,,,,,,
535746,,,,,,,
776592,397.5,202.5,47.400001525878906,,,,
245455,,,,,,,
70527,,,,,,,
744227,,,,,,,
932527,,,,,,,
537010,,,,,,,
812345,,,,,,,
1077164,,,,,,,
458270,,,,,,,
570512,,,,,,,
275543,,,,,,,
468053,,,,,,,
581242,391.5,138.5,43.29999923706055,,,,
152194,,,,,,,
797803,381.5,277.5,43.5,,,,
516031,,,,,,,
264232,,,,,,,
1253433,,,,,,,
279229,,,,,,,
624205,,,,,,,
100662,,,,,,,
465883,,,,,,,
1233449,,,,,,,
791294,400.5,236.5,50.400001525878906,,,,
1072240,391.5,3.5,43.5,,,,
1202395,,,,,,,
1244258,,,,,,,
852725,393.5,431.5,25.700000762939453,,,,
1105574,,,,,,,
1310986,,,,,,,
905501,,,,,,,
649850,397.5,328.5,26.0,,,,
1101540,346.5,104.5,24.399999618530273,,,,
222836,,,,,,,
738022,,,,,,,
459130,,,,,,,
705886,393.5,443.5,38.900001525878906,,,,
363637,,,,,,,
474556,,,,,,,
746469,369.5,338.5,47.900001525878906,,,,
459822,,,,,,,
457939,,,,,,,
1142694,569.5,179.5,31.100000381469727,,,,
535434,,,,,,,
1072936,423.5,229.5,33.20000076293945,,,,
935906,,,,,,,
534895,,,,,,,
535823,,,,,,,
750122,428.5,360.5,39.099998474121094,,,,
889498,437.5,505.5,34.900001525878906,,,,
913588,431.5,395.5,43.400001525878906,,,,
471631,,,,,,,
1052210,437.5,351.5,39.900001525878906,,,,
1077317,,,,,,,
627185,393.5,565.5,31.299999237060547,,,,
533465,,,,,,,
1222892,,,,,,,
332041,,,,,,,
1096171,393.5,370.5,47.79999923706055,,,,
569632,355.5,175.5,38.599998474121094,,,,
133647,,,,,,,
358391,,,,,,,
1050950,445.5,315.5,41.099998474121094,,,,
475096,,,,,,,
1333531,444.5,421.5,34.099998474121094,,,,
594254,350.5,160.5,43.29999923706055,,,,
183581,,,,,,,
175425,,,,,,,
466048,,,,,,,
647246,395.5,81.5,43.5,,,,
1071658,,,,,,,
527754,,,,,,,
419444,,,,,,,
651886,,,,,,,
919020,574.5,483.5,30.600000381469727,,,,
453886,,,,,,,
467000,,,,,,,
588126,393.5,406.5,35.400001525878906,,,,
175465,,,,,,,
1072485,,,,,,,
361022,,,,,,,
590806,,,,,,,
252764,,,,,,,
1040354,,,,,,,
78599,,,,,,,
133374,,,,,,,
534379,,,,,,,
218150,,,,,,,
1297670,,,,,,,
117660,,,,,,,
1336088,408.5,447.5,38.599998474121094,,,,
227741,,,,,,,
723981,,,,,,,
350100,,,,,,,
182557,,,,,,,
707614,387.5,410.5,35.79999923706055,,,,
1004518,369.5,215.5,27.5,,,,
183885,,,,,,,
1205960,420.5,226.5,43.400001525878906,,,,
692773,417.5,294.5,45.400001525878906,,,,
222720,,,,,,,
534561,,,,,,,
1158133,,,,,,,
1152564,379.5,439.5,31.100000381469727,,,,
645557,363.5,402.5,23.899999618530273,,,,
474429,,,,,,,
1105529,348.5,48.5,24.600000381469727,,,,
470566,,,,,,,
279114,,,,,,,
531835,,,,,,,
1253808,,,,,,,
1173204,,,,,,,
421520,,,,,,,
422971,,,,,,,
460529,,,,,,,
534729,,,,,,,
588350,404.5,385.5,50.099998474121094,,,,
453576,,,,,,,
860207,410.5,146.5,17.0,,,,
955813,,,,,,,
452222,,,,,,,
569452,,,,,,,
783080,,,,,,,
533749,,,,,,,
987298,409.5,486.5,39.900001525878906,,,,
447210,,,,,,,
159972,,,,,,,
649372,464.5,176.5,31.0,,,,
469732,,,,,,,
562659,358.5,174.5,38.79999923706055,,,,
878934,,,,,,,
46777,,,,,,,
947331,379.5,122.5,22.5,,,,
196030,,,,,,,
1285296,420.5,542.5,33.29999923706055,,,,
79573,,,,,,,
100632,,,,,,,
1060000,350.5,450.5,25.200000762939453,,,,
37230,,,,,,,
1137945,353.5,409.5,40.900001525878906,,,,
1319926,410.5,327.5,45.099998474121094,,,,
447524,,,,,,,
968849,385.5,67.5,31.799999237060547,,,,
869711,408.5,480.5,34.400001525878906,,,,
985917,433.5,290.5,48.0,,,,
822962,403.5,259.5,47.0,,,,
896292,,,,,,,
1017237,366.5,27.5,26.799999237060547,,,,
1207249,,,,,,,
74213,,,,,,,
896235,420.5,451.5,34.20000076293945,,,,
1241284,,,,,,,
812161,375.5,427.5,30.799999237060547,,,,
292062,,,,,,,
467976,,,,,,,
219011,,,,,,,
262049,,,,,,,
472052,,,,,,,
904548,367.5,247.5,50.400001525878906,,,,
167285,,,,,,,
1202563,,,,,,,
1159030,,,,,,,
796892,427.5,216.5,30.0,,,,
428656,,,,,,,
167143,,,,,,,
1201614,,,,,,,
447097,,,,,,,
899163,403.5,315.5,40.5,,,,
1204401,,,,,,,
693719,421.5,444.5,33.79999923706055,,,,
1150939,407.5,125.5,20.200000762939453,,,,
116850,,,,,,,
761592,481.5,148.5,29.100000381469727,,,,
332127,,,,,,,
184299,,,,,,,
818048,444.5,397.5,37.29999923706055,,,,
815000,381.5,113.5,18.299999237060547,,,,
534972,,,,,,,
1202156,,,,,,,
1199913,,,,,,,
265245,,,,,,,
291962,,,,,,,
306589,,,,,,,
1076668,,,,,,,
1332887,418.5,397.5,47.400001525878906,,,,
686935,471.5,342.5,47.79999923706055,,,,
852766,,,,,,,
966385,429.5,185.5,22.799999237060547,,,,
429360,,,,,,,
1137062,392.5,355.5,59.70000076293945,,,,
1008702,398.5,459.5,55.5,,,,
876947,,,,,,,
567448,399.5,151.5,38.79999923706055,,,,
1171636,314.5,179.5,52.79999923706055,,,,
1150744,398.5,85.5,21.0,,,,
1286215,410.5,279.5,25.200000762939453,,,,
449539,,,,,,,
1286523,366.5,202.5,30.200000762939453,,,,
221072,,,,,,,
42205,,,,,,,
292691,,,,,,,
1077226,,,,,,,
969824,,,,,,,
45253,,,,,,,
1253792,,,,,,,
772926,239.5,68.5,24.799999237060547,,,,
454922,,,,,,,
535280,,,,,,,
246864,,,,,,,
149109,,,,,,,
753324,,,,,,,
569890,452.5,140.5,46.70000076293945,,,,
261313,,,,,,,
333796,,,,,,,
913930,,,,,,,
221586,,,,,,,
988957,396.5,159.5,19.399999618530273,,,,
1079438,408.5,130.5,44.0,,,,
8114,,,,,,,
334967,,,,,,,
1338018,418.5,460.5,37.70000076293945,,,,
903346,429.5,4.5,18.0,,,,
1202099,,,,,,,
1285305,448.5,98.5,21.0,,,,
1291468,386.5,211.5,28.899999618530273,,,,
459182,,,,,,,
166465,,,,,,,
297538,,,,,,,
446590,,,,,,,
1240756,,,,,,,
175141,,,,,,,
222488,,,,,,,
164468,,,,,,,
1206287,,,,,,,
311471,,,,,,,
976218,,,,,,,
535094,,,,,,,
815326,452.5,277.5,20.200000762939453,,,,
1319676,371.5,403.5,46.099998474121094,,,,
194541,,,,,,,
450484,,,,,,,
1240495,,,,,,,
1335639,391.5,415.5,40.5,,,,
233293,,,,,,,
971672,,,,,,,
176044,,,,,,,
331757,,,,,,,
267525,,,,,,,
579177,,,,,,,
131091,,,,,,,
533393,,,,,,,
239737,,,,,,,
298115,,,,,,,
989737,408.5,198.5,38.20000076293945,,,,
590647,357.5,287.5,39.29999923706055,,,,
861566,399.5,95.5,21.399999618530273,,,,
581187,335.5,133.5,40.099998474121094,,,,
994477,427.5,314.5,47.900001525878906,,,,
1076553,,,,,,,
1306393,362.5,68.5,23.799999237060547,,,,
223066,,,,,,,
85898,,,,,,,
895560,403.5,559.5,27.5,,,,
470552,,,,,,,
1203062,,,,,,,
660837,,,,,,,
98277,,,,,,,
429438,,,,,,,
1203265,,,,,,,
1325624,,,,,,,
989193,327.5,445.5,39.400001525878906,,,,
1200071,,,,,,,
693257,418.5,373.5,40.900001525878906,,,,
116304,,,,,,,
1159014,,,,,,,
682737,418.5,400.5,18.200000762939453,,,,
293096,,,,,,,
1202756,,,,,,,
890229,423.5,30.5,23.899999618530273,,,,
221244,,,,,,,
722584,387.5,254.5,37.900001525878906,,,,
428907,,,,,,,
313502,,,,,,,
189877,,,,,,,
130976,,,,,,,
917969,376.5,131.5,13.199999809265137,,,,
827500,293.5,146.5,30.299999237060547,,,,
1293589,421.5,512.5,36.0,,,,
1106803,225.5,178.5,35.900001525878906,,,,
899675,,,,,,,
430497,,,,,,,
1097650,,,,,,,
664930,360.5,568.5,15.5,,,,
834094,422.5,133.5,19.899999618530273,,,,
472770,,,,,,,
132710,,,,,,,
461640,,,,,,,
450358,,,,,,,
467676,,,,,,,
45918,,,,,,,
1316327,437.5,433.5,42.20000076293945,,,,
222544,,,,,,,
971225,,,,,,,
452646,,,,,,,
1224965,,,,,,,
509808,,,,,,,
47193,,,,,,,
818949,361.5,375.5,38.29999923706055,,,,
998903,,,,,,,
771942,366.5,266.5,41.400001525878906,,,,
469372,,,,,,,
743554,396.5,346.5,34.400001525878906,,,,
151995,,,,,,,
834114,,,,,,,
255426,,,,,,,
836710,,,,,,,
1020153,379.5,53.5,26.600000381469727,,,,
1016174,421.5,465.5,44.599998474121094,,,,
43479,,,,,,,
1202302,,,,,,,
871564,454.5,440.5,36.900001525878906,,,,
917976,433.5,144.5,18.799999237060547,,,,
537087,408.5,157.5,18.799999237060547,,,,
193750,,,,,,,
114940,,,,,,,
218797,,,,,,,
561513,,,,,,,
447627,,,,,,,
87281,,,,,,,
246889,,,,,,,
1206283,,,,,,,
574879,366.5,111.5,43.5,,,,
629726,434.5,161.5,30.5,,,,
57120,,,,,,,
457586,,,,,,,
471910,,,,,,,
1129238,427.5,116.5,44.900001525878906,,,,
552584,,,,,,,
941082,401.5,376.5,40.0,,,,
739985,355.5,21.5,62.79999923706055,,,,
1108540,453.5,180.5,30.700000762939453,,,,
771959,393.5,261.5,36.599998474121094,,,,
169258,,,,,,,
452078,,,,,,,
1012096,,,,,,,
1111109,384.5,3.5,28.5,,,,
877434,406.5,312.5,32.099998474121094,,,,
313586,,,,,,,
18573,,,,,,,
34308,,,,,,,
1056078,370.5,4.5,25.799999237060547,,,,
1299127,,,,,,,
468206,,,,,,,
194315,,,,,,,
451951,,,,,,,
660751,,,,,,,
1072404,367.5,190.5,36.79999923706055,,,,
685210,434.5,341.5,56.400001525878906,,,,
696014,,,,,,,
97849,,,,,,,
572643,456.5,143.5,36.400001525878906,,,,
532604,,,,,,,
466437,,,,,,,
1284454,,,,,,,
1329219,,,,,,,
985597,387.5,3.5,19.600000381469727,,,,
55912,,,,,,,
1341404,424.5,358.5,39.29999923706055,,,,
12098,,,,,,,
892858,253.5,426.5,30.5,,,,
264370,,,,,,,
1206190,,,,,,,
810699,387.5,98.5,15.199999809265137,,,,
830132,,,,,,,
292334,,,,,,,
828590,353.5,237.5,30.899999618530273,,,,
937593,549.5,487.5,28.600000381469727,,,,
649469,612.5,197.5,27.5,,,,
516300,,,,,,,
73943,,,,,,,
303533,,,,,,,
83818,,,,,,,
466039,,,,,,,
2024,,,,,,,
972217,,,,,,,
83890,,,,,,,
922384,448.5,90.5,22.200000762939453,,,,
121543,,,,,,,
561795,308.5,287.5,31.399999618530273,,,,
580383,363.5,152.5,41.900001525878906,,,,
159711,,,,,,,
453586,,,,,,,
675457,391.5,451.5,39.099998474121094,,,,
1203419,,,,,,,
423077,,,,,,,
64059,,,,,,,
460125,,,,,,,
450589,,,,,,,
1284862,,,,,,,
428712,,,,,,,
567842,,,,,,,
430389,,,,,,,
756186,,,,,,,
662298,460.5,329.5,34.900001525878906,,,,
1120112,452.5,243.5,30.799999237060547,,,,
724015,456.5,320.5,43.0,,,,
1099563,485.5,282.5,46.70000076293945,,,,
1368,,,,,,,
271648,,,,,,,
471142,,,,,,,
272903,,,,,,,
1339489,410.5,388.5,38.0,,,,
35637,,,,,,,
1077451,,,,,,,
359335,,,,,,,
460083,,,,,,,
137871,,,,,,,
1022420,229.5,100.5,35.900001525878906,,,,
574597,414.5,148.5,45.20000076293945,,,,
1073687,424.5,3.5,38.400001525878906,,,,
167904,,,,,,,
874493,631.5,269.5,24.600000381469727,,,,
453645,,,,,,,
419912,,,,,,,
788692,360.5,404.5,32.20000076293945,,,,
534512,,,,,,,
313778,,,,,,,
722650,390.5,286.5,47.900001525878906,,,,
1059139,,,,,,,
1176325,355.5,214.5,71.30000305175781,,,,
149026,,,,,,,
916977,409.5,145.5,18.799999237060547,,,,
159566,,,,,,,
448303,,,,,,,
932461,,,,,,,
216911,,,,,,,
176042,,,,,,,
830454,561.5,151.5,29.899999618530273,,,,
59127,,,,,,,
986966,,,,,,,
358998,,,,,,,
1072916,334.5,7.5,62.20000076293945,,,,
63348,,,,,,,
554086,385.5,191.5,42.0,,,,
1072945,542.5,144.5,48.29999923706055,,,,
863349,,,,,,,
448465,,,,,,,
272624,,,,,,,
221151,,,,,,,
531531,,,,,,,
451380,,,,,,,
551452,428.5,140.5,47.900001525878906,,,,
448235,,,,,,,
1335625,404.5,438.5,35.79999923706055,,,,
738347,393.5,128.5,27.100000381469727,,,,
441294,,,,,,,
824622,395.5,170.5,30.200000762939453,,,,
797088,408.5,217.5,32.20000076293945,,,,
348408,,,,,,,
1241148,,,,,,,
423078,,,,,,,
649893,375.5,543.5,25.100000381469727,,,,
89998,,,,,,,
775881,,,,,,,
1057848,525.5,460.5,26.600000381469727,,,,
214286,,,,,,,
781486,340.5,292.5,40.5,,,,
721249,393.5,72.5,31.5,,,,
120562,,,,,,,
195823,,,,,,,
588201,390.5,407.5,36.5,,,,
1200661,,,,,,,
330571,,,,,,,
142046,,,,,,,
1265380,,,,,,,
1212308,,,,,,,
282381,,,,,,,
1231966,,,,,,,
357785,,,,,,,
317803,,,,,,,
708963,,,,,,,
185079,,,,,,,
257141,,,,,,,
357399,,,,,,,
89645,,,,,,,
202900,,,,,,,
281396,,,,,,,
66279,,,,,,,
140695,,,,,,,
295098,,,,,,,
1133475,,,,,,,
1208352,,,,,,,
1207693,,,,,,,
1134501,,,,,,,
765777,,,,,,,
20780,,,,,,,
55262,,,,,,,
239056,385.5,4.5,17.299999237060547,,,,
296388,,,,,,,
425930,,,,,,,
1264276,,,,,,,
727158,,,,,,,
1292661,,,,,,,
1207378,,,,,,,
1258931,,,,,,,
926948,,,,,,,
240523,,,,,,,
962969,,,,,,,
519273,,,,,,,
9723,,,,,,,
283602,,,,,,,
1100669,,,,,,,
125264,,,,,,,
226210,,,,,,,
356189,,,,,,,
1006646,,,,,,,
904760,,,,,,,
1132705,,,,,,,
330374,,,,,,,
1271346,,,,,,,
17320,,,,,,,
742306,,,,,,,
230555,,,,,,,
953760,,,,,,,
505089,,,,,,,
259091,,,,,,,
1134669,,,,,,,
1346127,,,,,,,
830701,,,,,,,
1100458,,,,,,,
924740,,,,,,,
517715,,,,,,,
288670,,,,,,,
538610,,,,,,,
950135,,,,,,,
933790,,,,,,,
425729,,,,,,,
60734,,,,,,,
1250092,,,,,,,
305228,,,,,,,
506968,,,,,,,
676976,,,,,,,
18886,,,,,,,
747539,,,,,,,
337704,,,,,,,
1262262,,,,,,,
430601,,,,,,,
1207161,,,,,,,
102325,,,,,,,
80485,,,,,,,
200889,,,,,,,
494233,,,,,,,
25296,,,,,,,
414388,,,,,,,
493532,,,,,,,
329737,,,,,,,
521840,,,,,,,
729677,,,,,,,
120664,,,,,,,
134811,,,,,,,
364523,,,,,,,
1079188,,,,,,,
424663,,,,,,,
81481,,,,,,,
939040,,,,,,,
427855,,,,,,,
296568,,,,,,,
326069,,,,,,,
520103,,,,,,,
301677,,,,,,,
296938,,,,,,,
155800,,,,,,,
258636,,,,,,,
984872,,,,,,,
92150,,,,,,,
258691,,,,,,,
329081,,,,,,,
1061240,,,,,,,
1283280,,,,,,,
336342,,,,,,,
9760,,,,,,,
754661,,,,,,,
1209284,,,,,,,
521633,,,,,,,
828788,,,,,,,
152023,,,,,,,
687305,,,,,,,
1061341,,,,,,,
496898,,,,,,,
998432,,,,,,,
309336,,,,,,,
1213258,,,,,,,
1258948,,,,,,,
646833,,,,,,,
25510,,,,,,,
21913,,,,,,,
1272970,,,,,,,
1086291,,,,,,,
239194,,,,,,,
1213922,,,,,,,
427500,,,,,,,
1135531,,,,,,,
308288,,,,,,,
1243708,,,,,,,
1134891,,,,,,,
46295,,,,,,,
1269820,,,,,,,
742390,,,,,,,
1231664,,,,,,,
519037,,,,,,,
1345790,,,,,,,
226193,,,,,,,
1257531,,,,,,,
18234,,,,,,,
356048,,,,,,,
502006,212.5,571.5,15.800000190734863,,,,
1223856,,,,,,,
284104,,,,,,,
1200119,,,,,,,
291687,,,,,,,
103866,,,,,,,
901425,,,,,,,
139035,,,,,,,
1223816,,,,,,,
72883,,,,,,,
222106,,,,,,,
960048,,,,,,,
1346302,,,,,,,
22473,,,,,,,
1236353,,,,,,,
157414,,,,,,,
1209074,,,,,,,
957379,,,,,,,
1208417,,,,,,,
424608,,,,,,,
155679,,,,,,,
1272811,,,,,,,
331026,,,,,,,
345227,,,,,,,
344550,,,,,,,
1052238,,,,,,,
156537,,,,,,,
497703,,,,,,,
305734,,,,,,,
877973,,,,,,,
213696,,,,,,,
25276,,,,,,,
872980,,,,,,,
318994,,,,,,,
962067,,,,,,,
222060,,,,,,,
426062,,,,,,,
362505,,,,,,,
140492,,,,,,,
155434,,,,,,,
297183,,,,,,,
1082475,,,,,,,
153153,,,,,,,
735867,,,,,,,
1249174,,,,,,,
1210208,,,,,,,
155827,,,,,,,
1259814,,,,,,,
688745,,,,,,,
305133,,,,,,,
1164781,,,,,,,
41501,,,,,,,
426119,,,,,,,
345344,,,,,,,
9843,,,,,,,
140766,,,,,,,
330586,,,,,,,
1257044,,,,,,,
1262530,,,,,,,
1133806,,,,,,,
23100,,,,,,,
956837,,,,,,,
1265313,,,,,,,
521719,,,,,,,
295854,,,,,,,
1136910,,,,,,,
1264561,,,,,,,
1089083,,,,,,,
249063,,,,,,,
1269395,,,,,,,
301136,,,,,,,
204404,,,,,,,
1249619,,,,,,,
1339757,,,,,,,
772823,,,,,,,
1086064,,,,,,,
19932,,,,,,,
518739,,,,,,,
1184411,,,,,,,
769432,,,,,,,
1139991,,,,,,,
231556,,,,,,,
159069,,,,,,,
301641,,,,,,,
1151688,,,,,,,
1088664,,,,,,,
281336,,,,,,,
767324,,,,,,,
1256959,,,,,,,
140066,,,,,,,
1134311,,,,,,,
342103,,,,,,,
123691,,,,,,,
18296,,,,,,,
225373,,,,,,,
1314973,,,,,,,
317704,,,,,,,
710160,,,,,,,
1136681,,,,,,,
1217821,,,,,,,
282238,,,,,,,
18998,,,,,,,
1265381,,,,,,,
282411,,,,,,,
929425,,,,,,,
8834,,,,,,,
710049,,,,,,,
1262252,,,,,,,
724157,,,,,,,
22418,,,,,,,
1133719,,,,,,,
295772,,,,,,,
204144,,,,,,,
424792,,,,,,,
203859,,,,,,,
1207189,,,,,,,
1208544,,,,,,,
1269768,,,,,,,
331006,,,,,,,
1265002,,,,,,,
22131,,,,,,,
15668,,,,,,,
1100298,,,,,,,
426492,,,,,,,
140720,,,,,,,
20240,,,,,,,
1109011,,,,,,,
230923,,,,,,,
1213455,,,,,,,
312048,,,,,,,
323350,,,,,,,
1257970,,,,,,,
887898,,,,,,,
135394,,,,,,,
517965,,,,,,,
23929,,,,,,,
1263357,,,,,,,
830591,,,,,,,
816949,,,,,,,
843270,,,,,,,
648110,,,,,,,
1006540,,,,,,,
270171,,,,,,,
1017616,,,,,,,
103670,,,,,,,
263183,,,,,,,
8302,,,,,,,
1082559,,,,,,,
518611,,,,,,,
824567,,,,,,,
327603,,,,,,,
9606,,,,,,,
1231839,,,,,,,
87839,,,,,,,
22569,,,,,,,
1160059,,,,,,,
408551,,,,,,,
205150,,,,,,,
265759,,,,,,,
1215034,,,,,,,
505260,,,,,,,
196436,,,,,,,
1216634,,,,,,,
1207494,,,,,,,
90490,,,,,,,
58790,,,,,,,
296302,,,,,,,
330819,,,,,,,
1214016,,,,,,,
505984,,,,,,,
1163161,,,,,,,
794689,,,,,,,
827135,,,,,,,
315852,,,,,,,
1160776,,,,,,,
998854,,,,,,,
18087,,,,,,,
404904,,,,,,,
154164,,,,,,,
364714,,,,,,,
982258,,,,,,,
1272711,,,,,,,
1265400,,,,,,,
1346312,,,,,,,
430282,,,,,,,
894964,,,,,,,
498610,,,,,,,
10658,,,,,,,
158585,,,,,,,
1257799,,,,,,,
962055,,,,,,,
135648,,,,,,,
1090894,,,,,,,
1217930,,,,,,,
964685,,,,,,,
1261164,,,,,,,
280735,,,,,,,
1268657,,,,,,,
343030,,,,,,,
1262210,,,,,,,
296278,,,,,,,
357601,,,,,,,
628567,,,,,,,
1266515,,,,,,,
1257150,,,,,,,
1210369,,,,,,,
155502,,,,,,,
159416,,,,,,,
1258043,,,,,,,
956436,,,,,,,
120130,,,,,,,
1164324,,,,,,,
357319,,,,,,,
309145,,,,,,,
203526,,,,,,,
755684,324.5,417.5,34.70000076293945,,,,
291167,,,,,,,
504150,,,,,,,
1217267,,,,,,,
102991,,,,,,,
258864,,,,,,,
889180,,,,,,,
499541,,,,,,,
898563,,,,,,,
231204,,,,,,,
1294098,,,,,,,
1215323,,,,,,,
9718,,,,,,,
152754,,,,,,,
1213321,,,,,,,
1149731,,,,,,,
161948,,,,,,,
750349,,,,,,,
1270582,,,,,,,
212317,,,,,,,
87955,,,,,,,
1283767,,,,,,,
770405,,,,,,,
1249266,,,,,,,
1225177,,,,,,,
10679,,,,,,,
205220,,,,,,,
312467,,,,,,,
1135750,,,,,,,
19752,,,,,,,
1259497,,,,,,,
343600,,,,,,,
99215,,,,,,,
153527,,,,,,,
427878,,,,,,,
1250142,,,,,,,
1239701,,,,,,,
161487,,,,,,,
331924,,,,,,,
359112,,,,,,,
231294,,,,,,,
328306,,,,,,,
103668,,,,,,,
1211908,,,,,,,
8912,,,,,,,
25449,,,,,,,
27466,,,,,,,
1261530,,,,,,,
500899,,,,,,,
1216537,,,,,,,
921373,,,,,,,
245154,,,,,,,
21733,,,,,,,
1096482,,,,,,,
923075,,,,,,,
342914,,,,,,,
230192,,,,,,,
1133859,,,,,,,
340146,,,,,,,
1272276,,,,,,,
522396,,,,,,,
843271,,,,,,,
1211389,,,,,,,
281090,,,,,,,
20734,,,,,,,
296879,,,,,,,
498936,,,,,,,
1083989,,,,,,,
19455,,,,,,,
315628,,,,,,,
346120,,,,,,,
1215165,,,,,,,
140781,,,,,,,
1258507,,,,,,,
85003,,,,,,,
246777,,,,,,,
1269212,,,,,,,
21700,,,,,,,
315559,,,,,,,
330846,,,,,,,
217106,,,,,,,
335364,,,,,,,
212861,,,,,,,
283074,,,,,,,
158398,,,,,,,
1131765,,,,,,,
103198,,,,,,,
18936,,,,,,,
517257,,,,,,,
282541,,,,,,,
127010,,,,,,,
1273042,,,,,,,
962034,,,,,,,
519699,,,,,,,
1085615,,,,,,,
498694,,,,,,,
520229,,,,,,,
345284,,,,,,,
237933,,,,,,,
928585,,,,,,,
362100,,,,,,,
1274191,,,,,,,
1078462,,,,,,,
1041178,,,,,,,
280614,,,,,,,
226376,,,,,,,
1160241,,,,,,,
966486,,,,,,,
138484,,,,,,,
22923,,,,,,,
328786,,,,,,,
200415,,,,,,,
139692,,,,,,,
424742,,,,,,,
330342,,,,,,,
344544,,,,,,,
63137,,,,,,,
1257016,,,,,,,
329758,,,,,,,
956628,,,,,,,
1018660,,,,,,,
317716,,,,,,,
1018410,,,,,,,
956407,,,,,,,
1269622,,,,,,,
155969,,,,,,,
1269377,,,,,,,
856264,,,,,,,
1269771,,,,,,,
363466,,,,,,,
1002057,,,,,,,
499801,,,,,,,
1273176,,,,,,,
428135,,,,,,,
155144,,,,,,,
80354,,,,,,,
99193,,,,,,,
283346,,,,,,,
1260967,,,,,,,
1258563,,,,,,,
1346783,,,,,,,
879249,,,,,,,
723640,,,,,,,
1163564,,,,,,,
11065,,,,,,,
62492,,,,,,,
158571,,,,,,,
424673,,,,,,,
166284,,,,,,,
1161642,,,,,,,
337053,,,,,,,
231393,,,,,,,
1218250,,,,,,,
31285,,,,,,,
230853,,,,,,,
502448,,,,,,,
23374,,,,,,,
498618,,,,,,,
193658,,,,,,,
768110,,,,,,,
1134351,,,,,,,
155647,,,,,,,
1263418,,,,,,,
1131828,,,,,,,
767339,,,,,,,
204908,,,,,,,
1059407,,,,,,,
343588,,,,,,,
222162,,,,,,,
139562,,,,,,,
327054,,,,,,,
8460,,,,,,,
69051,,,,,,,
1256903,,,,,,,
23009,,,,,,,
297086,,,,,,,
1283747,,,,,,,
336317,,,,,,,
294571,,,,,,,
253930,,,,,,,
1250047,,,,,,,
1131349,,,,,,,
362373,,,,,,,
267347,,,,,,,
1079151,,,,,,,
1309485,,,,,,,
1083727,,,,,,,
6627,,,,,,,
1144283,,,,,,,
501676,,,,,,,
139519,,,,,,,
521946,,,,,,,
364729,,,,,,,
101424,,,,,,,
330150,,,,,,,
158806,,,,,,,
1256109,,,,,,,
1261227,,,,,,,
21681,,,,,,,
493559,,,,,,,
300956,,,,,,,
87516,,,,,,,
520383,,,,,,,
1346304,,,,,,,
769066,,,,,,,
1259278,,,,,,,
346006,,,,,,,
1250127,,,,,,,
906780,,,,,,,
426698,,,,,,,
906195,,,,,,,
1265332,,,,,,,
282373,,,,,,,
1271685,,,,,,,
723642,,,,,,,
564464,,,,,,,
345071,,,,,,,
199490,,,,,,,
1259554,,,,,,,
280888,,,,,,,
950124,,,,,,,
963914,,,,,,,
104703,,,,,,,
18246,,,,,,,
1218989,,,,,,,
898626,369.5,1115.5,29.299999237060547,,,,
956848,,,,,,,
345717,322.5,204.5,18.0,,,,
231267,,,,,,,
498574,,,,,,,
155662,,,,,,,
1263446,,,,,,,
1264140,,,,,,,
1208861,,,,,,,
925205,,,,,,,
951223,,,,,,,
359374,,,,,,,
1214029,,,,,,,
44099,,,,,,,
1208414,,,,,,,
517858,,,,,,,
296490,,,,,,,
335831,,,,,,,
688750,,,,,,,
224197,,,,,,,
890127,,,,,,,
195409,,,,,,,
25381,,,,,,,
9245,,,,,,,
787129,,,,,,,
1341488,,,,,,,
140795,,,,,,,
425969,,,,,,,
346165,,,,,,,
254781,,,,,,,
1131365,10.5,174.5,21.600000381469727,,,,
259314,,,,,,,
203239,,,,,,,
249872,,,,,,,
55850,,,,,,,
1135638,,,,,,,
956629,,,,,,,
787154,,,,,,,
25922,,,,,,,
75636,,,,,,,
1261396,,,,,,,
501544,,,,,,,
5345,,,,,,,
222107,,,,,,,
45414,,,,,,,
155606,,,,,,,
190741,,,,,,,
254525,,,,,,,
816383,,,,,,,
249873,,,,,,,
99205,,,,,,,
199489,,,,,,,
719158,,,,,,,
1257308,,,,,,,
943119,,,,,,,
1043502,,,,,,,
18186,,,,,,,
301530,,,,,,,
231146,,,,,,,
75542,,,,,,,
497507,,,,,,,
669870,,,,,,,
121575,,,,,,,
357259,,,,,,,
234097,,,,,,,
1082770,,,,,,,
1084412,,,,,,,
74607,,,,,,,
499018,,,,,,,
337025,,,,,,,
1131220,34.5,585.5,44.0,,,,
1117209,,,,,,,
1110472,,,,,,,
521080,,,,,,,
362370,,,,,,,
498325,,,,,,,
331339,,,,,,,
1015188,,,,,,,
1164537,,,,,,,
1134760,,,,,,,
1274592,,,,,,,
359022,,,,,,,
956166,,,,,,,
1271921,,,,,,,
1271680,,,,,,,
1084837,,,,,,,
294738,,,,,,,
230111,,,,,,,
1110178,,,,,,,
62425,,,,,,,
254088,,,,,,,
1265642,,,,,,,
837376,,,,,,,
966615,,,,,,,
717653,,,,,,,
20455,,,,,,,
966745,,,,,,,
330771,,,,,,,
1022815,,,,,,,
336197,,,,,,,
19746,,,,,,,
254247,,,,,,,
258814,,,,,,,
266527,,,,,,,
120639,,,,,,,
10380,,,,,,,
147076,,,,,,,
1120224,,,,,,,
246533,,,,,,,
345002,,,,,,,
1280461,,,,,,,
204417,,,,,,,
304870,,,,,,,
1236748,,,,,,,
17972,,,,,,,
269776,,,,,,,
1081828,,,,,,,
296322,,,,,,,
1097889,,,,,,,
925393,,,,,,,
330614,,,,,,,
426674,,,,,,,
950899,,,,,,,
323367,,,,,,,
425455,,,,,,,
328258,,,,,,,
493518,,,,,,,
1083999,,,,,,,
826599,,,,,,,
427440,,,,,,,
1283326,,,,,,,
900026,,,,,,,
1041244,,,,,,,
238017,,,,,,,
998148,,,,,,,
838739,,,,,,,
138895,,,,,,,
104532,,,,,,,
1084947,,,,,,,
205620,,,,,,,
522891,,,,,,,
1217161,,,,,,,
27368,,,,,,,
282156,,,,,,,
1224731,,,,,,,
804029,572.5,243.5,39.79999923706055,,,,
1272990,,,,,,,
1104296,,,,,,,
328325,,,,,,,
1059590,,,,,,,
9046,,,,,,,
91490,,,,,,,
8727,,,,,,,
364728,,,,,,,
849929,,,,,,,
425849,,,,,,,
516675,,,,,,,
830646,,,,,,,
1002263,,,,,,,
258859,,,,,,,
1267048,,,,,,,
1161667,,,,,,,
1208231,,,,,,,
139803,,,,,,,
1224880,,,,,,,
1272740,,,,,,,
1210035,,,,,,,
gen_000001,,,,368,118,104,104
gen_000002,,,,360,67,64,64
gen_000003,,,,357,124,106,106
gen_000004,,,,647,144,94,94
gen_000005,,,,352,162,84,84
gen_000006,,,,367,178,99,99
gen_000007,,,,389,104,102,102
gen_000008,,,,531,199,92,92
gen_000009,,,,361,99,113,113
gen_000010,,,,,,,
gen_000011,,,,,,,
gen_000012,,,,,,,
gen_000013,,,,323,108,102,102
gen_000014,,,,345,51,81,81
gen_000015,,,,355,103,113,113
gen_000016,,,,491,563,111,111
gen_000017,,,,346,83,110,110
gen_000018,,,,384,59,71,71
gen_000019,,,,335,72,103,103
gen_000020,,,,370,93,74,74
gen_000021,,,,359,105,106,106
gen_000022,,,,,,,
gen_000023,,,,362,123,113,113
gen_000024,,,,488,159,146,146
gen_000025,,,,367,85,103,103
gen_000026,,,,380,128,65,65
gen_000027,,,,379,872,80,80
gen_000028,,,,,,,
gen_000029,,,,365,108,98,98
gen_000030,,,,377,93,79,79
gen_000031,,,,299,309,219,219
gen_000032,,,,373,63,81,81
gen_000033,,,,362,105,85,85
gen_000034,,,,,,,
gen_000035,,,,569,336,219,219
gen_000036,,,,362,147,61,61
gen_000037,,,,365,106,112,112
gen_000038,,,,,,,
gen_000039,,,,365,194,98,98
gen_000040,,,,413,73,74,74
gen_000041,,,,374,190,88,88
gen_000042,,,,369,71,81,81
gen_000043,,,,323,120,94,94
gen_000044,,,,,,,
gen_000045,,,,343,152,108,108
gen_000046,,,,361,121,75,75
gen_000047,,,,,,,
gen_000048,,,,,,,
gen_000049,,,,370,153,95,95
gen_000050,,,,385,82,70,70
gen_000051,,,,335,74,113,113
gen_000052,,,,396,171,56,56
gen_000053,,,,354,169,99,99
gen_000054,,,,379,104,67,67
gen_000055,,,,397,153,87,87
gen_000056,,,,379,76,69,69
gen_000057,,,,,,,
gen_000058,,,,,,,
gen_000059,,,,331,168,99,99
gen_000060,,,,368,83,75,75
gen_000061,,,,356,167,93,93
gen_000062,,,,238,183,117,117
gen_000063,,,,569,257,99,99
gen_000064,,,,380,39,89,89
gen_000065,,,,370,161,99,99
gen_000066,,,,370,142,67,67
gen_000067,,,,347,123,110,110
gen_000068,,,,373,102,64,64
gen_000069,,,,369,125,96,96
gen_000070,,,,,,,
gen_000071,,,,,,,
gen_000072,,,,366,61,92,92
gen_000073,,,,,,,
gen_000074,,,,354,80,78,78
gen_000075,,,,356,136,165,165
gen_000076,,,,369,85,79,79
gen_000077,,,,372,55,114,114
gen_000078,,,,375,106,74,74
gen_000079,,,,,,,
gen_000080,,,,355,53,86,86
gen_000081,,,,357,182,91,91
gen_000082,,,,395,56,78,78
gen_000083,,,,81,231,129,129
gen_000084,,,,543,22,116,116
gen_000085,,,,430,567,100,100
gen_000086,,,,,,,
gen_000087,,,,375,151,94,94
gen_000088,,,,639,159,50,50
gen_000089,,,,,,,
gen_000090,,,,187,464,117,117
gen_000091,,,,,,,
gen_000092,,,,369,104,73,73
gen_000093,,,,374,164,86,86
gen_000094,,,,,,,
gen_000095,,,,365,250,86,86
gen_000096,,,,,,,
gen_000097,,,,365,142,93,93
gen_000098,,,,,,,
gen_000099,,,,365,84,119,119
gen_000100,,,,372,79,74,74
gen_000101,,,,,,,
gen_000102,,,,491,679,71,71
gen_000103,,,,357,91,107,107
gen_000104,,,,,,,
gen_000105,,,,320,513,141,141
gen_000106,,,,384,93,69,69
gen_000107,,,,,,,
gen_000108,,,,385,121,80,80
gen_000109,,,,363,144,104,104
gen_000110,,,,388,76,69,69
gen_000111,,,,,,,
gen_000112,,,,371,85,79,79
gen_000113,,,,,,,
gen_000114,,,,351,93,131,131
gen_000115,,,,613,430,93,93
gen_000116,,,,,,,
gen_000117,,,,356,133,76,76
gen_000118,,,,372,55,70,70
gen_000119,,,,365,90,105,105
gen_000120,,,,334,272,116,116
gen_000121,,,,394,130,102,102
gen_000122,,,,388,90,80,80
gen_000123,,,,365,211,96,96
gen_000124,,,,362,111,74,74
gen_000624,,,,326,133,95,95
gen_000625,,,,229,251,200,200
gen_000626,,,,374,130,98,98
gen_000627,,,,350,115,79,79
gen_000628,,,,348,136,98,98
gen_000629,,,,374,99,70,70
gen_000630,,,,351,66,119,119
gen_000631,,,,,,,
gen_000632,,,,401,111,101,101
gen_000633,,,,,,,
gen_000634,,,,444,55,113,113
gen_000635,,,,366,127,70,70
gen_000636,,,,355,98,109,109
gen_000637,,,,,,,
gen_000638,,,,367,77,105,105
gen_000639,,,,324,737,52,52
gen_000640,,,,356,150,98,98
gen_000641,,,,374,59,78,78
gen_000642,,,,377,124,89,89
gen_000643,,,,151,102,180,180
gen_000644,,,,,,,
gen_000645,,,,364,61,79,79
gen_000646,,,,583,117,56,56
gen_000647,,,,383,57,74,74
gen_000648,,,,238,654,76,76
gen_000649,,,,369,49,73,73
gen_000650,,,,574,562,183,183
gen_000651,,,,382,59,75,75
gen_000652,,,,293,237,226,226
gen_000653,,,,364,61,67,67
gen_000654,,,,381,139,103,103
gen_000655,,,,371,108,82,82
gen_000656,,,,373,105,111,111
gen_000657,,,,381,109,72,72
gen_000658,,,,363,60,112,112
gen_000659,,,,360,76,83,83
gen_000660,,,,220,207,43,43
gen_000661,,,,359,571,81,81
gen_000662,,,,596,117,140,140
gen_000663,,,,,,,
gen_000664,,,,344,83,113,113
gen_000665,,,,377,69,83,83
gen_000666,,,,388,71,116,116
gen_000667,,,,373,65,84,84
gen_000668,,,,554,488,53,53
gen_000669,,,,383,102,70,70
gen_000670,,,,,,,
gen_000671,,,,300,591,213,213
gen_000672,,,,348,117,106,106
gen_000673,,,,370,83,71,71
gen_000674,,,,389,103,98,98
gen_000675,,,,,,,
gen_000676,,,,320,143,164,164
gen_000677,,,,,,,
gen_000678,,,,,,,
gen_000679,,,,532,159,145,145
gen_000680,,,,,,,
gen_000681,,,,375,44,72,72
gen_000682,,,,362,123,107,107
gen_000683,,,,,,,
gen_000684,,,,,,,
gen_000685,,,,,,,
gen_000686,,,,361,183,98,98
gen_000687,,,,391,24,72,72
gen_000688,,,,383,111,97,97
gen_000689,,,,374,57,93,93
gen_000690,,,,367,49,103,103
gen_000691,,,,67,205,66,66
gen_000692,,,,290,60,145,145
gen_000693,,,,494,56,84,84
gen_000694,,,,381,120,99,99
gen_000695,,,,366,71,76,76
gen_000696,,,,259,446,65,65
gen_000697,,,,370,68,69,69
gen_000698,,,,,,,
gen_000699,,,,,,,
gen_000700,,,,365,142,92,92
gen_000701,,,,,,,
gen_000702,,,,375,100,99,99
gen_000703,,,,354,90,78,78
gen_000704,,,,342,116,108,108
gen_000705,,,,371,47,73,73
gen_000706,,,,357,51,129,129
gen_000707,,,,379,48,67,67
gen_000708,,,,353,113,106,106
gen_000709,,,,379,78,74,74
gen_000710,,,,,,,
gen_000711,,,,409,116,79,79
gen_000712,,,,,,,
gen_000713,,,,,,,
gen_000714,,,,368,218,86,86
gen_000715,,,,373,103,79,79
gen_000716,,,,346,100,113,113
gen_000717,,,,,,,
gen_000718,,,,404,150,90,90
gen_000719,,,,360,28,87,87
gen_000720,,,,465,827,54,54
gen_000721,,,,,,,
gen_000722,,,,363,148,104,104
gen_000723,,,,,,,
gen_000724,,,,354,168,91,91
gen_000725,,,,382,77,76,76
gen_000726,,,,365,104,107,107
gen_000727,,,,,,,
gen_000728,,,,,,,
gen_000729,,,,,,,
gen_000730,,,,361,117,113,113
gen_000731,,,,121,60,174,174
gen_000732,,,,399,167,84,84
gen_000733,,,,336,84,139,139
gen_000734,,,,372,140,115,115
gen_000735,,,,366,55,66,66
gen_000736,,,,348,152,112,112
gen_000737,,,,,,,
gen_000738,,,,,,,
gen_000739,,,,344,585,78,78
gen_000740,,,,407,49,108,108
gen_000741,,,,337,62,63,63
gen_000742,,,,450,2,70,70
gen_000743,,,,,,,
gen_000744,,,,522,352,130,130
gen_000745,,,,400,154,62,62
gen_000746,,,,428,928,120,120
gen_000747,,,,707,169,97,97
gen_000748,,,,229,560,102,102
gen_000749,,,,381,82,76,76
gen_000750,,,,363,479,127,127
gen_000751,,,,401,694,64,64
gen_000752,,,,329,109,112,112
gen_000753,,,,,,,
gen_000754,,,,435,14,63,63
gen_000755,,,,,,,
gen_000756,,,,334,131,103,103
gen_000757,,,,442,180,98,98
gen_000758,,,,363,169,96,96
gen_000759,,,,358,84,75,75
gen_000760,,,,494,525,113,113
gen_000761,,,,339,190,64,64
gen_000762,,,,341,181,122,122
gen_000763,,,,37,61,219,219
gen_000764,,,,358,1026,109,109
gen_000765,,,,378,54,80,80
gen_000766,,,,335,113,103,103
gen_000767,,,,,,,
gen_000768,,,,612,203,196,196
gen_000769,,,,384,126,62,62
gen_000770,,,,65,171,159,159
gen_000771,,,,558,649,102,102
gen_000772,,,,378,267,72,72
gen_000773,,,,371,87,81,81
gen_000774,,,,262,818,307,307
gen_000775,,,,,,,
gen_000776,,,,,,,
gen_000777,,,,370,90,78,78
gen_000778,,,,,,,
gen_000779,,,,,,,
gen_000780,,,,360,140,96,96
gen_000781,,,,357,67,71,71
gen_000782,,,,765,574,64,64
gen_000783,,,,377,82,78,78
gen_000784,,,,,,,
gen_000785,,,,354,59,95,95
gen_000786,,,,329,133,101,101
gen_000787,,,,332,643,83,83
gen_000788,,,,167,393,119,119
gen_000789,,,,393,294,57,57
gen_000790,,,,399,366,143,143
gen_000791,,,,422,190,103,103
gen_000792,,,,378,166,105,105
gen_000793,,,,382,90,68,68
gen_000794,,,,,,,
gen_000795,,,,370,87,80,80
gen_000796,,,,354,194,95,95
gen_000797,,,,348,90,85,85
gen_000798,,,,,,,
gen_000799,,,,328,493,68,68
gen_000800,,,,282,830,284,284
gen_000801,,,,362,61,95,95
gen_000802,,,,405,157,91,91
gen_000803,,,,382,113,68,68
gen_000804,,,,354,238,92,92
gen_000805,,,,,,,
gen_000806,,,,374,68,104,104
gen_000807,,,,377,101,70,70
gen_000808,,,,456,332,135,135
gen_000809,,,,,,,
gen_000810,,,,368,142,94,94
gen_000811,,,,326,656,94,94
gen_000812,,,,516,134,183,183
gen_000813,,,,385,58,66,66
gen_000814,,,,397,116,110,110
gen_000815,,,,326,86,84,84
gen_000816,,,,317,80,104,104
gen_000817,,,,,,,
gen_000818,,,,,,,
gen_000819,,,,375,48,85,85
gen_000820,,,,369,177,86,86
gen_000821,,,,389,109,62,62
gen_000822,,,,346,90,104,104
gen_000823,,,,312,62,66,66
gen_000824,,,,351,105,114,114
gen_000825,,,,,,,
gen_000826,,,,,,,
gen_000827,,,,,,,
gen_000828,,,,386,251,77,77
gen_000829,,,,363,128,71,71
gen_000830,,,,357,132,104,104
gen_000831,,,,494,365,70,70
gen_000832,,,,,,,
gen_000833,,,,375,90,72,72
gen_000834,,,,413,101,86,86
gen_000835,,,,170,110,82,82
gen_000836,,,,363,114,96,96
gen_000837,,,,361,84,71,71
gen_000838,,,,249,579,116,116
gen_000839,,,,,,,
gen_000840,,,,,,,
gen_000841,,,,513,241,54,54
gen_000842,,,,73,446,585,585
gen_000843,,,,385,339,115,115
gen_000844,,,,358,422,52,52
gen_000845,,,,384,51,73,73
gen_000846,,,,213,451,71,71
gen_000847,,,,361,132,74,74
gen_000848,,,,420,167,80,80
gen_000849,,,,,,,
gen_000850,,,,,,,
gen_000851,,,,344,160,53,53
gen_000852,,,,376,633,106,106
gen_000853,,,,556,326,90,90
gen_000854,,,,369,124,102,102
gen_000855,,,,388,76,64,64
gen_000856,,,,341,101,108,108
gen_000857,,,,,,,
gen_000858,,,,,,,
gen_000859,,,,376,47,79,79
gen_000860,,,,,,,
gen_000861,,,,,,,
gen_000862,,,,,,,
gen_000863,,,,370,76,84,84
gen_000864,,,,385,169,134,134
gen_000865,,,,348,76,71,71
gen_000866,,,,364,86,121,121
gen_000867,,,,394,67,72,72
gen_000868,,,,,,,
gen_000869,,,,379,63,74,74
gen_000870,,,,349,164,109,109
gen_000871,,,,378,41,81,81
gen_000872,,,,,,,
gen_000873,,,,389,75,70,70
gen_000874,,,,353,51,106,106
gen_000875,,,,383,47,82,82
gen_000876,,,,,,,
gen_000877,,,,353,63,73,73
gen_000878,,,,,,,
gen_000879,,,,379,84,71,71
gen_000880,,,,357,91,110,110
gen_000881,,,,387,130,66,66
gen_000882,,,,,,,
gen_000883,,,,361,107,82,82
gen_000884,,,,,,,
gen_000885,,,,394,173,64,64
gen_000886,,,,,,,
gen_000887,,,,403,90,66,66
gen_000888,,,,476,333,250,250
gen_000889,,,,375,485,145,145
gen_000890,,,,360,157,102,102
gen_000891,,,,345,173,73,73
gen_000892,,,,369,132,101,101
gen_000893,,,,393,113,69,69
gen_000894,,,,373,105,115,115
gen_000895,,,,,,,
gen_000896,,,,367,109,108,108
gen_000897,,,,345,38,62,62
gen_000898,,,,,,,
gen_000899,,,,358,56,80,80
gen_000900,,,,,,,
gen_000901,,,,375,53,77,77
gen_000902,,,,333,153,85,85
gen_000903,,,,,,,
gen_000904,,,,343,121,111,111
gen_000905,,,,376,67,62,62
gen_000906,,,,444,134,94,94
gen_000907,,,,,,,
gen_000908,,,,376,195,88,88
gen_000909,,,,,,,
gen_000910,,,,436,130,147,147
gen_000911,,,,281,720,53,53
gen_000912,,,,,,,
gen_000913,,,,,,,
gen_000914,,,,,,,
gen_000915,,,,367,47,78,78
gen_000916,,,,365,139,107,107
gen_000917,,,,454,294,87,87
gen_000918,,,,323,105,102,102
gen_000919,,,,363,141,70,70
gen_000920,,,,361,147,101,101
gen_000921,,,,372,53,81,81
gen_000922,,,,345,165,112,112
gen_000923,,,,,,,
gen_000924,,,,382,150,115,115
gen_000925,,,,363,84,76,76
gen_000926,,,,727,5,45,45
gen_000927,,,,343,48,70,70
gen_000928,,,,260,782,70,70
gen_000929,,,,395,71,81,81
gen_000930,,,,,,,
gen_000931,,,,,,,
gen_000932,,,,,,,
gen_000933,,,,362,60,91,91
gen_000934,,,,306,80,127,127
gen_000935,,,,,,,
gen_000936,,,,,,,
gen_000937,,,,334,59,79,79
gen_000938,,,,,,,
gen_000939,,,,463,161,83,83
gen_000940,,,,280,126,268,268
gen_000941,,,,372,65,74,74
gen_000942,,,,,,,
gen_000943,,,,682,48,70,70
gen_000944,,,,,,,
gen_000945,,,,379,50,76,76
gen_000946,,,,329,116,110,110
gen_000947,,,,,,,
gen_000948,,,,429,170,82,82
gen_000949,,,,369,121,146,146
gen_000950,,,,,,,
gen_000951,,,,22,94,199,199
gen_000952,,,,410,131,60,60
gen_000953,,,,362,69,79,79
gen_000954,,,,348,129,128,128
gen_000955,,,,,,,
gen_000956,,,,365,707,81,81
gen_000957,,,,328,145,88,88
gen_000958,,,,392,147,101,101
gen_000959,,,,323,430,94,94
gen_000960,,,,364,154,94,94
gen_000961,,,,379,93,70,70
gen_000962,,,,,,,
gen_000963,,,,396,135,77,77
gen_000964,,,,362,136,104,104
gen_000965,,,,382,44,74,74
gen_000966,,,,,,,
gen_000967,,,,336,551,62,62
gen_000968,,,,361,113,97,97
gen_000969,,,,349,76,67,67
gen_000970,,,,,,,
gen_000971,,,,473,240,156,156
gen_000972,,,,,,,
gen_000973,,,,384,63,74,74
gen_000974,,,,,,,
gen_000975,,,,384,113,66,66
gen_000976,,,,,,,
gen_000977,,,,313,72,84,84
gen_000978,,,,412,124,52,52
gen_000979,,,,,,,
gen_000980,,,,351,96,108,108
gen_000981,,,,,,,
gen_000982,,,,,,,
gen_000983,,,,331,374,63,63
gen_000984,,,,253,294,367,367
gen_000985,,,,375,111,69,69
gen_000986,,,,344,67,113,113
gen_000987,,,,374,77,73,73
gen_000988,,,,375,133,98,98
gen_000989,,,,,,,
gen_000990,,,,441,322,67,67
gen_000991,,,,374,150,78,78
gen_000992,,,,442,275,56,56
gen_000993,,,,344,309,177,177
gen_000994,,,,367,137,97,97
gen_000995,,,,320,511,56,56
gen_000996,,,,360,58,115,115
gen_000997,,,,,,,
gen_000998,,,,388,178,110,110
gen_000999,,,,368,100,55,55
gen_001000,,,,349,92,105,105
gen_001001,,,,363,46,78,78
gen_001002,,,,409,222,89,89
gen_001003,,,,378,72,75,75
gen_001004,,,,372,70,133,133
gen_001005,,,,364,272,141,141
gen_001006,,,,379,123,90,90
gen_001007,,,,440,72,79,79
gen_001008,,,,340,90,109,109
gen_001009,,,,516,469,80,80
gen_001010,,,,5,18,156,156
gen_001011,,,,355,76,83,83
gen_001012,,,,361,134,90,90
gen_001013,,,,,,,
gen_001014,,,,,,,
gen_001015,,,,403,76,70,70
gen_001016,,,,369,84,109,109
gen_001017,,,,,,,
gen_001018,,,,384,271,39,39
gen_001019,,,,,,,
gen_001020,,,,371,102,98,98
gen_001021,,,,,,,
gen_001022,,,,282,90,107,107
gen_001023,,,,,,,
gen_001024,,,,359,84,104,104
gen_001025,,,,471,118,79,79
gen_001026,,,,510,631,127,127
gen_001027,,,,384,63,69,69
gen_001028,,,,370,96,112,112
gen_001029,,,,379,135,67,67
gen_001030,,,,368,101,99,99
gen_001031,,,,,,,
gen_001032,,,,,,,
gen_001033,,,,380,88,67,67
gen_001034,,,,288,920,147,147
gen_001035,,,,,,,
gen_001036,530.5,229.5,13.800000190734863,362,173,111,111
gen_001037,,,,,,,
gen_001038,,,,374,98,102,102
gen_001039,,,,367,73,77,77
gen_001040,,,,336,157,90,90
gen_001041,,,,,,,
gen_001042,,,,359,145,95,95
gen_001043,,,,,,,
gen_001044,,,,,,,
gen_001045,,,,,,,
gen_001046,,,,374,154,96,96
gen_001047,,,,402,47,73,73
gen_001048,,,,371,156,92,92
gen_001049,,,,382,531,98,98
gen_001050,,,,,,,
gen_001051,,,,384,70,72,72
gen_001052,,,,360,183,96,96
gen_001053,,,,418,64,66,66
gen_001054,,,,369,77,107,107
gen_001055,,,,,,,
gen_001056,,,,361,130,98,98
gen_001057,,,,366,77,69,69
gen_001058,,,,389,77,98,98
gen_001059,,,,382,68,68,68
gen_001060,,,,343,66,128,128
gen_001061,,,,376,90,71,71
gen_001062,,,,339,98,128,128
gen_001063,,,,380,142,66,66
gen_001064,,,,,,,
gen_001065,,,,,,,
gen_001066,,,,352,84,116,116
gen_001067,,,,381,98,82,82
gen_001068,,,,348,85,116,116
gen_001069,,,,63,313,47,47
gen_001070,31.5,160.5,14.699999809265137,352,148,107,107
gen_001071,,,,,,,
gen_001072,,,,345,149,98,98
gen_001073,,,,372,70,76,76
gen_001074,,,,340,254,196,196
gen_001075,,,,380,87,140,140
gen_001076,,,,690,128,133,133
gen_001077,,,,379,85,70,70
gen_001078,,,,562,664,61,61
gen_001079,,,,,,,
gen_001080,,,,,,,
gen_001081,,,,379,96,75,75
gen_001082,,,,374,147,92,92
gen_001083,,,,402,88,78,78
gen_001084,,,,405,122,56,56
gen_001085,,,,261,9,254,254
gen_001086,,,,357,112,95,95
gen_001087,,,,6,592,126,126
gen_001088,,,,345,82,101,101
gen_001089,,,,429,313,53,53
gen_001090,,,,426,122,78,78
gen_001091,,,,300,577,84,84
gen_001092,,,,369,101,95,95
gen_001093,,,,,,,
gen_001094,,,,344,109,99,99
gen_001095,,,,483,180,84,84
gen_001096,,,,601,31,163,163
gen_001097,,,,,,,
gen_001098,,,,394,48,116,116
gen_001099,,,,,,,
gen_000125,,,,,,,
gen_000126,,,,330,238,244,244
gen_000127,,,,,,,
gen_000128,,,,490,207,64,64
gen_000129,,,,,,,
gen_000130,,,,312,131,195,195
gen_000131,,,,,,,
gen_000132,,,,700,34,68,68
gen_000133,,,,,,,
gen_000134,,,,,,,
gen_000135,,,,608,53,70,70
gen_000136,,,,,,,
gen_000137,,,,436,119,66,66
gen_000138,,,,495,37,216,216
gen_000139,,,,,,,
gen_000140,,,,402,48,94,94
gen_000141,,,,,,,
gen_000142,,,,672,64,144,144
gen_000143,,,,360,80,76,76
gen_000144,,,,,,,
gen_000145,,,,,,,
gen_000146,,,,,,,
gen_000147,201.5,90.5,13.199999809265137,,,,
gen_000148,,,,,,,
gen_000149,,,,325,101,205,205
gen_000150,,,,504,423,147,147
gen_000151,,,,325,595,87,87
gen_000152,,,,278,56,268,268
gen_000153,,,,,,,
gen_000154,,,,,,,
gen_000155,,,,,,,
gen_000156,,,,262,292,100,100
gen_000157,,,,,,,
gen_000158,,,,,,,
gen_000159,,,,471,73,186,186
gen_000160,,,,676,51,135,135
gen_000161,,,,,,,
gen_000162,,,,,,,
gen_000163,,,,622,1101,54,54
gen_000164,,,,448,202,70,70
gen_000165,,,,,,,
gen_000166,,,,227,261,100,100
gen_000167,,,,,,,
gen_000168,,,,,,,
gen_000169,,,,390,11,87,87
gen_000170,,,,515,496,149,149
gen_000171,,,,274,364,174,174
gen_000172,,,,346,127,143,143
gen_000173,,,,,,,
gen_000174,,,,,,,
gen_000175,,,,471,68,94,94
gen_000176,,,,444,200,93,93
gen_000177,,,,195,793,71,71
gen_000178,,,,,,,
gen_000179,,,,474,583,94,94
gen_000180,,,,253,274,44,44
gen_000181,,,,,,,
gen_000182,,,,,,,
gen_000183,,,,,,,
gen_000184,,,,380,698,58,58
gen_000185,,,,,,,
gen_000186,,,,,,,
gen_000187,,,,373,848,183,183
gen_000188,,,,,,,
gen_000189,,,,613,26,73,73
gen_000190,,,,,,,
gen_000191,,,,471,1081,60,60
gen_000192,,,,,,,
gen_000193,,,,,,,
gen_000194,,,,400,543,120,120
gen_000195,,,,,,,
gen_000196,,,,,,,
gen_000197,,,,,,,
gen_000198,,,,,,,
gen_000199,,,,342,59,107,107
gen_000200,,,,,,,
gen_000201,,,,,,,
gen_000202,,,,667,281,122,122
gen_000203,,,,,,,
gen_000204,,,,,,,
gen_000205,,,,,,,
gen_000206,,,,,,,
gen_000207,,,,363,910,158,158
gen_000208,,,,304,17,244,244
gen_000209,,,,,,,
gen_000210,,,,8,213,137,137
gen_000211,,,,,,,
gen_000212,,,,,,,
gen_000213,,,,570,287,85,85
gen_000214,,,,651,62,171,171
gen_000215,,,,,,,
gen_000216,,,,,,,
gen_000217,,,,,,,
gen_000218,,,,,,,
gen_000219,,,,,,,
gen_000220,,,,,,,
gen_000221,,,,,,,
gen_000222,,,,,,,
gen_000223,,,,,,,
gen_000224,,,,,,,
gen_000225,,,,,,,
gen_000226,,,,,,,
gen_000227,,,,,,,
gen_000228,,,,,,,
gen_000229,,,,,,,
gen_000230,,,,,,,
gen_000231,,,,,,,
gen_000232,,,,,,,
gen_000233,,,,,,,
gen_000234,,,,,,,
gen_000235,,,,,,,
gen_000236,,,,,,,
gen_000237,,,,,,,
gen_000238,,,,,,,
gen_000239,,,,,,,
gen_000240,,,,,,,
gen_000241,,,,,,,
gen_000242,,,,,,,
gen_000243,,,,,,,
gen_000244,,,,,,,
gen_000245,,,,258,253,305,305
gen_000246,,,,,,,
gen_000247,,,,322,775,82,82
gen_000248,,,,320,256,58,58
gen_001100,,,,418,44,130,130
gen_001101,,,,,,,
gen_001102,,,,728,406,93,93
gen_001103,,,,,,,
gen_001104,,,,449,1108,102,102
gen_001105,,,,,,,
gen_001106,,,,75,160,166,166
gen_001107,,,,302,108,228,228
gen_001108,,,,,,,
gen_001109,,,,,,,
gen_001110,,,,,,,
gen_001111,,,,,,,
gen_001112,,,,341,80,96,96
gen_001113,,,,,,,
gen_001114,,,,,,,
gen_001115,,,,557,695,54,54
gen_001116,,,,280,208,290,290
gen_001117,,,,610,116,150,150
gen_001118,,,,,,,
gen_001119,,,,,,,
gen_001120,,,,,,,
gen_001121,,,,,,,
gen_001122,,,,155,44,543,543
gen_001123,,,,,,,
gen_001124,,,,435,275,151,151
gen_001125,,,,,,,
gen_001126,,,,,,,
gen_001127,,,,,,,
gen_001128,,,,,,,
gen_001129,,,,,,,
gen_001130,,,,349,716,100,100
gen_001131,,,,343,400,84,84
gen_001132,,,,280,204,319,319
gen_001133,,,,,,,
gen_001134,,,,345,79,97,97
gen_001135,,,,486,425,73,73
gen_001136,,,,,,,
gen_001137,,,,,,,
gen_001138,,,,,,,
gen_001139,,,,,,,
gen_001140,,,,408,1081,58,58
gen_001141,,,,540,688,57,57
gen_001142,,,,,,,
gen_001143,,,,,,,
gen_001144,,,,500,68,108,108
gen_001145,,,,,,,
gen_001146,,,,,,,
gen_001147,,,,,,,
gen_001148,,,,,,,
gen_001149,,,,375,25,65,65
gen_001150,,,,,,,
gen_001151,,,,,,,
gen_001152,,,,580,71,66,66
gen_001153,,,,,,,
gen_001154,,,,,,,
gen_001155,,,,,,,
gen_001156,,,,422,584,301,301
gen_001157,,,,,,,
gen_001158,,,,,,,
gen_001159,,,,,,,
gen_001160,,,,173,50,528,528
gen_001161,,,,,,,
gen_001162,,,,422,991,52,52
gen_001163,,,,,,,
gen_001164,,,,,,,
gen_001165,,,,381,55,73,73
gen_001166,,,,,,,
gen_001167,,,,,,,
gen_001168,,,,,,,
gen_001169,,,,,,,
gen_001170,,,,,,,
gen_001171,,,,,,,
gen_001172,,,,,,,
gen_001173,,,,,,,
gen_001174,,,,,,,
gen_001175,,,,,,,
gen_001176,,,,420,1093,70,70
gen_001177,,,,490,379,71,71
gen_001178,,,,531,656,100,100
gen_001179,,,,,,,
gen_001180,,,,,,,
gen_001181,,,,,,,
gen_001182,,,,,,,
gen_001183,,,,,,,
gen_001184,,,,,,,
gen_001185,,,,,,,
gen_001186,,,,,,,
gen_001187,,,,,,,
gen_001188,,,,,,,
gen_001189,,,,,,,
gen_001190,,,,135,28,590,590
gen_001191,,,,,,,
gen_001192,,,,,,,
gen_001193,,,,,,,
gen_001194,,,,382,54,138,138
gen_001195,,,,,,,
gen_001196,,,,117,166,308,308
gen_001197,,,,,,,
gen_001198,,,,,,,
gen_001199,,,,,,,
gen_001200,,,,620,913,62,62
gen_001201,,,,,,,
gen_001202,,,,396,52,104,104
gen_001203,,,,,,,
gen_001204,,,,,,,
gen_001205,,,,,,,
gen_001206,,,,248,172,347,347
gen_001207,,,,222,164,86,86
gen_001208,,,,,,,
gen_001209,,,,506,138,64,64
gen_001210,,,,335,821,157,157
gen_001211,,,,470,423,66,66
gen_001212,,,,,,,
gen_001213,,,,,,,
gen_001214,,,,,,,
gen_001215,,,,609,148,92,92
gen_001216,,,,,,,
gen_001217,,,,,,,
gen_001218,761.5,516.5,12.5,439,1056,54,54
gen_001219,,,,341,58,61,61
gen_001220,,,,496,118,61,61
gen_001221,,,,257,19,141,141
gen_001222,,,,,,,
gen_001223,,,,,,,
gen_001224,,,,,,,
gen_001225,,,,,,,
gen_001226,,,,,,,
gen_001227,,,,366,144,91,91
gen_001228,,,,,,,
gen_001229,,,,434,8,124,124
gen_001230,,,,360,194,366,366
gen_001231,,,,,,,
gen_001232,,,,42,42,105,105
gen_001233,,,,259,166,70,70
gen_001234,,,,163,237,282,282
gen_001235,,,,,,,
gen_001236,,,,,,,
gen_001237,,,,467,236,72,72
gen_001238,,,,98,102,78,78
gen_001239,,,,501,219,68,68
gen_001240,,,,,,,
gen_001241,547.5,9.5,17.799999237060547,343,306,57,57
gen_001242,,,,,,,
gen_001243,,,,427,44,116,116
gen_001244,,,,,,,
gen_001245,,,,,,,
gen_001246,,,,121,643,85,85
gen_001247,,,,,,,
gen_001248,,,,,,,
gen_001249,,,,,,,
gen_001250,,,,,,,
gen_001251,,,,405,211,94,94
gen_001252,,,,50,202,96,96
gen_001253,,,,373,693,62,62
gen_001254,,,,,,,
gen_001255,,,,,,,
gen_001256,,,,373,1080,66,66
gen_001257,,,,379,692,66,66
gen_001258,,,,428,1037,98,98
gen_001259,,,,434,236,74,74
gen_001260,,,,555,398,99,99
gen_001261,,,,,,,
gen_001262,,,,547,351,132,132
gen_001263,,,,,,,
gen_001264,,,,,,,
gen_001265,,,,,,,
gen_001266,,,,,,,
gen_001267,,,,,,,
gen_001268,,,,,,,
gen_001269,,,,,,,
gen_001270,,,,,,,
gen_001271,,,,167,50,122,122
gen_001272,,,,,,,
gen_001273,,,,,,,
gen_001274,,,,582,713,164,164
gen_001275,,,,534,482,68,68
gen_001276,,,,,,,
gen_001277,,,,266,39,56,56
gen_001278,,,,,,,
gen_001279,,,,273,195,72,72
gen_001280,,,,,,,
gen_001281,,,,385,202,54,54
gen_001282,,,,,,,
gen_001283,,,,433,694,60,60
gen_001284,,,,213,475,152,152
gen_001285,,,,,,,
gen_001286,,,,467,85,101,101
gen_001287,,,,,,,
gen_001288,,,,,,,
gen_001289,,,,,,,
gen_001290,,,,,,,
gen_001291,,,,401,214,63,63
gen_001292,,,,,,,
gen_001293,,,,,,,
gen_001294,,,,210,61,204,204
gen_001295,,,,,,,
gen_001296,,,,342,176,365,365
gen_001297,,,,442,199,84,84
gen_001298,,,,147,63,88,88
gen_001299,,,,396,221,99,99
gen_001300,,,,183,339,133,133
gen_001301,,,,,,,
gen_001302,,,,189,520,128,128
gen_001303,,,,,,,
gen_001304,,,,,,,
gen_001305,60.5,640.5,13.199999809265137,563,217,119,119
gen_001306,,,,158,37,145,145
gen_001307,,,,281,219,71,71
gen_001308,,,,,,,
gen_001309,,,,,,,
gen_001310,,,,,,,
gen_001311,,,,25,11,51,51
gen_001312,,,,184,73,207,207
gen_001313,,,,419,689,87,87
gen_001314,,,,375,24,90,90
gen_001315,,,,425,182,199,199
gen_001316,,,,,,,
gen_001317,,,,,,,
gen_001318,,,,396,1051,56,56
gen_001319,,,,,,,
gen_001320,,,,,,,
gen_001321,,,,282,346,85,85
gen_001322,,,,413,897,72,72
gen_001323,,,,376,706,66,66
gen_001324,,,,,,,
gen_001325,,,,513,624,67,67
gen_001326,,,,,,,
gen_001327,,,,411,153,109,109
gen_001328,,,,,,,
gen_001329,,,,,,,
gen_001330,,,,487,96,172,172
gen_001331,,,,,,,
gen_001332,,,,,,,
gen_001333,,,,,,,
gen_001334,,,,,,,
gen_001335,,,,375,705,59,59
gen_001336,,,,228,79,183,183
gen_001337,,,,435,56,146,146
gen_001338,,,,,,,
gen_001339,,,,,,,
gen_001340,,,,,,,
gen_001341,,,,,,,
gen_001342,,,,,,,
gen_001343,,,,,,,
gen_001344,,,,281,141,259,259
gen_001345,,,,481,437,71,71
gen_001346,,,,544,897,90,90
gen_001347,,,,,,,
gen_001348,,,,,,,
gen_001349,,,,532,712,49,49
gen_001350,,,,434,646,117,117
gen_001351,,,,,,,
gen_001352,,,,,,,
gen_001353,,,,,,,
gen_001354,,,,,,,
gen_001355,,,,,,,
gen_001356,,,,285,206,288,288
gen_001357,,,,,,,
gen_001358,,,,,,,
gen_001359,,,,,,,
gen_001360,765.5,62.5,17.399999618530273,,,,
gen_001361,,,,,,,
gen_001362,,,,,,,
gen_001363,,,,381,606,104,104
gen_001364,,,,,,,
gen_001365,,,,,,,
gen_001366,,,,,,,
gen_001367,,,,,,,
gen_001368,,,,,,,
gen_001369,,,,,,,
gen_001370,,,,,,,
gen_001371,,,,580,133,95,95
gen_001372,,,,,,,
gen_001373,,,,,,,
gen_001374,,,,,,,
gen_001375,,,,,,,
gen_001376,,,,,,,
gen_001377,,,,404,466,100,100
gen_001378,,,,,,,
gen_001379,,,,,,,
gen_001380,,,,,,,
gen_001381,,,,,,,
gen_001382,,,,,,,
gen_001383,,,,,,,
gen_001384,,,,,,,
gen_001385,,,,,,,
gen_001386,,,,401,915,65,65
gen_001387,,,,,,,
gen_001388,,,,,,,
gen_001389,,,,,,,
gen_001390,,,,,,,
gen_001391,,,,,,,
gen_001392,,,,,,,
gen_001393,,,,,,,
gen_001394,,,,625,284,75,75
gen_001395,,,,,,,
gen_001396,,,,,,,
gen_001397,,,,298,86,84,84
gen_001398,,,,437,927,71,71
gen_001399,,,,,,,
gen_001400,,,,397,977,64,64
gen_001401,,,,,,,
gen_001402,,,,,,,
gen_001403,,,,,,,
gen_001404,,,,,,,
gen_001405,,,,,,,
gen_001406,,,,,,,
gen_001407,,,,,,,
gen_001408,,,,264,180,255,255
gen_001409,,,,,,,
gen_001410,,,,398,904,208,208
gen_001411,,,,,,,
gen_001412,,,,,,,
gen_001413,,,,,,,
gen_001414,,,,,,,
gen_001415,,,,,,,
gen_001416,,,,448,1041,89,89
gen_001417,,,,,,,
gen_001418,,,,,,,
gen_001419,,,,287,55,223,223
gen_001420,,,,,,,
gen_001421,,,,,,,
gen_001422,,,,,,,
gen_001423,,,,,,,
gen_001424,,,,,,,
gen_001425,,,,,,,
gen_001426,,,,,,,
gen_001427,,,,,,,
gen_001428,,,,269,202,348,348
gen_001429,,,,,,,
gen_001430,,,,,,,
gen_001431,,,,,,,
gen_001432,,,,526,542,71,71
gen_001433,,,,,,,
gen_001434,,,,359,779,55,55
gen_001435,,,,,,,
gen_001436,,,,405,62,94,94
gen_001437,,,,,,,
gen_001438,,,,,,,
gen_001439,,,,,,,
gen_001440,,,,259,202,365,365
gen_001441,,,,,,,
gen_001442,,,,,,,
gen_001443,,,,,,,
gen_001444,,,,239,186,411,411
gen_001445,,,,,,,
gen_001446,,,,,,,
gen_001447,,,,,,,
gen_001448,,,,,,,
gen_001449,,,,,,,
gen_001450,,,,,,,
gen_001451,,,,,,,
gen_001452,,,,,,,
gen_001453,,,,336,494,78,78
gen_001454,,,,,,,
gen_001455,,,,,,,
gen_001456,,,,,,,
gen_001457,,,,,,,
gen_001458,,,,,,,
gen_001459,,,,,,,
gen_001460,,,,,,,
gen_001461,,,,,,,
gen_001462,,,,,,,
gen_001463,,,,,,,
gen_001464,,,,,,,
gen_001465,,,,,,,
gen_001466,,,,,,,
gen_001467,,,,,,,
gen_001468,,,,191,124,468,468
gen_001469,,,,,,,
gen_001470,,,,346,72,103,103
gen_001471,,,,,,,
gen_001472,,,,,,,
gen_001473,,,,,,,
gen_001474,,,,531,622,88,88
gen_001475,,,,,,,
gen_001476,,,,,,,
gen_001477,,,,,,,
gen_001478,,,,405,1002,59,59
gen_001479,,,,450,688,60,60
gen_001480,,,,,,,
gen_001481,,,,391,395,128,128
gen_001482,,,,,,,
gen_001483,,,,,,,
gen_001484,,,,,,,
gen_001485,,,,,,,
gen_001486,,,,,,,
gen_001487,,,,,,,
gen_001488,,,,,,,
gen_001489,,,,,,,
gen_001490,,,,,,,
gen_001491,,,,,,,
gen_001492,,,,,,,
gen_001493,,,,462,65,58,58
gen_001494,,,,287,233,285,285
gen_001495,,,,,,,
gen_001496,,,,431,1067,60,60
gen_001497,,,,,,,
gen_001498,,,,,,,
gen_001499,,,,,,,
gen_001500,,,,497,779,118,118
gen_001501,,,,,,,
gen_001502,,,,,,,
gen_001503,,,,,,,
gen_001504,,,,546,368,81,81
gen_001505,,,,,,,
gen_001506,,,,,,,
gen_001507,,,,,,,
gen_001508,,,,,,,
gen_001509,,,,,,,
gen_001510,,,,,,,
gen_001511,,,,,,,
gen_001512,,,,,,,
gen_001513,,,,,,,
gen_001514,,,,,,,
gen_001515,,,,,,,
gen_001516,,,,342,828,65,65
gen_001517,,,,,,,
gen_001518,,,,,,,
gen_001519,,,,,,,
gen_001520,,,,,,,
gen_001521,,,,,,,
gen_001522,,,,,,,
gen_001523,,,,368,30,73,73
gen_001524,,,,,,,
gen_001525,,,,709,283,60,60
gen_001526,,,,239,156,391,391
gen_001527,,,,,,,
gen_001528,,,,,,,
gen_001529,,,,,,,
gen_001530,,,,,,,
gen_001531,,,,,,,
gen_001532,,,,,,,
gen_001533,,,,,,,
gen_001534,,,,,,,
gen_001535,,,,,,,
gen_001536,,,,,,,
gen_001537,,,,,,,
gen_001538,,,,,,,
gen_001539,,,,,,,
gen_001540,,,,,,,
gen_001541,,,,,,,
gen_001542,,,,,,,
gen_001543,,,,,,,
gen_001544,,,,,,,
gen_001545,,,,362,509,134,134
gen_001546,,,,,,,
gen_001547,,,,398,514,86,86
gen_001548,,,,,,,
gen_001549,,,,,,,
gen_001550,,,,,,,
gen_001551,,,,92,568,67,67
gen_001552,,,,,,,
gen_001553,,,,685,88,47,47
gen_001554,,,,,,,
gen_001555,,,,,,,
gen_001556,,,,,,,
gen_001557,,,,,,,
gen_001558,,,,,,,
gen_001559,,,,565,589,111,111
gen_001560,,,,,,,
gen_001561,,,,,,,
gen_001562,,,,393,51,99,99
gen_001563,,,,,,,
gen_001564,,,,,,,
gen_001565,,,,,,,
gen_001566,,,,,,,
gen_001567,,,,,,,
gen_001568,,,,,,,
gen_001569,,,,,,,
gen_001570,,,,679,39,98,98
gen_001571,,,,,,,
gen_001572,,,,,,,
gen_001573,,,,,,,
gen_001574,,,,,,,
gen_001575,,,,,,,
gen_000250,,,,317,159,104,104
gen_000251,,,,324,73,144,144
gen_000252,,,,348,162,177,177
gen_000253,,,,385,94,74,74
gen_000254,,,,273,113,256,256
gen_000255,,,,352,70,121,121
gen_000256,,,,,,,
gen_000257,,,,397,395,100,100
gen_000258,,,,176,471,125,125
gen_000259,,,,,,,
gen_000260,,,,,,,
gen_000261,,,,393,45,68,68
gen_000262,,,,328,126,97,97
gen_000263,,,,330,38,104,104
gen_000264,,,,350,82,210,210
gen_000265,,,,592,53,64,64
gen_000266,,,,382,316,78,78
gen_000267,,,,309,65,133,133
gen_000268,,,,289,183,191,191
gen_000269,,,,343,94,102,102
gen_000270,,,,372,210,97,97
gen_000271,,,,319,82,137,137
gen_000272,,,,,,,
gen_000273,,,,369,35,138,138
gen_000274,,,,320,196,136,136
gen_000275,,,,361,64,111,111
gen_000276,,,,434,132,103,103
gen_000277,,,,,,,
gen_000278,,,,384,113,140,140
gen_000279,,,,385,126,96,96
gen_000280,,,,294,190,89,89
gen_000281,,,,139,264,98,98
gen_000282,,,,,,,
gen_000283,,,,,,,
gen_000284,,,,,,,
gen_000285,,,,379,514,56,56
gen_000286,,,,360,128,85,85
gen_000287,,,,498,261,85,85
gen_000288,,,,381,68,105,105
gen_000289,,,,428,42,77,77
gen_000290,,,,393,100,104,104
gen_000291,,,,397,94,65,65
gen_000292,,,,250,473,171,171
gen_000293,,,,355,68,65,65
gen_000294,,,,488,617,99,99
gen_000295,,,,,,,
gen_000296,,,,,,,
gen_000297,,,,365,69,65,65
gen_000298,,,,370,84,153,153
gen_000299,,,,329,81,149,149
gen_000300,,,,458,228,112,112
gen_000301,,,,343,34,102,102
gen_000302,,,,367,81,108,108
gen_000303,,,,399,101,77,77
gen_000304,,,,348,120,115,115
gen_000305,,,,325,29,73,73
gen_000306,,,,350,49,108,108
gen_000307,,,,,,,
gen_000308,,,,445,269,146,146
gen_000309,,,,323,41,77,77
gen_000310,,,,317,212,84,84
gen_000311,,,,373,221,54,54
gen_000312,,,,697,571,109,109
gen_000313,,,,389,45,79,79
gen_000314,,,,248,286,92,92
gen_000315,,,,398,95,65,65
gen_000316,,,,246,358,294,294
gen_000317,,,,352,52,76,76
gen_000318,,,,360,164,80,80
gen_000319,,,,482,203,204,204
gen_000320,,,,348,642,312,312
gen_000321,,,,407,46,85,85
gen_000322,,,,252,871,161,161
gen_000323,,,,355,180,89,89
gen_000324,,,,397,253,87,87
gen_000325,,,,449,47,80,80
gen_000326,,,,365,88,101,101
gen_000327,,,,385,45,77,77
gen_000328,,,,198,861,183,183
gen_000329,,,,357,79,99,99
gen_000330,,,,340,149,166,166
gen_000331,,,,349,68,72,72
gen_000332,,,,324,992,115,115
gen_000333,,,,648,542,97,97
gen_000334,,,,648,289,100,100
gen_000335,,,,345,46,117,117
gen_000336,,,,279,107,182,182
gen_000337,,,,488,649,89,89
gen_000338,,,,,,,
gen_000339,,,,357,76,150,150
gen_000340,,,,,,,
gen_000341,,,,,,,
gen_000342,,,,320,90,123,123
gen_000343,,,,402,28,77,77
gen_000344,,,,279,467,246,246
gen_000345,,,,,,,
gen_000346,,,,,,,
gen_000347,,,,,,,
gen_000348,,,,342,193,91,91
gen_000349,,,,362,75,71,71
gen_000350,,,,343,84,190,190
gen_000351,,,,402,42,73,73
gen_000352,,,,391,90,103,103
gen_000353,,,,560,330,97,97
gen_000354,,,,203,537,52,52
gen_000355,,,,421,36,103,103
gen_000356,,,,358,144,94,94
gen_000357,,,,,,,
gen_000358,,,,391,183,88,88
gen_000359,,,,402,108,63,63
gen_000360,,,,245,417,273,273
gen_000361,,,,377,98,73,73
gen_000362,,,,,,,
gen_000363,,,,384,47,81,81
gen_000364,,,,350,70,108,108
gen_000365,,,,375,72,72,72
gen_000366,,,,391,74,200,200
gen_000367,,,,373,101,84,84
gen_000368,,,,368,203,85,85
gen_000369,,,,369,103,59,59
gen_000370,,,,88,579,261,261
gen_000371,,,,294,262,180,180
gen_000372,,,,345,92,129,129
gen_000373,,,,,,,
gen_001576,,,,9,485,90,90
gen_001577,,,,409,111,82,82
gen_001578,,,,248,611,106,106
gen_001579,,,,293,450,130,130
gen_001580,,,,327,71,116,116
gen_001581,,,,383,28,102,102
gen_001582,,,,310,705,61,61
gen_001583,,,,425,123,65,65
gen_001584,,,,624,60,199,199
gen_001585,,,,,,,
gen_001586,,,,312,200,117,117
gen_001587,,,,450,163,66,66
gen_001588,,,,412,312,74,74
gen_001589,,,,436,89,99,99
gen_001590,,,,344,221,133,133
gen_001591,,,,339,48,126,126
gen_001592,,,,360,271,93,93
gen_001593,,,,237,243,54,54
gen_001594,,,,241,118,251,251
gen_001595,,,,396,41,84,84
gen_001596,,,,303,184,44,44
gen_001597,,,,327,59,127,127
gen_001598,,,,,,,
gen_001599,,,,283,60,134,134
gen_001600,,,,690,702,108,108
gen_001601,,,,646,427,138,138
gen_001602,,,,372,94,109,109
gen_001603,,,,361,158,63,63
gen_001604,495.5,146.5,13.800000190734863,763,510,54,54
gen_001605,,,,360,110,69,69
gen_001606,,,,305,102,173,173
gen_001607,,,,380,91,112,112
gen_001608,,,,375,345,79,79
gen_001609,,,,432,123,99,99
gen_001610,,,,362,53,146,146
gen_001611,,,,372,39,84,84
gen_001612,,,,,,,
gen_001613,,,,333,134,115,115
gen_001614,,,,333,307,77,77
gen_001615,,,,,,,
gen_001616,,,,333,89,95,95
gen_001617,,,,362,177,75,75
gen_001618,,,,,,,
gen_001619,,,,350,572,83,83
gen_001620,,,,554,694,112,112
gen_001621,,,,280,300,215,215
gen_001622,,,,348,98,113,113
gen_001623,,,,346,144,146,146
gen_001624,,,,398,140,93,93
gen_001625,,,,456,52,74,74
gen_001626,,,,384,106,171,171
gen_001627,,,,,,,
gen_001628,,,,263,179,160,160
gen_001629,,,,388,94,139,139
gen_001630,,,,351,79,142,142
gen_001631,,,,349,121,118,118
gen_001632,,,,161,815,207,207
gen_001633,,,,367,37,126,126
gen_001634,,,,373,164,138,138
gen_001635,,,,401,103,81,81
gen_001636,,,,,,,
gen_001637,,,,733,322,59,59
gen_001638,,,,405,235,109,109
gen_001639,,,,386,147,82,82
gen_001640,,,,373,147,91,91
gen_001641,,,,384,41,82,82
gen_001642,,,,391,150,95,95
gen_001643,,,,336,25,126,126
gen_001644,,,,357,186,105,105
gen_001645,,,,,,,
gen_001646,,,,362,97,99,99
gen_001647,,,,377,58,98,98
gen_001648,,,,438,626,116,116
gen_001649,,,,381,118,85,85
gen_001650,,,,410,218,96,96
gen_001651,,,,339,159,73,73
gen_001652,,,,300,135,139,139
gen_001653,,,,392,159,58,58
gen_001654,,,,319,79,161,161
gen_001655,,,,372,37,80,80
gen_001656,,,,307,238,150,150
gen_001657,,,,386,197,59,59
gen_001658,,,,543,77,231,231
gen_001659,,,,382,116,67,67
gen_001660,,,,348,584,175,175
gen_001661,,,,389,83,73,73
gen_001662,,,,334,181,96,96
gen_001663,,,,318,244,65,65
gen_001664,,,,365,100,157,157
gen_001665,,,,700,192,88,88
gen_001666,,,,381,305,80,80
gen_001667,,,,394,101,63,63
gen_001668,,,,380,116,86,86
gen_001669,,,,330,139,93,93
gen_001670,,,,162,344,129,129
gen_001671,,,,606,105,131,131
gen_001672,388.5,319.5,26.600000381469727,162,223,492,492
gen_001673,,,,,,,
gen_001674,,,,364,133,97,97
gen_001675,,,,382,38,76,76
gen_001676,,,,318,144,157,157
gen_001677,,,,332,120,135,135
gen_001678,,,,555,251,182,182
gen_001679,,,,67,32,78,78
gen_001680,,,,,,,
gen_001681,,,,525,747,49,49
gen_001682,,,,362,143,119,119
gen_001683,,,,376,188,59,59
gen_001684,,,,310,460,254,254
gen_001685,,,,395,48,113,113
gen_001686,,,,362,322,99,99
gen_001687,,,,362,103,100,100
gen_001688,,,,342,96,120,120
gen_001689,,,,342,62,76,76
gen_001690,,,,,,,
gen_001691,,,,323,75,109,109
gen_001692,,,,229,885,122,122
gen_001693,,,,,,,
gen_001694,,,,,,,
gen_001695,,,,602,74,65,65
gen_001696,,,,403,100,106,106
gen_001697,,,,,,,
gen_001698,,,,386,86,150,150
gen_001699,,,,397,55,80,80
gen_001700,,,,368,155,104,104
gen_001701,,,,386,95,64,64
gen_001702,,,,,,,
gen_001703,422.5,31.5,15.800000190734863,465,429,83,83
gen_001704,,,,378,227,78,78
gen_001705,,,,,,,
gen_001706,,,,350,110,155,155
gen_001707,,,,,,,
gen_001708,,,,542,329,274,274
gen_001709,,,,366,43,71,71
gen_001710,,,,394,101,98,98
gen_001711,,,,212,134,132,132
gen_001712,,,,359,36,111,111
gen_001713,,,,,,,
gen_001714,,,,14,428,160,160
gen_001715,,,,,,,
gen_001716,,,,290,109,132,132
gen_001717,,,,318,54,70,70
gen_001718,,,,398,122,102,102
gen_001719,,,,462,67,99,99
gen_001720,,,,351,110,166,166
gen_001721,,,,356,90,62,62
gen_001722,,,,,,,
gen_001723,,,,435,348,86,86
gen_001724,,,,617,322,135,135
gen_001725,,,,358,241,54,54
gen_001726,,,,359,77,94,94
gen_001727,,,,561,54,116,116
gen_001728,,,,304,193,97,97
gen_001729,,,,122,176,166,166
gen_001730,,,,309,95,204,204
gen_001731,,,,385,69,70,70
gen_001732,,,,381,104,100,100
gen_001733,,,,607,142,149,149
gen_001734,,,,306,114,123,123
gen_001735,,,,276,51,129,129
gen_001736,,,,,,,
gen_001737,,,,410,211,56,56
gen_001738,,,,358,277,84,84
gen_001739,,,,356,71,66,66
gen_001740,,,,359,51,111,111
gen_001741,,,,331,148,73,73
gen_001742,,,,339,193,67,67
gen_001743,,,,378,58,79,79
gen_001744,,,,285,276,118,118
gen_001745,,,,355,67,66,66
gen_001746,,,,305,74,143,143
gen_001747,,,,304,44,127,127
gen_001748,,,,729,364,74,74
gen_001749,,,,,,,
gen_001750,,,,417,588,152,152
gen_001751,,,,358,92,106,106
gen_001752,,,,403,94,106,106
gen_001753,,,,329,40,94,94
gen_001754,,,,363,82,115,115
gen_001755,,,,392,96,75,75
gen_001756,,,,350,98,122,122
gen_001757,,,,329,95,86,86
gen_001758,,,,227,381,148,148
gen_001759,,,,394,47,85,85
gen_001760,,,,386,41,144,144
gen_001761,,,,434,63,97,97
gen_001762,,,,339,120,94,94
gen_001763,,,,,,,
gen_001764,,,,490,93,249,249
gen_001765,,,,536,47,132,132
gen_001766,,,,338,169,99,99
gen_001767,,,,370,25,98,98
gen_001768,,,,159,62,208,208
gen_001769,,,,,,,
gen_001770,,,,590,13,63,63
gen_001771,,,,356,50,92,92
gen_001772,,,,53,283,174,174
gen_001773,,,,,,,
gen_001774,,,,268,172,181,181
gen_001775,,,,379,55,74,74
gen_001776,,,,608,318,175,175
gen_001777,,,,472,403,143,143
gen_001778,,,,378,196,92,92
gen_001779,,,,,,,
gen_001780,,,,385,582,202,202
gen_001781,,,,382,129,74,74
gen_001782,,,,413,203,107,107
gen_001783,,,,,,,
gen_001784,,,,431,145,102,102
gen_001785,,,,363,71,137,137
gen_001786,,,,527,461,99,99
gen_001787,,,,324,147,99,99
gen_001788,,,,338,84,157,157
gen_001789,,,,356,55,63,63
gen_001790,,,,356,1020,90,90
gen_001791,,,,,,,
gen_001792,,,,431,47,227,227
gen_001793,,,,,,,
gen_001794,,,,437,258,258,258
gen_001795,,,,334,80,62,62
gen_001796,,,,377,105,92,92
gen_001797,,,,369,59,78,78
gen_001798,,,,299,105,124,124
gen_001799,,,,370,58,126,126
gen_001800,,,,389,102,102,102
gen_001801,,,,45,494,154,154
gen_001802,,,,,,,
gen_001803,,,,,,,
gen_001804,,,,65,137,149,149
gen_001805,,,,45,320,216,216
gen_001806,,,,368,131,169,169
gen_001807,,,,371,40,100,100
gen_001808,,,,379,343,70,70
gen_001809,,,,401,66,72,72
gen_001810,,,,338,143,132,132
gen_001811,,,,720,353,63,63
gen_001812,,,,417,278,160,160
gen_001813,,,,,,,
gen_001814,,,,277,282,214,214
gen_001815,,,,266,226,248,248
gen_001816,,,,445,212,91,91
gen_001817,,,,325,27,74,74
gen_001818,,,,330,103,111,111
gen_001819,,,,368,298,84,84
gen_001820,,,,390,115,108,108
gen_001821,,,,382,61,76,76
gen_001822,,,,345,124,149,149
gen_001823,,,,344,144,114,114
gen_001824,,,,366,118,102,102
gen_001825,,,,363,688,140,140
gen_001826,,,,336,191,168,168
gen_001827,,,,372,131,124,124
gen_001828,,,,379,109,196,196
gen_001829,,,,269,65,114,114
gen_001830,,,,,,,
gen_001831,,,,380,435,129,129
gen_001832,,,,348,124,114,114
gen_001833,,,,256,76,132,132
gen_001834,,,,64,671,364,364
gen_001835,,,,379,319,88,88
gen_001836,,,,348,139,103,103
gen_001837,,,,,,,
gen_001838,,,,,,,
gen_001839,,,,300,283,225,225
gen_001840,,,,354,96,94,94
gen_001841,,,,347,68,83,83
gen_001842,,,,273,152,178,178
gen_001843,,,,403,59,80,80
gen_001844,,,,381,177,100,100
gen_001845,,,,385,107,77,77
gen_001846,,,,316,71,154,154
gen_001847,,,,361,52,82,82
gen_001848,,,,273,410,248,248
gen_001849,,,,418,21,84,84
gen_001850,,,,235,126,188,188
gen_001851,,,,760,259,51,51
gen_001852,,,,,,,
gen_001853,,,,343,115,143,143
gen_001854,,,,375,53,101,101
gen_001855,,,,375,48,86,86
gen_001856,,,,425,89,106,106
gen_001857,,,,375,82,132,132
gen_001858,,,,,,,
gen_001859,,,,328,53,118,118
gen_001860,,,,352,109,110,110
gen_001861,,,,402,450,62,62
gen_001862,,,,357,74,99,99
gen_001863,,,,371,116,86,86
gen_001864,,,,318,408,222,222
gen_001865,,,,298,86,110,110
gen_001866,,,,348,111,191,191
gen_001867,,,,507,297,100,100
gen_001868,,,,348,137,105,105
gen_001869,,,,404,559,78,78
gen_001870,,,,352,86,101,101
gen_001871,,,,371,152,97,97
gen_001872,,,,365,137,99,99
gen_001873,,,,612,110,146,146
gen_001874,,,,374,217,94,94
gen_001875,,,,382,121,78,78
gen_001876,,,,441,194,100,100
gen_001877,,,,,,,
gen_001878,,,,10,362,42,42
gen_001879,,,,324,46,101,101
gen_001880,,,,,,,
gen_001881,,,,185,685,64,64
gen_001882,,,,292,57,191,191
gen_001883,,,,335,59,83,83
gen_001884,,,,329,172,93,93
gen_001885,,,,,,,
gen_001886,,,,325,316,328,328
gen_001887,,,,521,68,73,73
gen_001888,,,,363,46,113,113
gen_001889,,,,318,86,72,72
gen_001890,,,,410,58,113,113
gen_001891,,,,,,,
gen_001892,,,,436,185,54,54
gen_001893,,,,535,72,77,77
gen_001894,,,,335,125,130,130
gen_001895,,,,376,122,128,128
gen_001896,,,,358,86,91,91
gen_001897,,,,342,93,103,103
gen_001898,,,,333,169,108,108
gen_001899,,,,359,87,76,76
gen_001900,,,,419,104,90,90
gen_001901,,,,348,78,114,114
gen_001902,,,,,,,
gen_001903,,,,,,,
gen_001904,,,,,,,
gen_001905,,,,386,28,78,78
gen_001906,,,,334,420,237,237
gen_001907,,,,195,60,73,73
gen_001908,,,,348,62,138,138
gen_001909,,,,415,35,81,81
gen_001910,,,,,,,
gen_001911,,,,,,,
gen_001912,,,,403,94,102,102
gen_001913,,,,369,112,118,118
gen_001914,,,,334,25,138,138
gen_001915,,,,207,282,130,130
gen_001916,,,,682,592,87,87
gen_001917,,,,376,61,73,73
gen_001918,,,,397,141,167,167
gen_001919,,,,,,,
gen_001920,,,,192,387,381,381
gen_001921,,,,,,,
gen_001922,,,,,,,
gen_001923,,,,340,84,104,104
gen_001924,,,,,,,
gen_001925,,,,379,172,76,76
gen_001926,,,,,,,
gen_001927,,,,380,164,78,78
gen_001928,,,,275,52,206,206
gen_001929,,,,,,,
gen_001930,,,,298,128,183,183
gen_001931,,,,341,63,126,126
gen_001932,,,,368,136,98,98
gen_001933,,,,377,58,62,62
gen_001934,,,,381,80,110,110
gen_001935,,,,,,,
gen_001936,,,,364,122,96,96
gen_001937,,,,235,695,50,50
gen_001938,,,,387,147,104,104
gen_001939,,,,346,84,131,131
gen_001940,,,,372,141,95,95
gen_001941,,,,288,256,190,190
gen_001942,,,,425,331,84,84
gen_001943,,,,354,68,104,104
gen_001944,,,,438,154,107,107
gen_001945,,,,,,,
gen_001946,,,,391,65,99,99
gen_001947,,,,386,100,77,77
gen_001948,,,,367,171,94,94
gen_001949,,,,429,670,85,85
gen_001950,,,,341,109,102,102
gen_001951,,,,341,44,139,139
gen_001952,,,,331,75,199,199
gen_001953,,,,328,78,231,231
gen_001954,,,,82,317,61,61
gen_001955,,,,398,44,82,82
gen_001956,,,,295,458,254,254
gen_001957,,,,348,134,148,148
gen_001958,,,,364,95,113,113
gen_001959,,,,389,154,62,62
gen_001960,,,,400,195,109,109
gen_001961,,,,,,,
gen_001962,,,,,,,
gen_001963,,,,366,123,66,66
gen_001964,,,,350,117,160,160
gen_001965,,,,329,104,127,127
gen_001966,,,,326,72,113,113
gen_001967,,,,320,321,169,169
gen_001968,,,,423,100,198,198
gen_001969,,,,,,,
gen_001970,,,,330,97,123,123
gen_001971,,,,319,81,119,119
gen_001972,,,,341,50,100,100
gen_001973,,,,394,53,74,74
gen_001974,,,,415,170,105,105
gen_001975,,,,538,313,206,206
gen_001976,,,,329,119,168,168
gen_001977,,,,397,66,78,78
gen_001978,,,,,,,
gen_001979,,,,356,117,131,131
gen_001980,,,,361,65,116,116
gen_001981,,,,362,41,121,121
gen_001982,,,,310,108,203,203
gen_001983,,,,652,178,152,152
gen_001984,,,,406,110,92,92
gen_001985,,,,401,81,71,71
gen_001986,,,,451,99,108,108
gen_001987,,,,340,71,112,112
gen_001988,,,,380,769,104,104
gen_001989,,,,444,119,73,73
gen_001990,,,,298,121,96,96
gen_001991,,,,360,83,74,74
gen_001992,,,,572,590,94,94
gen_001993,,,,425,92,81,81
gen_001994,,,,377,14,134,134
gen_001995,,,,,,,
gen_001996,,,,344,86,101,101
gen_001997,,,,341,72,154,154
gen_001998,,,,349,142,89,89
gen_001999,,,,349,56,79,79
gen_002000,,,,340,70,121,121
gen_002001,,,,326,85,127,127
gen_002002,,,,90,594,112,112
gen_002003,,,,306,57,146,146
gen_002004,,,,352,185,94,94
gen_002005,,,,332,48,83,83
gen_002006,,,,387,79,137,137
gen_002007,,,,406,55,84,84
gen_002008,,,,320,140,97,97
gen_002009,,,,355,75,69,69
gen_002010,,,,358,85,97,97
gen_002011,,,,369,41,74,74
gen_002012,,,,,,,
gen_002013,,,,343,73,81,81
gen_002014,,,,343,211,120,120
gen_002015,,,,361,63,76,76
gen_002016,,,,312,307,155,155
gen_002017,,,,349,25,188,188
gen_002018,,,,303,250,101,101
gen_002019,,,,211,104,201,201
gen_002020,,,,276,486,139,139
gen_002021,,,,386,577,74,74
gen_002022,,,,349,121,103,103
gen_002023,,,,,,,
gen_002024,,,,291,202,160,160
gen_002025,,,,336,74,84,84
gen_002026,,,,342,177,92,92
gen_002027,,,,362,68,90,90
gen_002028,,,,315,501,90,90
gen_002029,,,,383,88,61,61
gen_002030,,,,366,77,106,106
gen_002031,,,,292,70,148,148
gen_002032,,,,503,41,78,78
gen_002033,,,,408,15,82,82
gen_002034,,,,324,202,117,117
gen_002035,,,,450,612,65,65
gen_002036,,,,336,131,204,204
gen_002037,,,,460,57,67,67
gen_002038,,,,195,156,200,200
gen_002039,,,,356,63,77,77
gen_002040,,,,322,65,202,202
gen_002041,,,,294,100,121,121
gen_002042,,,,279,39,233,233
gen_002043,,,,321,142,133,133
gen_002044,,,,341,122,133,133
gen_002045,,,,530,75,60,60
gen_002046,,,,87,219,261,261
gen_002047,,,,,,,
gen_002048,,,,392,126,98,98
gen_002049,,,,370,67,88,88
gen_002050,,,,393,118,106,106
gen_002051,,,,201,317,69,69
gen_000375,,,,324,136,182,182
gen_000376,,,,299,62,197,197
gen_000377,,,,189,397,187,187
gen_000378,,,,382,93,127,127
gen_000379,,,,358,88,113,113
gen_000380,,,,347,43,136,136
gen_000381,,,,328,81,192,192
gen_000382,,,,391,129,173,173
gen_000383,,,,475,342,295,295
gen_000384,,,,395,85,157,157
gen_000385,,,,325,232,184,184
gen_000386,,,,378,102,125,125
gen_000387,,,,351,185,162,162
gen_000388,,,,393,56,150,150
gen_000389,,,,361,96,126,126
gen_000390,,,,298,83,199,199
gen_000391,,,,317,141,205,205
gen_000392,,,,300,34,186,186
gen_000393,,,,322,122,177,177
gen_000394,,,,318,91,195,195
gen_000395,,,,331,103,186,186
gen_000396,,,,289,81,156,156
gen_000397,,,,366,154,165,165
gen_000398,,,,370,91,172,172
gen_000399,,,,304,109,205,205
gen_000400,,,,322,88,183,183
gen_000401,,,,108,685,73,73
gen_000402,,,,329,135,171,171
gen_000403,,,,307,128,221,221
gen_000404,,,,368,72,156,156
gen_000405,,,,334,168,196,196
gen_000406,,,,314,61,176,176
gen_000407,,,,361,54,150,150
gen_000408,,,,,,,
gen_000409,,,,367,87,134,134
gen_000410,,,,309,72,177,177
gen_000411,,,,344,93,160,160
gen_000412,,,,344,108,140,140
gen_000413,,,,361,90,124,124
gen_000414,,,,363,100,103,103
gen_000415,,,,337,92,155,155
gen_000416,,,,366,45,137,137
gen_000417,,,,333,85,147,147
gen_000418,,,,378,49,94,94
gen_000419,,,,338,114,113,113
gen_000420,,,,347,67,124,124
gen_000421,,,,343,114,125,125
gen_000422,,,,,,,
gen_000423,,,,343,64,131,131
gen_000424,,,,323,87,169,169
gen_000425,,,,343,88,143,143
gen_000426,,,,341,42,107,107
gen_000427,,,,316,105,160,160
gen_000428,,,,371,69,111,111
gen_000429,,,,339,107,132,132
gen_000430,,,,282,40,201,201
gen_000431,,,,345,93,115,115
gen_000432,,,,350,71,127,127
gen_000433,,,,357,78,116,116
gen_000434,,,,357,17,102,102
gen_000435,,,,360,137,111,111
gen_000436,,,,,,,
gen_000437,,,,197,590,440,440
gen_000438,,,,284,59,252,252
gen_000439,,,,316,235,165,165
gen_000440,,,,356,89,152,152
gen_000441,,,,347,87,148,148
gen_000442,,,,332,97,176,176
gen_000443,,,,362,118,107,107
gen_000444,,,,,,,
gen_000445,,,,302,233,254,254
gen_000446,,,,361,180,115,115
gen_000447,,,,346,156,120,120
gen_000448,,,,305,65,185,185
gen_000449,,,,348,167,112,112
gen_000450,273.5,276.5,12.5,338,294,258,258
gen_000451,,,,330,69,159,159
gen_000452,,,,340,51,142,142
gen_000453,,,,361,198,186,186
gen_000454,,,,362,125,156,156
gen_000455,,,,319,119,188,188
gen_000456,,,,345,88,152,152
gen_000457,,,,323,271,57,57
gen_000458,,,,323,95,194,194
gen_000459,,,,261,478,285,285
gen_000460,,,,326,76,165,165
gen_000461,,,,334,140,171,171
gen_000462,,,,410,189,145,145
gen_000463,,,,278,69,214,214
gen_000464,,,,278,438,336,336
gen_000465,,,,356,157,176,176
gen_000466,,,,367,63,100,100
gen_000467,,,,354,114,133,133
gen_000468,,,,387,31,91,91
gen_000469,,,,355,93,148,148
gen_000470,,,,316,312,169,169
gen_000471,,,,333,97,151,151
gen_000472,157.5,356.5,15.600000381469727,,,,
gen_000473,,,,315,162,194,194
gen_000474,,,,375,133,126,126
gen_000475,,,,360,152,117,117
gen_000476,,,,364,130,139,139
gen_000477,,,,361,76,133,133
gen_000478,,,,382,52,77,77
gen_000479,,,,358,119,123,123
gen_000480,,,,341,80,194,194
gen_000481,,,,318,124,216,216
gen_000482,,,,357,103,154,154
gen_000483,,,,342,216,186,186
gen_000484,,,,326,292,167,167
gen_000485,,,,321,198,147,147
gen_000486,,,,383,132,77,77
gen_000487,,,,348,119,122,122
gen_000488,,,,357,93,140,140
gen_000489,,,,337,47,147,147
gen_000490,,,,,,,
gen_000491,,,,284,186,214,214
gen_000492,,,,369,71,89,89
gen_000493,,,,336,165,147,147
gen_000494,,,,,,,
gen_000495,,,,358,79,173,173
gen_000496,,,,339,80,177,177
gen_000497,,,,,,,
gen_000498,,,,351,30,94,94
gen_002052,,,,346,89,174,174
gen_002053,,,,335,34,186,186
gen_002054,,,,299,140,290,290
gen_002055,,,,55,371,264,264
gen_002056,,,,332,111,173,173
gen_002057,,,,357,73,100,100
gen_002058,,,,316,145,201,201
gen_002059,,,,364,141,121,121
gen_002060,,,,70,956,193,193
gen_002061,,,,427,95,178,178
gen_002062,,,,326,106,236,236
gen_002063,,,,340,108,164,164
gen_002064,,,,210,86,260,260
gen_002065,,,,353,83,110,110
gen_002066,,,,294,695,291,291
gen_002067,,,,262,94,159,159
gen_002068,,,,550,44,183,183
gen_002069,,,,338,79,141,141
gen_002070,,,,324,83,225,225
gen_002071,,,,357,83,95,95
gen_002072,,,,282,137,179,179
gen_002073,,,,331,57,147,147
gen_002074,,,,223,60,225,225
gen_002075,,,,319,28,156,156
gen_002076,,,,217,334,398,398
gen_002077,,,,374,67,130,130
gen_002078,,,,319,130,196,196
gen_002079,,,,333,81,149,149
gen_002080,,,,335,216,178,178
gen_002081,,,,355,51,112,112
gen_002082,,,,186,849,308,308
gen_002083,,,,373,40,141,141
gen_002084,,,,333,152,177,177
gen_002085,,,,304,54,174,174
gen_002086,,,,334,192,165,165
gen_002087,,,,365,56,107,107
gen_002088,,,,400,127,197,197
gen_002089,,,,294,84,97,97
gen_002090,,,,320,107,228,228
gen_002091,,,,83,412,53,53
gen_002092,,,,45,540,232,232
gen_002093,,,,351,67,127,127
gen_002094,,,,331,106,202,202
gen_002095,,,,340,86,184,184
gen_002096,,,,422,68,185,185
gen_002097,,,,328,90,148,148
gen_002098,,,,352,106,131,131
gen_002099,,,,348,82,158,158
gen_002100,,,,294,96,204,204
gen_002101,,,,353,41,142,142
gen_002102,,,,340,174,183,183
gen_002103,,,,267,328,415,415
gen_002104,,,,307,193,204,204
gen_002105,,,,377,85,159,159
gen_002106,,,,319,95,220,220
gen_002107,650.5,442.5,13.800000190734863,382,105,204,204
gen_002108,,,,348,126,182,182
gen_002109,,,,341,61,165,165
gen_002110,,,,325,106,183,183
gen_002111,,,,373,121,144,144
gen_002112,,,,291,940,234,234
gen_002113,,,,422,51,245,245
gen_002114,12.5,601.5,12.399999618530273,308,117,247,247
gen_002115,,,,337,86,141,141
gen_002116,,,,274,314,271,271
gen_002117,,,,342,79,129,129
gen_002118,,,,358,96,112,112
gen_002119,,,,368,84,128,128
gen_002120,,,,316,117,178,178
gen_002121,,,,409,162,209,209
gen_002122,,,,325,120,182,182
gen_002123,,,,394,51,147,147
gen_002124,,,,404,98,131,131
gen_002125,,,,349,49,137,137
gen_002126,,,,225,146,198,198
gen_002127,,,,175,177,270,270
gen_002128,131.5,562.5,14.300000190734863,305,117,165,165
gen_002129,,,,279,72,274,274
gen_002130,,,,274,71,220,220
gen_002131,,,,212,308,464,464
gen_002132,,,,324,231,215,215
gen_002133,,,,327,98,194,194
gen_002134,,,,350,102,127,127
gen_002135,,,,342,85,138,138
gen_002136,,,,90,493,647,647
gen_002137,,,,262,270,303,303
gen_002138,,,,346,174,201,201
gen_002139,,,,318,112,171,171
gen_002140,,,,348,86,185,185
gen_002141,,,,346,66,135,135
gen_002142,,,,311,129,199,199
gen_002143,,,,375,100,139,139
gen_002144,,,,313,122,251,251
gen_002145,,,,,,,
gen_002146,,,,338,219,262,262
gen_002147,,,,364,50,157,157
gen_002148,,,,283,69,202,202
gen_002149,,,,,,,
gen_002150,,,,329,80,173,173
gen_002151,,,,363,81,124,124
gen_002152,,,,280,146,273,273
gen_002153,,,,358,60,129,129
gen_002154,,,,342,66,134,134
gen_002155,,,,326,62,140,140
gen_002156,,,,344,96,179,179
gen_002157,,,,363,132,121,121
gen_002158,,,,321,55,188,188
gen_002159,,,,374,97,126,126
gen_002160,,,,317,96,200,200
gen_002161,,,,355,46,144,144
gen_002162,,,,310,126,216,216
gen_002163,,,,326,70,174,174
gen_002164,,,,336,143,170,170
gen_002165,,,,409,56,85,85
gen_002166,,,,293,116,261,261
gen_002167,,,,346,73,142,142
gen_002168,,,,546,610,136,136
gen_002169,,,,283,221,126,126
gen_002170,,,,306,121,183,183
gen_002171,,,,,,,
gen_002172,,,,321,116,164,164
gen_002173,,,,324,56,159,159
gen_002174,,,,319,97,158,158
gen_002175,,,,370,42,109,109
gen_002176,,,,355,75,132,132
gen_002177,,,,370,57,98,98
gen_002178,,,,81,326,181,181
gen_002179,,,,413,158,145,145
gen_002180,,,,,,,
gen_002181,,,,384,63,179,179
gen_002182,,,,345,94,131,131
gen_002183,,,,352,63,149,149
gen_002184,,,,401,541,137,137
gen_002185,,,,439,235,152,152
gen_002186,,,,356,92,121,121
gen_002187,,,,369,64,117,117
gen_002188,,,,367,91,135,135
gen_002189,,,,374,54,82,82
gen_002190,,,,342,110,168,168
gen_002191,,,,288,80,133,133
gen_002192,,,,344,98,178,178
gen_002193,,,,356,58,163,163
gen_002194,,,,348,63,134,134
gen_002195,,,,,,,
gen_002196,,,,355,117,121,121
gen_002197,,,,359,53,122,122
gen_002198,,,,382,99,148,148
gen_002199,,,,375,98,87,87
gen_002200,,,,395,607,233,233
gen_002201,,,,380,35,98,98
gen_002202,,,,345,76,133,133
gen_002203,,,,361,69,95,95
gen_002204,,,,297,119,177,177
gen_002205,,,,377,42,114,114
gen_002206,,,,,,,
gen_002207,,,,394,72,82,82
gen_002208,,,,346,147,129,129
gen_002209,,,,317,62,140,140
gen_002210,,,,359,133,135,135
gen_002211,,,,359,72,117,117
gen_002212,163.5,285.5,18.200000762939453,317,191,104,104
gen_002213,,,,319,107,194,194
gen_002214,,,,349,85,103,103
gen_002215,,,,,,,
gen_002216,,,,,,,
gen_002217,,,,,,,
gen_002218,,,,360,130,110,110
gen_002219,,,,373,61,85,85
gen_002220,,,,326,35,141,141
gen_002221,,,,372,50,91,91
gen_002222,,,,347,71,136,136
gen_002223,,,,427,88,147,147
gen_002224,,,,340,113,131,131
gen_002225,,,,417,122,143,143
gen_002226,,,,368,249,111,111
gen_002227,,,,294,103,192,192
gen_002228,,,,339,122,129,129
gen_002229,,,,310,73,109,109
gen_002230,,,,343,88,134,134
gen_002231,,,,366,66,88,88
gen_002232,,,,340,103,134,134
gen_002233,,,,369,78,138,138
gen_002234,,,,314,88,174,174
gen_002235,,,,366,68,100,100
gen_002236,,,,323,120,175,175
gen_002237,,,,374,119,86,86
gen_002238,,,,329,110,126,126
gen_002239,,,,357,120,117,117
gen_002240,,,,658,500,125,125
gen_002241,,,,357,65,115,115
gen_002242,,,,360,94,113,113
gen_002243,,,,340,30,138,138
gen_002244,,,,357,84,123,123
gen_002245,,,,,,,
gen_002246,,,,354,89,190,190
gen_002247,,,,368,55,136,136
gen_002248,,,,365,70,116,116
gen_002249,,,,386,74,104,104
gen_002250,,,,334,97,151,151
gen_002251,,,,384,80,90,90
gen_002252,,,,333,114,160,160
gen_002253,,,,353,64,122,122
gen_002254,,,,343,159,128,128
gen_002255,,,,370,58,93,93
gen_002256,,,,335,131,166,166
gen_002257,,,,343,55,166,166
gen_002258,,,,310,101,193,193
gen_002259,,,,396,71,140,140
gen_002260,,,,298,99,133,133
gen_002261,,,,352,69,136,136
gen_002262,,,,357,124,149,149
gen_002263,,,,316,74,201,201
gen_002264,,,,322,91,177,177
gen_002265,,,,362,69,95,95
gen_002266,,,,363,106,159,159
gen_002267,,,,249,39,251,251
gen_002268,,,,371,83,105,105
gen_002269,,,,327,60,166,166
gen_002270,,,,392,165,140,140
gen_002271,,,,334,24,173,173
gen_002272,,,,366,75,142,142
gen_002273,,,,383,71,75,75
gen_002274,,,,400,93,158,158
gen_002275,,,,369,46,123,123
gen_002276,,,,380,117,168,168
gen_002277,,,,389,52,212,212
gen_002278,,,,,,,
gen_002279,,,,344,121,131,131
gen_002280,,,,,,,
gen_002281,,,,349,52,135,135
gen_002282,,,,322,68,167,167
gen_002283,,,,354,63,122,122
gen_002284,,,,372,125,113,113
gen_002285,,,,379,42,74,74
gen_002286,,,,,,,
gen_002287,,,,381,68,133,133
gen_002288,,,,,,,
gen_002289,,,,370,77,100,100
gen_002290,,,,334,58,150,150
gen_002291,,,,365,48,101,101
gen_002292,,,,,,,
gen_002293,,,,373,102,93,93
gen_002294,,,,321,112,141,141
gen_002295,,,,340,52,149,149
gen_002296,,,,372,80,115,115
gen_002297,,,,325,86,174,174
gen_002298,,,,307,95,227,227
gen_002299,,,,335,127,169,169
gen_002300,,,,415,1037,147,147
gen_002301,,,,317,93,203,203
gen_002302,,,,328,123,162,162
gen_002303,,,,366,106,145,145
gen_002304,,,,354,118,133,133
gen_002305,,,,324,23,190,190
gen_002306,,,,408,212,92,92
gen_002307,,,,349,32,189,189
gen_002308,,,,342,115,134,134
gen_002309,,,,353,54,117,117
gen_002310,,,,259,524,288,288
gen_002311,,,,333,104,175,175
gen_002312,,,,277,728,215,215
gen_002313,,,,292,741,84,84
gen_002314,,,,396,229,98,98
gen_002315,,,,250,242,309,309
gen_002316,,,,332,119,151,151
gen_002317,,,,351,99,151,151
gen_002318,635.5,412.5,14.100000381469727,337,142,218,218
gen_002319,,,,432,132,288,288
gen_002320,,,,364,152,113,113
gen_002321,,,,375,65,96,96
gen_002322,,,,311,165,207,207
gen_002323,,,,,,,
gen_002324,,,,319,162,220,220
gen_002325,,,,329,61,187,187
gen_002326,,,,,,,
gen_002327,,,,350,136,131,131
gen_002328,,,,,,,
gen_002329,,,,352,87,172,172
gen_002330,,,,304,156,250,250
gen_002331,,,,380,57,167,167
gen_002332,,,,349,75,154,154
gen_002333,,,,366,73,147,147
gen_002334,,,,392,127,170,170
gen_002335,,,,295,31,194,194
gen_002336,,,,359,122,105,105
gen_002337,,,,385,254,74,74
gen_002338,,,,267,80,252,252
gen_002339,,,,342,137,136,136
gen_002340,,,,331,161,170,170
gen_002341,,,,351,109,99,99
gen_002342,,,,317,96,209,209
gen_002343,,,,,,,
gen_002344,,,,293,71,187,187
gen_002345,,,,335,67,184,184
gen_002346,,,,341,119,193,193
gen_002347,,,,429,468,107,107
gen_002348,,,,306,105,187,187
gen_002349,,,,339,325,167,167
gen_002350,,,,349,159,135,135
gen_002351,,,,,,,
gen_002352,,,,338,197,178,178
gen_002353,,,,325,114,192,192
gen_002354,,,,,,,
gen_002355,,,,401,75,169,169
gen_002356,,,,156,705,467,467
gen_002357,,,,417,383,110,110
gen_002358,,,,358,138,135,135
gen_002359,,,,374,83,160,160
gen_002360,,,,343,147,130,130
gen_002361,,,,,,,
gen_002362,,,,150,612,493,493
gen_002363,,,,,,,
gen_002364,,,,364,94,113,113
gen_002365,,,,449,111,112,112
gen_002366,,,,484,1106,60,60
gen_002367,,,,358,60,142,142
gen_002368,,,,,,,
gen_002369,,,,354,75,116,116
gen_002370,,,,338,30,164,164
gen_002371,,,,365,92,154,154
gen_002372,,,,,,,
gen_002373,,,,356,46,122,122
gen_002374,,,,352,133,116,116
gen_002375,176.5,438.5,13.399999618530273,313,35,190,190
gen_002376,,,,374,236,110,110
gen_002377,,,,335,97,120,120
gen_002378,,,,328,83,198,198
gen_002379,,,,,,,
gen_002380,,,,359,135,139,139
gen_002381,,,,361,91,146,146
gen_002382,,,,353,112,123,123
gen_002383,,,,373,67,84,84
gen_002384,,,,319,87,159,159
gen_002385,,,,327,70,181,181
gen_002386,,,,350,85,122,122
gen_002387,,,,333,65,156,156
gen_002388,,,,353,86,128,128
gen_002389,,,,368,77,97,97
gen_002390,,,,,,,
gen_002391,,,,331,82,167,167
gen_002392,,,,314,205,198,198
gen_002393,,,,364,27,106,106
gen_002394,,,,,,,
gen_002395,,,,,,,
gen_002396,,,,328,117,159,159
gen_002397,,,,312,117,163,163
gen_002398,,,,353,109,147,147
gen_002399,,,,322,57,190,190
gen_002400,,,,710,1141,51,51
gen_002401,,,,383,98,119,119
gen_002402,,,,340,125,154,154
gen_002403,,,,350,205,113,113
gen_002404,,,,,,,
gen_002405,,,,369,162,98,98
gen_002406,,,,334,142,191,191
gen_002407,,,,,,,
gen_002408,,,,357,108,231,231
gen_002409,,,,359,45,123,123
gen_002410,,,,406,119,197,197
gen_002411,,,,303,58,181,181
gen_002412,,,,326,164,190,190
gen_002413,,,,335,252,222,222
gen_002414,,,,379,144,167,167
gen_002415,,,,337,87,142,142
gen_002416,,,,352,115,121,121
gen_002417,,,,,,,
gen_002418,,,,346,105,129,129
gen_002419,,,,318,96,171,171
gen_002420,,,,,,,
gen_002421,,,,298,61,175,175
gen_002422,,,,356,150,126,126
gen_002423,,,,472,583,76,76
gen_002424,,,,347,162,130,130
gen_002425,,,,348,70,143,143
gen_002426,335.5,619.5,15.199999809265137,,,,
gen_002427,,,,338,91,195,195
gen_002428,,,,320,127,208,208
gen_002429,,,,348,94,162,162
gen_002430,,,,330,158,188,188
gen_002431,,,,369,63,96,96
gen_002432,,,,337,160,172,172
gen_002433,,,,324,38,184,184
gen_002434,,,,368,115,111,111
gen_002435,,,,304,73,176,176
gen_002436,,,,346,115,142,142
gen_002437,,,,498,457,103,103
gen_002438,,,,308,152,227,227
gen_002439,,,,216,380,348,348
gen_002440,,,,347,126,132,132
gen_002441,,,,320,79,187,187
gen_002442,,,,364,82,129,129
gen_002443,,,,370,69,84,84
gen_002444,,,,364,109,226,226
gen_002445,278.5,775.5,13.199999809265137,376,49,111,111
gen_002446,,,,333,141,167,167
gen_002447,,,,363,89,151,151
gen_002448,,,,320,207,202,202
gen_002449,,,,346,80,232,232
gen_002450,,,,311,1034,96,96
gen_002451,,,,262,489,316,316
gen_002452,,,,314,130,230,230
gen_002453,,,,387,75,103,103
gen_002454,,,,237,450,361,361
gen_002455,,,,330,65,128,128
gen_002456,,,,306,110,204,204
gen_002457,,,,389,60,139,139
gen_002458,,,,326,245,194,194
gen_002459,,,,300,44,212,212
gen_002460,,,,368,113,108,108
gen_002461,,,,413,51,109,109
gen_002462,,,,306,207,226,226
gen_002463,,,,326,119,192,192
gen_002464,,,,333,204,187,187
gen_002465,,,,418,57,118,118
gen_002466,,,,318,252,178,178
gen_002467,,,,302,97,189,189
gen_002468,,,,339,120,108,108
gen_002469,,,,330,196,158,158
gen_002470,,,,343,128,138,138
gen_002471,,,,343,97,261,261
gen_002472,,,,378,154,161,161
gen_002473,,,,305,68,198,198
gen_002474,495.5,542.5,13.800000190734863,364,119,109,109
gen_002475,,,,359,113,137,137
gen_002476,,,,347,93,141,141
gen_002477,,,,326,108,174,174
gen_002478,,,,345,109,145,145
gen_002479,,,,,,,
gen_002480,,,,345,112,168,168
gen_002481,,,,339,43,147,147
gen_002482,,,,302,90,258,258
gen_002483,,,,355,73,130,130
gen_002484,,,,360,140,153,153
gen_002485,,,,310,87,186,186
gen_002486,,,,347,53,143,143
gen_002487,,,,374,53,78,78
gen_002488,,,,343,93,140,140
gen_002489,,,,367,48,92,92
gen_002490,83.5,233.5,19.299999237060547,356,113,137,137
gen_002491,,,,362,108,99,99
gen_002492,,,,365,245,194,194
gen_002493,,,,315,57,193,193
gen_002494,,,,283,316,224,224
gen_002495,,,,340,106,180,180
gen_002496,,,,289,46,204,204
gen_002497,,,,330,180,155,155
gen_002498,,,,333,102,138,138
gen_002499,,,,290,297,484,484
gen_002500,,,,348,137,186,186
gen_002501,,,,340,112,167,167
gen_002502,286.5,295.5,16.0,420,954,162,162
gen_002503,,,,357,79,170,170
gen_002504,,,,335,74,152,152
gen_002505,,,,319,37,198,198
gen_002506,,,,357,211,133,133
gen_002507,,,,283,53,161,161
gen_002508,,,,318,403,64,64
gen_002509,,,,324,48,178,178
gen_002510,,,,368,171,105,105
gen_002511,,,,371,87,142,142
gen_002512,149.5,39.5,14.100000381469727,322,153,191,191
gen_002513,,,,,,,
gen_002514,,,,362,157,95,95
gen_002515,,,,341,146,128,128
gen_002516,,,,297,65,248,248
gen_002517,,,,368,151,108,108
gen_002518,,,,311,463,318,318
gen_002519,655.5,316.5,14.0,178,345,235,235
gen_002520,,,,350,527,167,167
gen_002521,,,,328,83,164,164
gen_002522,,,,304,189,234,234
gen_002523,,,,386,80,195,195
gen_002524,,,,346,162,230,230
gen_002525,,,,372,81,110,110
gen_002526,,,,325,88,185,185
gen_002527,,,,384,189,107,107
gen_000500,,,,331,352,135,135
gen_000501,,,,354,10,84,84
gen_000502,,,,288,66,220,220
gen_000503,,,,323,103,135,135
gen_000504,,,,,,,
gen_000505,,,,,,,
gen_000506,,,,171,746,455,455
gen_000507,,,,,,,
gen_000508,,,,231,411,341,341
gen_000509,,,,,,,
gen_000510,,,,,,,
gen_000511,,,,,,,
gen_000512,,,,,,,
gen_000513,,,,,,,
gen_000514,,,,320,232,131,131
gen_000515,,,,226,101,137,137
gen_000516,,,,,,,
gen_000517,,,,396,163,137,137
gen_000518,,,,275,67,221,221
gen_000519,,,,343,55,129,129
gen_000520,,,,324,81,189,189
gen_000521,,,,,,,
gen_000522,,,,365,403,86,86
gen_000523,,,,,,,
gen_000524,,,,278,61,192,192
gen_000525,,,,369,150,116,116
gen_000526,,,,,,,
gen_000527,,,,534,25,128,128
gen_000528,,,,,,,
gen_000529,,,,376,241,94,94
gen_000530,,,,,,,
gen_000531,,,,,,,
gen_000532,,,,402,123,111,111
gen_000533,,,,,,,
gen_000534,,,,411,124,73,73
gen_000535,,,,357,392,130,130
gen_000536,,,,607,536,144,144
gen_000537,,,,,,,
gen_000538,,,,334,69,118,118
gen_000539,,,,369,160,95,95
gen_000540,,,,408,143,114,114
gen_000541,,,,358,83,126,126
gen_000542,,,,46,822,95,95
gen_000543,,,,,,,
gen_000544,,,,,,,
gen_000545,,,,340,142,135,135
gen_000546,,,,,,,
gen_000547,,,,,,,
gen_000548,,,,328,115,99,99
gen_000549,,,,448,58,68,68
gen_000550,,,,,,,
gen_000551,,,,,,,
gen_000552,,,,370,120,109,109
gen_000553,,,,,,,
gen_000554,,,,321,68,163,163
gen_000555,,,,389,152,100,100
gen_000556,,,,,,,
gen_000557,,,,,,,
gen_000558,,,,304,478,75,75
gen_000559,,,,355,46,114,114
gen_000560,,,,304,107,111,111
gen_000561,,,,,,,
gen_000562,,,,281,56,56,56
gen_000563,,,,285,61,197,197
gen_000564,,,,326,79,283,283
gen_000565,,,,146,34,57,57
gen_000566,,,,282,70,252,252
gen_000567,,,,387,200,114,114
gen_000568,,,,353,71,119,119
gen_000569,,,,,,,
gen_000570,,,,214,15,164,164
gen_000571,,,,,,,
gen_000572,,,,,,,
gen_000573,,,,357,36,128,128
gen_000574,,,,422,172,192,192
gen_000575,,,,392,51,69,69
gen_000576,,,,296,308,71,71
gen_000577,,,,337,132,169,169
gen_000578,,,,258,148,171,171
gen_000579,,,,,,,
gen_000580,,,,352,227,200,200
gen_000581,,,,,,,
gen_000582,,,,,,,
gen_000583,,,,309,131,127,127
gen_000584,,,,,,,
gen_000585,,,,483,529,250,250
gen_000586,,,,255,167,162,162
gen_000587,,,,,,,
gen_000588,,,,,,,
gen_000589,112.5,461.5,19.100000381469727,197,530,161,161
gen_000590,,,,,,,
gen_000591,,,,,,,
gen_000592,,,,347,73,140,140
gen_000593,,,,458,40,59,59
gen_000594,,,,271,58,214,214
gen_000595,,,,297,340,188,188
gen_000596,,,,339,52,128,128
gen_000597,,,,284,29,191,191
gen_000598,,,,,,,
gen_000599,,,,,,,
gen_000600,,,,428,852,62,62
gen_000601,,,,612,430,120,120
gen_000602,,,,356,398,161,161
gen_000603,,,,,,,
gen_000604,,,,,,,
gen_000605,,,,,,,
gen_000606,,,,458,259,173,173
gen_000607,,,,357,145,133,133
gen_000608,,,,391,109,115,115
gen_000609,,,,,,,
gen_000610,,,,,,,
gen_000611,,,,387,278,57,57
gen_000612,,,,,,,
gen_000613,,,,355,25,142,142
gen_000614,,,,178,76,211,211
gen_000615,,,,,,,
gen_000616,,,,,,,
gen_000617,,,,,,,
gen_000618,,,,210,319,179,179
gen_000619,,,,,,,
gen_000620,,,,9,601,128,128
gen_000621,,,,284,15,210,210
gen_000622,556.5,920.5,16.799999237060547,,,,
gen_000623,,,,327,76,172,172
gen_002528,,,,,,,
gen_002529,,,,309,93,200,200
gen_002530,,,,,,,
gen_002531,,,,,,,
gen_002532,,,,470,210,95,95
gen_002533,,,,,,,
gen_002534,,,,333,126,100,100
gen_002535,,,,6,328,52,52
gen_002536,,,,119,276,183,183
gen_002537,,,,,,,
gen_002538,,,,,,,
gen_002539,,,,361,84,108,108
gen_002540,,,,409,272,112,112
gen_002541,,,,,,,
gen_002542,,,,302,203,164,164
gen_002543,,,,209,59,54,54
gen_002544,,,,,,,
gen_002545,,,,365,151,122,122
gen_002546,,,,352,110,187,187
gen_002547,,,,369,21,121,121
gen_002548,,,,,,,
gen_002549,,,,381,6,116,116
gen_002550,,,,,,,
gen_002551,,,,371,176,113,113
gen_002552,,,,,,,
gen_002553,,,,314,119,124,124
gen_002554,,,,,,,
gen_002555,,,,373,108,81,81
gen_002556,,,,300,164,235,235
gen_002557,,,,,,,
gen_002558,,,,350,177,104,104
gen_002559,,,,,,,
gen_002560,,,,364,115,105,105
gen_002561,491.5,589.5,17.899999618530273,,,,
gen_002562,,,,327,127,162,162
gen_002563,,,,225,161,91,91
gen_002564,,,,,,,
gen_002565,,,,,,,
gen_002566,,,,,,,
gen_002567,,,,,,,
gen_002568,,,,346,488,215,215
gen_002569,,,,374,42,165,165
gen_002570,,,,350,164,130,130
gen_002571,,,,334,68,141,141
gen_002572,,,,,,,
gen_002573,,,,,,,
gen_002574,,,,401,139,81,81
gen_002575,,,,276,378,294,294
gen_002576,,,,286,122,196,196
gen_002577,,,,316,133,141,141
gen_002578,,,,327,116,168,168
gen_002579,,,,,,,
gen_002580,,,,,,,
gen_002581,,,,,,,
gen_002582,,,,,,,
gen_002583,,,,356,5,56,56
gen_002584,779.5,310.5,12.300000190734863,423,259,154,154
gen_002585,,,,340,54,163,163
gen_002586,,,,324,184,192,192
gen_002587,,,,,,,
gen_002588,,,,345,92,159,159
gen_002589,,,,481,131,53,53
gen_002590,,,,336,163,167,167
gen_002591,,,,399,226,58,58
gen_002592,,,,349,142,168,168
gen_002593,,,,379,10,84,84
gen_002594,,,,334,397,152,152
gen_002595,,,,,,,
gen_002596,24.5,266.5,19.600000381469727,,,,
gen_002597,,,,,,,
gen_002598,,,,,,,
gen_002599,,,,381,10,89,89
gen_002600,,,,,,,
gen_002601,,,,375,80,120,120
gen_002602,,,,658,708,54,54
gen_002603,,,,,,,
gen_002604,,,,334,272,133,133
gen_002605,,,,281,104,170,170
gen_002606,,,,370,106,170,170
gen_002607,,,,,,,
gen_002608,,,,,,,
gen_002609,,,,,,,
gen_002610,,,,,,,
gen_002611,,,,353,149,130,130
gen_002612,,,,375,47,110,110
gen_002613,,,,345,55,73,73
gen_002614,,,,,,,
gen_002615,,,,443,48,124,124
gen_002616,,,,306,176,165,165
gen_002617,,,,,,,
gen_002618,,,,352,152,179,179
gen_002619,,,,,,,
gen_002620,,,,389,154,103,103
gen_002621,,,,,,,
gen_002622,,,,673,568,81,81
gen_002623,,,,265,309,296,296
gen_002624,,,,,,,
gen_002625,,,,,,,
gen_002626,,,,339,52,117,117
gen_002627,,,,,,,
gen_002628,,,,345,244,151,151
gen_002629,,,,457,56,145,145
gen_002630,,,,385,313,140,140
gen_002631,,,,,,,
gen_002632,,,,299,490,203,203
gen_002633,,,,,,,
gen_002634,,,,334,82,189,189
gen_002635,,,,,,,
gen_002636,,,,,,,
gen_002637,641.5,539.5,14.100000381469727,324,117,90,90
gen_002638,,,,282,150,198,198
gen_002639,,,,,,,
gen_002640,,,,,,,
gen_002641,,,,,,,
gen_002642,,,,372,76,120,120
gen_002643,,,,397,138,148,148
gen_002644,,,,,,,
gen_002645,,,,345,16,150,150
gen_002646,,,,241,24,217,217
gen_002647,,,,,,,
gen_002648,,,,34,455,66,66
gen_002649,,,,119,353,149,149
gen_002650,,,,,,,
gen_002651,,,,344,45,122,122
gen_002652,,,,297,15,263,263
gen_002653,,,,372,84,66,66
gen_002654,,,,,,,
gen_002655,,,,,,,
gen_002656,,,,,,,
gen_002657,,,,,,,
gen_002658,,,,75,299,74,74
gen_002659,,,,,,,
gen_002660,,,,368,162,91,91
gen_002661,,,,248,277,150,150
gen_002662,,,,334,109,88,88
gen_002663,,,,,,,
gen_002664,,,,348,265,96,96
gen_002665,,,,,,,
gen_002666,,,,413,507,71,71
gen_002667,,,,,,,
gen_002668,,,,,,,
gen_002669,,,,,,,
gen_002670,,,,259,19,262,262
gen_002671,,,,,,,
gen_002672,,,,402,168,89,89
gen_002673,,,,,,,
gen_002674,,,,249,1045,77,77
gen_002675,,,,,,,
gen_002676,,,,287,165,211,211
gen_002677,,,,,,,
gen_002678,,,,,,,
gen_002679,,,,,,,
gen_002680,,,,,,,
gen_002681,,,,,,,
gen_002682,315.5,490.5,26.600000381469727,,,,
gen_002683,,,,,,,
gen_002684,,,,320,200,162,162
gen_002685,,,,366,108,103,103
gen_002686,,,,,,,
gen_002687,,,,362,11,110,110
gen_002688,,,,50,835,52,52
gen_002689,,,,,,,
gen_002690,,,,374,203,98,98
gen_002691,,,,441,105,146,146
gen_002692,,,,,,,
gen_002693,,,,,,,
gen_002694,,,,236,201,373,373
gen_002695,,,,356,150,122,122
gen_002696,,,,,,,
gen_002697,,,,,,,
gen_002698,,,,429,139,55,55
gen_002699,,,,344,33,66,66
gen_002700,,,,,,,
gen_002701,,,,,,,
gen_002702,,,,,,,
gen_002703,,,,328,154,124,124
gen_002704,,,,207,155,185,185
gen_002705,,,,346,6,64,64
gen_002706,,,,,,,
gen_002707,,,,370,124,85,85
gen_002708,,,,375,68,128,128
gen_002709,,,,,,,
gen_002710,,,,241,126,213,213
gen_002711,,,,,,,
gen_002712,,,,371,301,76,76
gen_002713,,,,,,,
gen_002714,,,,324,96,141,141
gen_002715,,,,,,,
gen_002716,,,,342,59,164,164
gen_002717,,,,399,30,116,116
gen_002718,,,,,,,
gen_002719,,,,274,140,55,55
gen_002720,,,,343,264,111,111
gen_002721,,,,,,,
gen_002722,,,,,,,
gen_002723,,,,337,35,100,100
gen_002724,,,,109,502,363,363
gen_002725,,,,,,,
gen_002726,,,,308,154,188,188
gen_002727,,,,,,,
gen_002728,,,,,,,
gen_002729,,,,,,,
gen_002730,,,,332,59,105,105
gen_002731,,,,,,,
gen_002732,,,,336,110,158,158
gen_002733,,,,89,284,248,248
gen_002734,,,,379,93,113,113
gen_002735,,,,264,125,185,185
gen_002736,,,,,,,
gen_002737,,,,365,61,100,100
gen_002738,,,,,,,
gen_002739,,,,366,246,88,88
gen_002740,,,,,,,
gen_002741,,,,396,74,134,134
gen_002742,,,,297,617,343,343
gen_002743,,,,,,,
gen_002744,,,,,,,
gen_002745,,,,,,,
gen_002746,,,,665,424,105,105
gen_002747,,,,345,192,121,121
gen_002748,,,,,,,
gen_002749,,,,,,,
gen_002750,,,,90,1089,60,60
gen_002751,,,,365,68,77,77
gen_002752,,,,,,,
gen_002753,,,,,,,
gen_002754,,,,,,,
gen_002755,,,,,,,
gen_002756,,,,,,,
gen_002757,,,,,,,
gen_002758,,,,313,119,184,184
gen_002759,,,,232,149,51,51
gen_002760,,,,,,,
gen_002761,,,,,,,
gen_002762,,,,,,,
gen_002763,,,,372,117,94,94
gen_002764,,,,177,595,188,188
gen_002765,,,,,,,
gen_002766,,,,,,,
gen_002767,,,,,,,
gen_002768,,,,,,,
gen_002769,,,,350,80,124,124
gen_002770,,,,314,86,155,155
gen_002771,,,,173,182,76,76
gen_002772,,,,279,350,182,182
gen_002773,,,,,,,
gen_002774,,,,300,137,227,227
gen_002775,,,,249,29,188,188
gen_002776,,,,405,311,160,160
gen_002777,,,,328,41,150,150
gen_002778,,,,355,88,117,117
gen_002779,,,,365,3,133,133
gen_002780,,,,292,68,194,194
gen_002781,,,,290,38,148,148
gen_002782,,,,,,,
gen_002783,,,,362,117,122,122
gen_002784,,,,130,568,240,240
gen_002785,,,,368,85,74,74
gen_002786,,,,,,,
gen_002787,507.5,186.5,42.70000076293945,327,17,165,165
gen_002788,,,,100,272,400,400
gen_002789,,,,296,142,62,62
gen_002790,,,,,,,
gen_002791,,,,289,93,129,129
gen_002792,,,,299,223,228,228
gen_002793,,,,367,204,95,95
gen_002794,,,,,,,
gen_002795,,,,354,266,155,155
gen_002796,,,,334,48,115,115
gen_002797,,,,388,191,100,100
gen_002798,,,,374,287,170,170
gen_002799,,,,,,,
gen_002800,,,,409,197,104,104
gen_002801,,,,,,,
gen_002802,,,,,,,
gen_002803,,,,,,,
gen_002804,,,,407,161,189,189
gen_002805,,,,506,437,50,50
gen_002806,,,,,,,
gen_002807,,,,,,,
gen_002808,,,,289,183,183,183
gen_002809,,,,364,110,136,136
gen_002810,,,,,,,
gen_002811,,,,,,,
gen_002812,,,,380,78,106,106
gen_002813,,,,,,,
gen_002814,,,,,,,
gen_002815,,,,,,,
gen_002816,,,,,,,
gen_002817,,,,,,,
gen_002818,,,,313,68,185,185
gen_002819,,,,,,,
gen_002820,,,,313,91,200,200
gen_002821,,,,283,10,158,158
gen_002822,,,,297,114,211,211
gen_002823,,,,347,216,87,87
gen_002824,,,,360,89,100,100
gen_002825,,,,,,,
gen_002826,,,,371,367,136,136
gen_002827,,,,,,,
gen_002828,,,,258,156,208,208
gen_002829,,,,286,127,213,213
gen_002830,,,,,,,
gen_002831,,,,,,,
gen_002832,,,,,,,
gen_002833,,,,353,44,105,105
gen_002834,,,,432,407,66,66
gen_002835,,,,,,,
gen_002836,185.5,692.5,20.799999237060547,520,830,193,193
gen_002837,,,,,,,
gen_002838,,,,114,1043,61,61
gen_002839,,,,,,,
gen_002840,,,,158,57,167,167
gen_002841,,,,,,,
gen_002842,,,,,,,
gen_002843,,,,,,,
gen_002844,,,,313,459,85,85
gen_002845,,,,387,79,79,79
gen_002846,,,,,,,
gen_002847,,,,247,117,144,144
gen_002848,,,,,,,
gen_002849,,,,350,90,153,153
gen_002850,,,,,,,
gen_002851,,,,,,,
gen_002852,,,,,,,
gen_002853,,,,,,,
gen_002854,,,,,,,
gen_002855,,,,484,24,60,60
gen_002856,,,,,,,
gen_002857,,,,366,187,126,126
gen_002858,,,,388,112,103,103
gen_002859,,,,435,224,57,57
gen_002860,,,,346,679,381,381
gen_002861,,,,,,,
gen_002862,,,,296,45,196,196
gen_002863,,,,262,36,164,164
gen_002864,,,,368,207,100,100
gen_002865,,,,329,83,180,180
gen_002866,,,,,,,
gen_002867,,,,,,,
gen_002868,,,,263,672,382,382
gen_002869,,,,346,78,153,153
gen_002870,,,,,,,
gen_002871,,,,,,,
gen_002872,,,,297,77,240,240
gen_002873,,,,,,,
gen_002874,,,,,,,
gen_002875,,,,326,57,115,115
gen_002876,,,,,,,
gen_002877,,,,391,40,124,124
gen_002878,,,,,,,
gen_002879,,,,281,181,193,193
gen_002880,,,,,,,
gen_002881,,,,336,167,111,111
gen_002882,,,,,,,
gen_002883,,,,559,82,96,96
gen_002884,,,,376,452,69,69
gen_002885,,,,439,53,133,133
gen_002886,,,,295,212,164,164
gen_002887,,,,,,,
gen_002888,,,,72,476,117,117
gen_002889,,,,,,,
gen_002890,,,,325,206,105,105
gen_002891,,,,396,188,108,108
gen_002892,,,,359,302,128,128
gen_002893,,,,,,,
gen_002894,,,,,,,
gen_002895,,,,315,100,157,157
gen_002896,,,,,,,
gen_002897,,,,324,69,157,157
gen_002898,,,,,,,
gen_002899,,,,375,30,83,83
gen_002900,,,,368,75,122,122
gen_002901,,,,,,,
gen_002902,,,,385,393,135,135
gen_002903,,,,,,,
gen_002904,,,,372,136,166,166
gen_002905,,,,353,95,140,140
gen_002906,,,,294,67,231,231
gen_002907,,,,379,199,116,116
gen_002908,,,,348,102,119,119
gen_002909,,,,,,,
gen_002910,,,,358,123,107,107
gen_002911,,,,337,109,171,171
gen_002912,,,,,,,
gen_002913,,,,,,,
gen_002914,,,,318,302,137,137
gen_002915,,,,330,34,143,143
gen_002916,,,,394,194,96,96
gen_002917,,,,387,145,66,66
gen_002918,,,,,,,
gen_002919,,,,347,47,165,165
gen_002920,,,,367,341,124,124
gen_002921,,,,374,312,126,126
gen_002922,,,,134,522,539,539
gen_002923,,,,404,67,141,141
gen_002924,,,,,,,
gen_002925,,,,,,,
gen_002926,,,,,,,
gen_002927,,,,370,113,110,110
gen_002928,,,,301,375,184,184
gen_002929,,,,371,29,87,87
gen_002930,,,,,,,
gen_002931,,,,385,43,80,80
gen_002932,,,,355,323,132,132
gen_002933,,,,120,591,75,75
gen_002934,,,,,,,
gen_002935,,,,,,,
gen_002936,,,,,,,
gen_002937,,,,295,7,151,151
gen_002938,,,,115,796,159,159
gen_002939,,,,,,,
gen_002940,,,,339,49,138,138
gen_002941,,,,,,,
gen_002942,,,,,,,
gen_002943,,,,506,210,136,136
gen_002944,,,,616,985,201,201
gen_002945,,,,,,,
gen_002946,,,,206,791,158,158
gen_002947,,,,,,,
gen_002948,,,,,,,
gen_002949,,,,,,,
gen_002950,,,,,,,
gen_002951,,,,371,31,111,111
gen_002952,,,,,,,
gen_002953,,,,,,,
gen_002954,,,,,,,
gen_002955,,,,314,95,199,199
gen_002956,82.5,739.5,16.899999618530273,309,299,153,153
gen_002957,,,,367,164,133,133
gen_002958,,,,387,124,130,130
gen_002959,,,,,,,
gen_002960,,,,406,83,111,111
gen_002961,629.5,424.5,16.299999237060547,340,64,150,150
gen_002962,,,,,,,
gen_002963,,,,341,41,133,133
gen_002964,,,,,,,
gen_002965,,,,389,72,78,78
gen_002966,,,,284,320,228,228
gen_002967,,,,,,,
gen_002968,,,,318,685,54,54
gen_002969,,,,,,,
gen_002970,,,,327,82,202,202
gen_002971,,,,,,,
gen_002972,,,,308,168,171,171
gen_002973,,,,368,271,104,104
gen_002974,,,,348,95,106,106
gen_002975,,,,,,,
gen_002976,,,,361,76,189,189
gen_002977,,,,418,218,82,82
gen_002978,,,,294,185,227,227
gen_002979,,,,339,72,131,131
gen_002980,,,,,,,
gen_002981,,,,295,36,141,141
gen_002982,,,,,,,
gen_002983,,,,,,,
gen_002984,,,,611,704,143,143
gen_002985,,,,,,,
gen_002986,,,,271,166,196,196
gen_002987,,,,,,,
gen_002988,,,,298,376,103,103
gen_002989,,,,,,,
gen_002990,,,,341,108,118,118
gen_002991,,,,355,137,140,140
gen_002992,,,,63,28,249,249
gen_002993,,,,,,,
gen_002994,,,,,,,
gen_002995,,,,371,191,148,148
gen_002996,,,,,,,
gen_002997,,,,,,,
gen_002998,,,,273,155,218,218
gen_002999,,,,305,76,181,181
gen_003000,,,,326,301,177,177
gen_003001,793.5,201.5,14.699999809265137,348,29,167,167
gen_003002,,,,279,173,184,184
gen_003003,,,,,,,
