image_id,condition,logit
621167,original,12.683878898620605
780930,original,7.754036903381348
140859,original,8.624801635742188
1261919,original,8.563956260681152
464898,original,8.773452758789062
1186861,original,9.552189826965332
797190,original,12.572861671447754
838263,original,12.975958824157715
386688,original,9.964044570922852
1119392,original,10.430846214294434
647756,original,2.610382556915283
948753,original,8.5580472946167
598864,original,9.692089080810547
1021263,original,7.574129581451416
1006155,original,10.551972389221191
803689,original,5.155937671661377
908871,original,6.214851379394531
1056303,original,14.049296379089355
1244784,original,10.46634292602539
882202,original,13.383082389831543
1234200,original,10.878572463989258
910803,original,7.721078872680664
794285,original,6.1082305908203125
513457,original,6.343066692352295
487524,original,11.2232084274292
384555,original,2.300400495529175
383792,original,9.828925132751465
1122751,original,11.869878768920898
702818,original,7.879121780395508
1002337,original,3.9284024238586426
887906,original,10.122747421264648
707340,original,7.572996139526367
682959,original,2.788642644882202
909903,original,8.499378204345703
1065005,original,14.4503755569458
911557,original,14.328664779663086
1308759,original,4.915720462799072
396290,original,3.4035208225250244
73290,original,2.9098598957061768
1096035,original,10.837825775146484
1325559,original,5.30881404876709
111255,original,10.398589134216309
871400,original,15.011249542236328
709252,original,5.097126007080078
946133,original,11.259984016418457
394048,original,9.186105728149414
756306,original,5.386106491088867
1054374,original,2.5889832973480225
187081,original,11.834996223449707
1169741,original,14.17587947845459
1093624,original,6.79229736328125
581614,original,6.614230155944824
1220099,original,13.823741912841797
523014,original,5.228302001953125
1082948,original,8.148173332214355
914545,original,9.366822242736816
831716,original,6.236900806427002
104498,original,7.816504955291748
677599,original,6.259214401245117
622131,original,10.812089920043945
937707,original,18.053186416625977
870960,original,10.621732711791992
930353,original,13.015271186828613
778526,original,10.89273738861084
340069,original,12.502978324890137
413443,original,12.07786750793457
1194110,original,5.653690338134766
211044,original,12.865077018737793
1311628,original,12.13369083404541
833367,original,14.639360427856445
762750,original,7.553071022033691
393045,original,7.260349273681641
1345189,original,10.294881820678711
103264,original,9.049010276794434
1293881,original,10.138785362243652
4380,original,5.558134078979492
507218,original,5.710687160491943
1152157,original,11.261889457702637
398197,original,8.131505012512207
490895,original,12.37524127960205
188418,original,7.260538578033447
621652,original,7.0715131759643555
1291120,original,11.902241706848145
719945,original,14.074287414550781
442689,original,4.930363655090332
947195,original,6.408206462860107
1052154,original,16.552270889282227
136770,original,13.147154808044434
1325443,original,7.236867904663086
973737,original,8.676580429077148
539881,original,8.634007453918457
1267693,original,8.786796569824219
1227516,original,11.932594299316406
1042236,original,15.842367172241211
982108,original,7.762535572052002
437553,original,11.15333080291748
1219357,original,10.0512113571167
1322314,original,8.63732624053955
1014796,original,4.7101030349731445
1100727,original,4.158272743225098
609380,original,4.892026901245117
1250833,original,4.629339694976807
954884,original,9.6402006149292
919467,original,12.266620635986328
1104582,original,13.40652847290039
465643,original,7.890748977661133
409465,original,9.015278816223145
341819,original,5.996358871459961
981677,original,9.152373313903809
617987,original,8.60755443572998
678657,original,8.196112632751465
462619,original,8.838967323303223
375308,original,11.791502952575684
377397,original,10.88018798828125
355228,original,4.255086898803711
371987,original,12.121869087219238
1232525,original,8.355374336242676
1042574,original,4.509108543395996
769464,original,10.157668113708496
907321,original,10.146363258361816
545690,original,7.852827072143555
1027845,original,10.174029350280762
953935,original,13.109346389770508
933466,original,12.700965881347656
991792,original,13.124000549316406
764798,original,11.221748352050781
1087986,original,4.354257583618164
1108625,original,9.680636405944824
1113432,original,11.155339241027832
502810,original,6.302582740783691
801545,original,10.341691017150879
309442,original,5.4354119300842285
810874,original,9.99897289276123
492742,original,9.23554515838623
1156502,original,6.912315368652344
711110,original,8.65393352508545
1033017,original,7.769529342651367
366482,original,9.209954261779785
17471,original,8.21857738494873
835678,original,13.06789779663086
506162,original,13.593829154968262
210347,original,9.94259262084961
926260,original,12.360343933105469
729712,original,8.159208297729492
1175004,original,3.164710760116577
1173478,original,12.414787292480469
997622,original,12.0316162109375
372499,original,8.658815383911133
941251,original,9.166773796081543
373550,original,7.339742183685303
213494,original,10.806779861450195
1300741,original,10.50426197052002
675794,original,6.381706237792969
953534,original,9.026183128356934
1224082,original,4.878907203674316
1222319,original,8.814866065979004
704220,original,5.463943004608154
1070784,original,6.96384334564209
926714,original,11.711709022521973
1003809,original,5.999912261962891
1053076,original,12.958582878112793
1172949,original,6.620594024658203
376249,original,8.32529067993164
949424,original,9.555277824401855
863183,original,12.716767311096191
760162,original,10.921442985534668
1059729,original,9.30260181427002
897281,original,7.075718402862549
1311559,original,2.8063764572143555
754093,original,8.900227546691895
926101,original,11.128483772277832
582178,original,6.6884050369262695
1032814,original,-0.09905540943145752
1233583,original,7.62225866317749
820570,original,8.654692649841309
847169,original,12.101248741149902
986940,original,10.532957077026367
1152439,original,13.014164924621582
946010,original,14.656950950622559
323697,original,5.189322471618652
764150,original,10.385540962219238
818509,original,14.712342262268066
650017,original,5.400232315063477
1217119,original,6.633986473083496
1256142,original,7.6401166915893555
841850,original,6.021003723144531
944543,original,14.187975883483887
1189369,original,8.473888397216797
954982,original,6.537073135375977
1298510,original,8.770537376403809
509376,original,4.721340179443359
929233,original,6.6464128494262695
655112,original,7.928908348083496
1190371,original,7.365969657897949
1246902,original,8.155986785888672
715674,original,10.480534553527832
1248307,original,11.178354263305664
52856,original,5.05047082901001
1161486,original,6.093276023864746
2738,original,6.614391326904297
376491,original,6.398622989654541
1102478,original,5.834901809692383
846370,original,4.962867259979248
553052,original,8.624153137207031
750922,original,5.830256462097168
573848,original,7.044920921325684
384168,original,11.119436264038086
491172,original,9.601630210876465
490007,original,11.327392578125
268175,original,10.59865951538086
1103342,original,11.516945838928223
1220610,original,9.43697452545166
604361,original,9.118603706359863
853044,original,15.957332611083984
1056946,original,12.251992225646973
764938,original,8.962220191955566
371713,original,7.486560344696045
1180827,original,15.371565818786621
366642,original,4.5468292236328125
952322,original,8.089999198913574
1275755,original,9.170869827270508
668661,original,5.326424598693848
377104,original,8.700141906738281
327196,original,7.291933536529541
460429,original,6.5256757736206055
470561,original,10.277656555175781
465842,original,5.735797882080078
461125,original,5.061640739440918
1310986,original,7.109916687011719
1101540,original,9.825577735900879
474556,original,6.465100288391113
457939,original,9.179972648620605
535434,original,8.927249908447266
534895,original,5.349096775054932
889498,original,10.487055778503418
1077317,original,10.985308647155762
1222892,original,11.487020492553711
358391,original,9.089941024780273
594254,original,9.016019821166992
466048,original,0.1600482165813446
527754,original,13.172213554382324
453886,original,4.889520645141602
467000,original,11.242158889770508
361022,original,7.355367660522461
534379,original,6.79753303527832
227741,original,5.8903303146362305
1004518,original,11.162705421447754
222720,original,12.699475288391113
1152564,original,10.815702438354492
1105529,original,13.44285774230957
421520,original,9.761033058166504
588350,original,11.422553062438965
955813,original,6.658151626586914
783080,original,6.436164855957031
447210,original,11.413519859313965
46777,original,7.479248523712158
1060000,original,8.241819381713867
447524,original,11.93376350402832
985917,original,8.746554374694824
1017237,original,10.964564323425293
1241284,original,12.4741849899292
904548,original,8.998536109924316
796892,original,9.64395809173584
899163,original,7.372265815734863
1150939,original,11.186968803405762
818048,original,13.261087417602539
1202156,original,6.832395076751709
686935,original,12.94572639465332
1137062,original,7.4958600997924805
567448,original,6.352103233337402
1286215,original,6.935983180999756
221072,original,10.910834312438965
1253792,original,12.13637638092041
535280,original,8.467570304870605
569890,original,9.444559097290039
913930,original,4.405268669128418
8114,original,13.034010887145996
1202099,original,6.49380350112915
459182,original,6.736928462982178
446590,original,9.737778663635254
976218,original,10.46668529510498
1319676,original,10.707372665405273
1240495,original,7.146726608276367
533393,original,8.790404319763184
861566,original,8.131911277770996
1076553,original,4.645303726196289
1203062,original,6.074390411376953
1325624,original,8.81362533569336
693257,original,10.915814399719238
1202756,original,5.220250129699707
917969,original,8.79133129119873
1106803,original,9.43720531463623
1097650,original,11.772610664367676
472770,original,6.33486270904541
971225,original,7.700802326202393
509808,original,10.095114707946777
771942,original,8.234332084655762
469372,original,5.62937068939209
836710,original,6.004772186279297
43479,original,9.931341171264648
917976,original,8.809301376342773
114940,original,6.843283176422119
1206283,original,10.315408706665039
57120,original,10.292449951171875
552584,original,3.0168590545654297
1108540,original,10.203866004943848
1012096,original,11.132908821105957
1056078,original,14.611634254455566
468206,original,8.381001472473145
660751,original,6.097986221313477
572643,original,12.444243431091309
1329219,original,8.561253547668457
892858,original,10.09046459197998
830132,original,10.880755424499512
649469,original,13.837512016296387
922384,original,12.30484676361084
159711,original,6.834747791290283
1203419,original,4.034186363220215
460125,original,4.759832382202148
1284862,original,-0.22732943296432495
662298,original,10.285812377929688
1099563,original,12.92456340789795
1339489,original,6.975386142730713
574597,original,6.320582389831543
453645,original,7.379363059997559
534512,original,4.736746788024902
1176325,original,11.5595064163208
448303,original,6.785233497619629
986966,original,5.903957843780518
1072945,original,11.987736701965332
531531,original,6.352583885192871
738347,original,8.783356666564941
797088,original,9.604653358459473
649893,original,8.194308280944824
781486,original,5.581198692321777
1200661,original,12.422866821289062
342103,original,10.621559143066406
317704,original,6.494056224822998
1217821,original,7.349654674530029
710049,original,6.616598606109619
204144,original,9.429068565368652
1208544,original,12.446934700012207
1265002,original,10.748960494995117
426492,original,11.93962287902832
1213455,original,0.16660219430923462
323350,original,14.459765434265137
517965,original,3.142414093017578
816949,original,11.209007263183594
270171,original,7.567563056945801
263183,original,8.526220321655273
518611,original,7.88835334777832
1231839,original,12.48874568939209
205150,original,5.613705635070801
1216634,original,13.82091236114502
296302,original,13.624321937561035
1163161,original,11.746071815490723
1160776,original,8.878376960754395
404904,original,12.966268539428711
1272711,original,8.431754112243652
894964,original,3.1893725395202637
962055,original,12.905102729797363
1261164,original,5.006736755371094
296278,original,14.46467113494873
1257150,original,9.241057395935059
956436,original,11.797394752502441
755684,original,11.669283866882324
102991,original,16.55223846435547
499541,original,5.152807235717773
1215323,original,5.429634094238281
1149731,original,13.245163917541504
87955,original,9.452113151550293
1249266,original,8.787031173706055
1259497,original,7.9627227783203125
1250142,original,5.133162498474121
103668,original,13.977839469909668
500899,original,9.64191722869873
1096482,original,12.219539642333984
340146,original,13.138596534729004
1211389,original,12.102124214172363
498936,original,7.750736236572266
1215165,original,10.967365264892578
1269212,original,5.905903339385986
103198,original,10.918009757995605
519699,original,9.670341491699219
520229,original,3.041595697402954
1274191,original,5.585212230682373
280614,original,9.502449989318848
328786,original,12.652142524719238
63137,original,8.916389465332031
1018410,original,12.519294738769531
1269377,original,10.018427848815918
1002057,original,11.187501907348633
155144,original,10.812308311462402
1346783,original,12.029706001281738
1163564,original,13.447173118591309
1161642,original,11.000088691711426
502448,original,15.678114891052246
1134351,original,8.954009056091309
767339,original,14.43461799621582
139562,original,15.416849136352539
327054,original,11.95053768157959
294571,original,13.39488697052002
1309485,original,7.984726905822754
501676,original,8.853302955627441
101424,original,2.1985554695129395
493559,original,13.438672065734863
769066,original,4.271944046020508
1250127,original,6.438261985778809
906195,original,6.740123748779297
723642,original,11.92880916595459
345071,original,7.720860004425049
950124,original,6.773336410522461
1218989,original,10.037245750427246
1263446,original,12.176916122436523
925205,original,12.2537260055542
1208414,original,7.1549296379089355
688750,original,12.25133991241455
787129,original,8.995233535766602
425969,original,11.558623313903809
1135638,original,8.059187889099121
501544,original,9.636420249938965
816383,original,8.255328178405762
943119,original,13.904288291931152
669870,original,8.277158737182617
499018,original,9.611817359924316
1110472,original,10.634981155395508
1015188,original,9.326637268066406
1274592,original,9.233083724975586
1271680,original,7.617552757263184
230111,original,11.588824272155762
1265642,original,7.714410305023193
717653,original,12.953471183776855
254247,original,7.981621265411377
1280461,original,9.289155006408691
17972,original,11.83402156829834
296322,original,11.533308982849121
426674,original,11.04737663269043
493518,original,7.603708744049072
427440,original,13.440703392028809
1041244,original,12.452289581298828
138895,original,10.709429740905762
522891,original,4.803866386413574
1224731,original,12.46430492401123
1104296,original,10.171028137207031
849929,original,9.293773651123047
830646,original,8.152798652648926
1161667,original,12.861319541931152
1224880,original,10.74890422821045
gen_000677,original,-10.617850303649902
gen_000680,original,-10.210844039916992
gen_000683,original,-6.803219795227051
gen_000686,original,-15.911955833435059
gen_000689,original,-9.7174711227417
gen_000692,original,-15.202616691589355
gen_000695,original,-11.651018142700195
gen_000698,original,-11.111716270446777
gen_000701,original,-3.670304536819458
gen_000704,original,-18.279497146606445
gen_000707,original,-16.032991409301758
gen_000710,original,-4.430431842803955
gen_000713,original,-11.65571117401123
gen_000716,original,-16.14944839477539
gen_000719,original,-12.335480690002441
gen_000722,original,-11.531891822814941
gen_000725,original,-12.536293983459473
gen_000728,original,-9.62928295135498
gen_000731,original,-13.601210594177246
gen_000734,original,-9.738724708557129
gen_000737,original,-11.275223731994629
gen_000740,original,-11.226164817810059
gen_000796,original,-12.181373596191406
gen_000799,original,-6.1024370193481445
gen_000802,original,-12.941859245300293
gen_000805,original,-9.308069229125977
gen_000808,original,-16.6294002532959
gen_000811,original,-8.363834381103516
gen_000814,original,-9.79076099395752
gen_000817,original,-7.619897842407227
gen_000820,original,-10.993226051330566
gen_000823,original,-6.6207709312438965
gen_000826,original,-7.918238162994385
gen_000829,original,-11.113958358764648
gen_000832,original,-6.405795574188232
gen_000835,original,-14.08376693725586
gen_000838,original,-11.691490173339844
gen_000841,original,-6.690880298614502
gen_000844,original,-13.373969078063965
gen_000847,original,-14.168879508972168
gen_000850,original,-6.640992164611816
gen_000853,original,-11.971939086914062
gen_000856,original,-11.94947338104248
gen_000859,original,-10.58607006072998
gen_000915,original,-15.607605934143066
gen_000918,original,-14.543181419372559
gen_000921,original,-7.294293403625488
gen_000924,original,-13.12756633758545
gen_000927,original,-15.471348762512207
gen_000930,original,-7.957868576049805
gen_000933,original,-11.938197135925293
gen_000936,original,-7.659250259399414
gen_000939,original,-9.727754592895508
gen_000942,original,-9.860487937927246
gen_000945,original,-10.676770210266113
gen_000948,original,-7.596059799194336
gen_000951,original,-9.866955757141113
gen_000954,original,-18.754762649536133
gen_000957,original,-15.366236686706543
gen_000960,original,-2.849099636077881
gen_000963,original,-15.481917381286621
gen_000966,original,-10.747082710266113
gen_000969,original,-8.860776901245117
gen_000972,original,2.4956812858581543
gen_000975,original,-13.671055793762207
gen_000978,original,-4.725408554077148
gen_001034,original,-7.935331344604492
gen_001037,original,-0.56966632604599
gen_001040,original,-12.217972755432129
gen_001043,original,-8.661946296691895
gen_001046,original,-12.385048866271973
gen_001049,original,-17.058860778808594
gen_001052,original,-18.694812774658203
gen_001055,original,-11.507220268249512
gen_001058,original,-9.22838020324707
gen_001061,original,-12.779923439025879
gen_001064,original,-12.634541511535645
gen_001067,original,-12.516500473022461
gen_001070,original,-9.182404518127441
gen_001073,original,-11.214950561523438
gen_001076,original,-17.607622146606445
gen_001079,original,-8.233012199401855
gen_001082,original,-11.521151542663574
gen_001085,original,-1.5489951372146606
gen_001088,original,-9.469950675964355
gen_001091,original,-17.502885818481445
gen_001094,original,-13.403807640075684
gen_001097,original,-12.942082405090332
gen_001153,original,-15.69648265838623
gen_001156,original,-14.190704345703125
gen_001159,original,-11.861079216003418
gen_001162,original,-13.712517738342285
gen_001165,original,-13.39901065826416
gen_001168,original,-12.722678184509277
gen_001171,original,-11.839200019836426
gen_001174,original,-12.347349166870117
gen_001177,original,-9.653185844421387
gen_001180,original,-11.004392623901367
gen_001183,original,-10.725661277770996
gen_001186,original,-11.599538803100586
gen_001189,original,-8.333052635192871
gen_001192,original,-10.912999153137207
gen_001195,original,-5.034038543701172
gen_001198,original,-13.231812477111816
gen_001201,original,-8.07801342010498
gen_001204,original,-9.65417194366455
gen_001207,original,-6.415402412414551
gen_001210,original,-12.316245079040527
gen_001213,original,-8.180195808410645
gen_001216,original,-11.279071807861328
gen_001272,original,-7.541270732879639
gen_001275,original,-7.593585014343262
gen_001278,original,-5.439589500427246
gen_001281,original,-9.979138374328613
gen_001284,original,-8.359375953674316
gen_001287,original,-10.9385347366333
gen_001290,original,-5.699115753173828
gen_001293,original,-8.506365776062012
gen_001296,original,-7.861416339874268
gen_001299,original,-13.578804016113281
gen_001302,original,-8.665107727050781
gen_001305,original,-5.82260799407959
gen_001308,original,-10.407515525817871
gen_001311,original,-11.097732543945312
gen_001314,original,-14.898550033569336
gen_001317,original,-10.04787540435791
gen_001320,original,-9.809021949768066
gen_001323,original,-10.377248764038086
gen_001326,original,-9.981383323669434
gen_001329,original,-2.9743964672088623
gen_001332,original,-8.625685691833496
gen_001335,original,-8.71738052368164
gen_001391,original,-14.90963077545166
gen_001394,original,-10.008820533752441
gen_001397,original,-2.668527603149414
gen_001400,original,-9.38400936126709
gen_001403,original,-16.4493350982666
gen_001406,original,-11.120227813720703
gen_001409,original,0.30612125992774963
gen_001412,original,-7.276950836181641
gen_001415,original,-12.44809627532959
gen_001418,original,-11.854804039001465
gen_001421,original,-8.945597648620605
gen_001424,original,-13.480216026306152
gen_001427,original,-12.770829200744629
gen_001430,original,-10.040786743164062
gen_001433,original,-9.180827140808105
gen_001436,original,-13.655200004577637
gen_001439,original,-6.79273796081543
gen_001442,original,-10.39123821258545
gen_001445,original,-18.607160568237305
gen_001448,original,-8.766240119934082
gen_001451,original,-11.304774284362793
gen_001454,original,-11.372807502746582
gen_001510,original,-4.808223247528076
gen_001513,original,-16.010913848876953
gen_001516,original,-14.407416343688965
gen_001519,original,-11.164401054382324
gen_001522,original,-4.114198684692383
gen_001525,original,-11.703146934509277
gen_001528,original,-13.025667190551758
gen_001531,original,-10.4684476852417
gen_001534,original,-8.732884407043457
gen_001537,original,-6.220349311828613
gen_001540,original,-9.183172225952148
gen_001543,original,-13.86104679107666
gen_001546,original,-11.606202125549316
gen_001549,original,-13.924985885620117
gen_001552,original,-8.258537292480469
gen_001555,original,-7.8546061515808105
gen_001558,original,-12.064933776855469
gen_001561,original,-1.973965048789978
gen_001564,original,-11.211009979248047
gen_001567,original,-12.94726848602295
gen_001570,original,-10.208563804626465
gen_001573,original,-13.101794242858887
gen_001629,original,-14.522642135620117
gen_001632,original,-12.695998191833496
gen_001635,original,-13.879050254821777
gen_001638,original,-14.017455101013184
gen_001641,original,-9.494257926940918
gen_001644,original,-10.83545207977295
gen_001647,original,-9.446253776550293
gen_001650,original,-13.636728286743164
gen_001653,original,-10.176325798034668
gen_001656,original,-12.522513389587402
gen_001659,original,-18.085912704467773
gen_001662,original,-10.398116111755371
gen_001665,original,-14.221762657165527
gen_001668,original,-10.09499454498291
gen_001671,original,-14.810332298278809
gen_001674,original,-10.5508394241333
gen_001677,original,-9.486297607421875
gen_001680,original,-12.049149513244629
gen_001683,original,-8.076560974121094
gen_001686,original,-9.917871475219727
gen_001689,original,-10.333619117736816
gen_001692,original,-18.085676193237305
gen_001748,original,-16.42232322692871
gen_001751,original,-14.761393547058105
gen_001754,original,-16.7006893157959
gen_001757,original,-13.681822776794434
gen_001760,original,-15.9158935546875
gen_001763,original,-10.46402645111084
gen_001766,original,-14.718838691711426
gen_001769,original,-14.439016342163086
gen_001772,original,-18.2443904876709
gen_001775,original,-11.702669143676758
gen_001778,original,-15.895033836364746
gen_001781,original,-9.247814178466797
gen_001784,original,-13.631902694702148
gen_001787,original,-14.03007984161377
gen_001790,original,-12.265828132629395
gen_001793,original,-10.401667594909668
gen_001796,original,-13.771353721618652
gen_001799,original,-14.523085594177246
gen_001802,original,-13.793549537658691
gen_001805,original,-12.408148765563965
gen_001808,original,-11.111809730529785
gen_001811,original,-13.342609405517578
gen_001867,original,-18.92184829711914
gen_001870,original,-11.787701606750488
gen_001873,original,-13.465081214904785
gen_001876,original,-13.263352394104004
gen_001879,original,-14.186456680297852
gen_001882,original,-12.959467887878418
gen_001885,original,-12.684066772460938
gen_001888,original,-7.56061315536499
gen_001891,original,-14.1935396194458
gen_001894,original,-13.312458992004395
gen_001897,original,-8.57699203491211
gen_001900,original,-11.108466148376465
gen_001903,original,-8.56862735748291
gen_001906,original,-18.31756019592285
gen_001909,original,-7.32966947555542
gen_001912,original,-11.25687313079834
gen_001915,original,-15.832985877990723
gen_001918,original,-16.556325912475586
gen_001921,original,-6.272719383239746
gen_001924,original,-14.76880168914795
gen_001927,original,-9.21823787689209
gen_001930,original,-9.454031944274902
gen_001986,original,-7.831761360168457
gen_001989,original,-16.398679733276367
gen_001992,original,-15.53074836730957
gen_001995,original,-8.941691398620605
gen_001998,original,-12.036717414855957
gen_002001,original,-17.204687118530273
gen_002004,original,-14.748040199279785
gen_002007,original,-10.756280899047852
gen_002010,original,-8.795971870422363
gen_002013,original,-15.22324275970459
gen_002016,original,-8.556581497192383
gen_002019,original,-9.626672744750977
gen_002022,original,-14.960611343383789
gen_002025,original,-14.005913734436035
gen_002028,original,-11.215580940246582
gen_002031,original,-11.137405395507812
gen_002034,original,-10.94469165802002
gen_002037,original,-9.017815589904785
gen_002040,original,-9.502569198608398
gen_002043,original,-11.474404335021973
gen_002046,original,-14.829339027404785
gen_002049,original,-8.293429374694824
gen_002105,original,-14.546788215637207
gen_002108,original,-12.188981056213379
gen_002111,original,-12.741864204406738
gen_002114,original,-10.997200012207031
gen_002117,original,-11.333083152770996
gen_002120,original,-14.012107849121094
gen_002123,original,-10.741179466247559
gen_002126,original,-13.344429016113281
gen_002129,original,-8.634420394897461
gen_002132,original,-12.442076683044434
gen_002135,original,-15.588067054748535
gen_002138,original,-8.205740928649902
gen_002141,original,-15.527856826782227
gen_002144,original,-14.200356483459473
gen_002147,original,-12.309182167053223
gen_002150,original,-9.560789108276367
gen_002153,original,-8.57390308380127
gen_002156,original,-9.645501136779785
gen_002159,original,-14.453873634338379
gen_002162,original,-11.121681213378906
gen_002165,original,-7.320621967315674
gen_002168,original,-15.001958847045898
gen_002224,original,-14.400337219238281
gen_002227,original,-10.80942440032959
gen_002230,original,-14.805419921875
gen_002233,original,-13.046293258666992
gen_002236,original,-13.976217269897461
gen_002239,original,-15.924239158630371
gen_002242,original,-12.562417030334473
gen_002245,original,-12.4334135055542
gen_002248,original,-17.736867904663086
gen_002251,original,-8.014967918395996
gen_002254,original,-12.777294158935547
gen_002257,original,-14.08631420135498
gen_002260,original,-10.772062301635742
gen_002263,original,-13.243879318237305
gen_002266,original,-12.459782600402832
gen_002269,original,-14.522273063659668
gen_002272,original,-14.95055866241455
gen_002275,original,-10.343953132629395
gen_002278,original,-6.997462749481201
gen_002281,original,-8.781412124633789
gen_002284,original,-14.117044448852539
gen_002287,original,-13.915690422058105
gen_002343,original,-12.664217948913574
gen_002346,original,-13.250208854675293
gen_002349,original,-12.392938613891602
gen_002352,original,-13.851995468139648
gen_002355,original,-12.826069831848145
gen_002358,original,-11.408381462097168
gen_002361,original,-14.392311096191406
gen_002364,original,-9.022801399230957
gen_002367,original,-13.102904319763184
gen_002370,original,-12.071553230285645
gen_002373,original,-11.90731143951416
gen_002376,original,-11.226704597473145
gen_002379,original,-14.98393726348877
gen_002382,original,-12.950193405151367
gen_002385,original,-14.506609916687012
gen_002388,original,-10.490472793579102
gen_002391,original,-17.543323516845703
gen_002394,original,-15.1602783203125
gen_002397,original,-7.185329437255859
gen_002400,original,-10.691353797912598
gen_002403,original,-13.489203453063965
gen_002406,original,-13.653563499450684
gen_002462,original,-11.19609546661377
gen_002465,original,-11.729876518249512
gen_002468,original,-16.211454391479492
gen_002471,original,-4.241154670715332
gen_002474,original,-9.285300254821777
gen_002477,original,-15.692026138305664
gen_002480,original,-19.708757400512695
gen_002483,original,-8.224592208862305
gen_002486,original,-9.445993423461914
gen_002489,original,-17.94525718688965
gen_002492,original,-9.99573802947998
gen_002495,original,-11.596590042114258
gen_002498,original,-14.652691841125488
gen_002501,original,-15.952293395996094
gen_002504,original,-14.018834114074707
gen_002507,original,-10.413960456848145
gen_002510,original,-14.684427261352539
gen_002513,original,-9.048877716064453
gen_002516,original,-11.505597114562988
gen_002519,original,-14.319025993347168
gen_002522,original,-18.642030715942383
gen_002525,original,-14.969388961791992
gen_000500,original,-10.102622032165527
gen_000501,original,-11.14223861694336
gen_000502,original,-9.429898262023926
gen_000503,original,-12.292295455932617
gen_000504,original,-2.8273866176605225
gen_000505,original,-7.648807048797607
gen_000506,original,-11.80695915222168
gen_000507,original,-9.391497611999512
gen_000508,original,-13.725956916809082
gen_000509,original,-2.587453842163086
gen_000510,original,-9.572709083557129
gen_000511,original,-4.3288655281066895
gen_000512,original,-7.285275459289551
gen_000513,original,-9.86945915222168
gen_000514,original,-10.465855598449707
gen_000515,original,-16.364789962768555
gen_000516,original,-11.892183303833008
gen_000517,original,-14.992024421691895
gen_000518,original,-13.614096641540527
gen_000519,original,-8.704120635986328
gen_000520,original,-8.667862892150879
gen_000521,original,-6.932713985443115
gen_000522,original,-14.42164421081543
gen_000523,original,-5.12164831161499
gen_000524,original,-12.075509071350098
gen_000525,original,-7.899389266967773
gen_000526,original,-6.343740463256836
gen_000527,original,-9.635542869567871
gen_000528,original,-9.24376392364502
gen_000529,original,-14.453761100769043
gen_000530,original,-9.694415092468262
gen_000531,original,-6.959559440612793
gen_000532,original,-7.797346115112305
gen_000533,original,-4.04754638671875
gen_000534,original,-12.556793212890625
gen_000535,original,-10.722395896911621
gen_000536,original,-12.039511680603027
gen_000537,original,-6.600069046020508
gen_000538,original,-13.856831550598145
gen_000539,original,-7.082722187042236
gen_000540,original,-7.3295488357543945
gen_000541,original,-10.4009428024292
gen_000542,original,-11.442875862121582
gen_000543,original,-3.5565876960754395
gen_000544,original,-8.68156909942627
gen_000545,original,-11.89635944366455
gen_000546,original,-3.803990125656128
gen_000547,original,1.3115718364715576
gen_000548,original,-9.977749824523926
gen_000549,original,-2.7022182941436768
gen_000550,original,-5.550092697143555
gen_000551,original,-1.3025542497634888
gen_000552,original,-9.67548942565918
gen_000553,original,-9.504383087158203
gen_000554,original,-5.486562728881836
gen_000555,original,-10.490418434143066
gen_000556,original,-5.124326705932617
gen_000557,original,-7.691989898681641
gen_000558,original,-10.332200050354004
gen_000559,original,-14.902297019958496
gen_000560,original,-12.051886558532715
gen_000561,original,-3.1032192707061768
gen_000562,original,-9.383322715759277
gen_000563,original,-12.890364646911621
gen_000564,original,-11.987993240356445
gen_000565,original,-6.933476448059082
gen_000566,original,-10.645230293273926
gen_000567,original,-10.59964656829834
gen_000568,original,-11.671366691589355
gen_000569,original,-9.629744529724121
gen_000570,original,-11.861344337463379
gen_000571,original,-7.762673377990723
gen_000572,original,-7.805475234985352
gen_000573,original,-14.980742454528809
gen_000574,original,-12.297805786132812
gen_000575,original,-15.544299125671387
gen_000576,original,-4.198437213897705
gen_000577,original,-16.264053344726562
gen_000578,original,-7.920151710510254
gen_000579,original,-4.002673149108887
gen_000580,original,-10.098429679870605
gen_000581,original,-1.4727057218551636
gen_000582,original,-16.21623420715332
gen_000583,original,-15.125299453735352
gen_000584,original,-8.909438133239746
gen_000585,original,-8.260727882385254
gen_000586,original,-14.109950065612793
gen_000587,original,-12.238870620727539
gen_000588,original,-11.490182876586914
gen_000589,original,-15.24832820892334
gen_000590,original,-9.480011940002441
gen_000591,original,-8.889866828918457
gen_000592,original,-16.6447696685791
gen_000593,original,-5.617069244384766
gen_000594,original,-14.024968147277832
gen_000595,original,-10.654996871948242
gen_000596,original,-12.019755363464355
gen_000597,original,-14.525081634521484
gen_000598,original,-9.988485336303711
gen_000599,original,-2.020117998123169
gen_000600,original,-4.002810478210449
gen_000601,original,-12.686322212219238
gen_000602,original,-8.673255920410156
gen_000603,original,-6.436065673828125
gen_000604,original,-4.22910213470459
gen_000605,original,-7.434269428253174
gen_000606,original,-9.308550834655762
gen_000607,original,-19.075910568237305
gen_000608,original,-5.783757209777832
gen_000609,original,-6.864120960235596
gen_000610,original,-8.254982948303223
gen_000611,original,-12.53113079071045
gen_000612,original,-9.038012504577637
gen_000613,original,-9.154166221618652
gen_000614,original,-10.286162376403809
gen_000615,original,-8.183377265930176
gen_000616,original,-10.050860404968262
gen_000617,original,-11.201781272888184
gen_000618,original,-10.37561321258545
gen_000619,original,-1.8916902542114258
gen_000620,original,-12.646662712097168
gen_000621,original,-10.741318702697754
gen_000622,original,-6.9165215492248535
gen_000623,original,-16.31052589416504
gen_002528,original,-10.483397483825684
gen_002529,original,-11.105338096618652
gen_002530,original,-12.525182723999023
gen_002531,original,-8.5787353515625
gen_002532,original,-3.3974030017852783
gen_002533,original,-3.1973140239715576
gen_002534,original,-13.34160041809082
gen_002535,original,-9.63242244720459
gen_002536,original,-15.127008438110352
gen_002537,original,-3.742440700531006
gen_002538,original,-9.825911521911621
gen_002539,original,-9.920167922973633
gen_002540,original,-11.51832103729248
gen_002541,original,-4.2422776222229
gen_002542,original,-11.866854667663574
gen_002543,original,-1.383244514465332
gen_002544,original,-10.361977577209473
gen_002545,original,-12.522725105285645
gen_002546,original,-6.108471870422363
gen_002547,original,-7.611965179443359
gen_002548,original,-5.00662899017334
gen_002549,original,-8.093707084655762
gen_002550,original,-2.437729597091675
gen_002551,original,-13.302937507629395
gen_002552,original,-9.051929473876953
gen_002553,original,-6.978323459625244
gen_002554,original,-6.187653541564941
gen_002555,original,-14.753844261169434
gen_002556,original,-13.970650672912598
gen_002557,original,-2.9159610271453857
gen_002558,original,-13.727836608886719
gen_002559,original,-9.36062240600586
gen_002560,original,-10.553728103637695
gen_002561,original,-9.491827964782715
gen_002562,original,-8.82675838470459
gen_002563,original,-10.197943687438965
gen_002564,original,-8.187832832336426
gen_002565,original,-6.8032660484313965
gen_002566,original,-7.932620525360107
gen_002567,original,-4.7775959968566895
gen_002568,original,-11.254225730895996
gen_002569,original,-12.221540451049805
gen_002570,original,-12.636950492858887
gen_002571,original,-16.785362243652344
gen_002572,original,-15.458656311035156
gen_002573,original,-11.083942413330078
gen_002574,original,-5.70902681350708
gen_002575,original,-15.388075828552246
gen_002576,original,-12.931427955627441
gen_002577,original,-7.273204326629639
gen_002578,original,-9.795821189880371
gen_002579,original,-5.262639999389648
gen_002580,original,-12.311981201171875
gen_002581,original,-12.11902904510498
gen_002582,original,-9.38394546508789
gen_002583,original,-6.987276554107666
gen_002584,original,-13.63403606414795
gen_002585,original,-11.165665626525879
gen_002586,original,-13.655521392822266
gen_002587,original,-11.070241928100586
gen_002588,original,-10.564059257507324
gen_002589,original,-5.096455097198486
gen_002590,original,-11.529208183288574
gen_002591,original,-11.785890579223633
gen_002592,original,-8.891837120056152
gen_002593,original,-10.283669471740723
gen_002594,original,-9.873845100402832
gen_002595,original,-2.9829790592193604
gen_002596,original,-11.352205276489258
gen_002597,original,-10.483492851257324
gen_002598,original,-9.708162307739258
gen_002599,original,-9.24435043334961
gen_002600,original,-13.51292610168457
gen_002601,original,-10.713132858276367
gen_002602,original,-10.476516723632812
gen_002603,original,-6.683737754821777
gen_002604,original,-18.176769256591797
gen_002605,original,-13.266229629516602
gen_002606,original,-9.843208312988281
gen_002607,original,-9.777382850646973
gen_002608,original,-15.864855766296387
gen_002609,original,-9.288073539733887
gen_002610,original,-11.199007987976074
gen_002611,original,-15.254590034484863
gen_002612,original,-16.395368576049805
gen_002613,original,-10.686697959899902
gen_002614,original,-1.9092332124710083
gen_002615,original,-15.11253547668457
gen_002616,original,-6.791255474090576
gen_002617,original,-2.8293838500976562
gen_002618,original,-3.9956603050231934
gen_002619,original,-6.380537986755371
gen_002620,original,-13.591288566589355
gen_002621,original,-8.329771995544434
gen_002622,original,-10.710587501525879
gen_002623,original,-13.513853073120117
gen_002624,original,-7.9347310066223145
gen_002625,original,-6.901333808898926
gen_002626,original,-13.193425178527832
gen_002627,original,-5.133797645568848
gen_002628,original,-9.88279914855957
gen_002629,original,-9.945303916931152
gen_002630,original,-11.24630355834961
gen_002631,original,-8.948862075805664
gen_002632,original,-6.813599586486816
gen_002633,original,-3.112046480178833
gen_002634,original,-10.987601280212402
gen_002635,original,-7.9988203048706055
gen_002636,original,-2.058241367340088
gen_002637,original,-14.436352729797363
gen_002638,original,-9.007490158081055
gen_002639,original,-4.183384895324707
gen_002640,original,-4.428036212921143
gen_002641,original,-9.518085479736328
gen_002642,original,-7.339967727661133
gen_002643,original,-10.789681434631348
gen_002644,original,-10.770623207092285
gen_002645,original,-7.597476005554199
gen_002646,original,-9.773512840270996
gen_002647,original,-4.543628692626953
gen_002648,original,-8.658267974853516
gen_002649,original,-8.50789737701416
gen_002650,original,-3.051567792892456
gen_002651,original,-14.99937915802002
gen_002652,original,-7.98623514175415
gen_002653,original,-7.770843505859375
gen_002654,original,-7.883935451507568
gen_002655,original,-4.592918872833252
gen_002656,original,-11.044991493225098
gen_002657,original,-4.654240131378174
gen_002658,original,-8.336125373840332
gen_002659,original,-9.779417991638184
gen_002660,original,-15.990528106689453
gen_002661,original,-8.95138168334961
gen_002662,original,-7.545230865478516
gen_002663,original,-8.187593460083008
gen_002664,original,-15.16105842590332
gen_002665,original,-7.220309257507324
gen_002666,original,-8.775519371032715
gen_002667,original,-4.825366973876953
gen_002668,original,-4.199441432952881
gen_002669,original,-9.625566482543945
gen_002670,original,-10.356305122375488
gen_002671,original,-1.0303471088409424
gen_002672,original,-9.428210258483887
gen_002673,original,-2.211435079574585
gen_002674,original,-8.598734855651855
gen_002675,original,-3.616189479827881
gen_002676,original,-9.036080360412598
gen_002677,original,-0.8020168542861938
gen_002678,original,-5.028562545776367
gen_002679,original,1.1892338991165161
gen_002680,original,-6.023638725280762
gen_002681,original,-4.026820182800293
gen_002682,original,-3.204636335372925
gen_002683,original,-3.564619302749634
gen_002684,original,-10.925092697143555
gen_002685,original,-11.823616981506348
gen_002686,original,-1.813628077507019
gen_002687,original,-2.722217082977295
gen_002688,original,-7.354267597198486
gen_002689,original,-10.09377384185791
gen_002690,original,-12.077690124511719
gen_002691,original,-7.377220153808594
gen_002692,original,-6.566364288330078
gen_002693,original,-0.12375307083129883
gen_002694,original,-10.93097972869873
gen_002695,original,-11.399782180786133
gen_002696,original,-5.955090045928955
gen_002697,original,-4.968627452850342
gen_002698,original,-5.853337287902832
gen_002699,original,-8.812355995178223
gen_002700,original,-5.002660274505615
gen_002701,original,-1.8432660102844238
gen_002702,original,-5.17995548248291
gen_002703,original,-10.470170974731445
gen_002704,original,-10.973437309265137
gen_002705,original,-6.708049774169922
gen_002706,original,-8.451796531677246
gen_002707,original,-12.431517601013184
gen_002708,original,-6.4335174560546875
gen_002709,original,-5.271830081939697
gen_002710,original,-9.367351531982422
gen_002711,original,-4.730923652648926
gen_002712,original,-11.97762393951416
gen_002713,original,-1.187538981437683
gen_002714,original,-8.378666877746582
gen_002715,original,-6.939942359924316
gen_002716,original,-12.736998558044434
gen_002717,original,-7.784756183624268
gen_002718,original,-5.228283882141113
gen_002719,original,-9.448870658874512
gen_002720,original,-3.1188743114471436
gen_002721,original,-3.8248398303985596
gen_002722,original,-8.508286476135254
gen_002723,original,0.21981394290924072
gen_002724,original,-11.451653480529785
gen_002725,original,-10.78585433959961
gen_002726,original,-13.440059661865234
gen_002727,original,4.055167198181152
gen_002728,original,-4.543567180633545
gen_002729,original,-11.193095207214355
gen_002730,original,-8.19197940826416
gen_002731,original,0.7794358134269714
gen_002732,original,-11.639098167419434
gen_002733,original,-9.061541557312012
gen_002734,original,-8.12116813659668
gen_002735,original,-10.914969444274902
gen_002736,original,0.4413449764251709
gen_002737,original,-6.417577743530273
gen_002738,original,2.689960241317749
gen_002739,original,-12.462878227233887
gen_002740,original,-10.905049324035645
gen_002741,original,-10.288496017456055
gen_002742,original,-8.231432914733887
gen_002743,original,-11.367079734802246
gen_002744,original,-2.5850131511688232
gen_002745,original,-9.035343170166016
gen_002746,original,-3.4898388385772705
gen_002747,original,-8.032225608825684
gen_002748,original,-15.408738136291504
gen_002749,original,-3.091761350631714
gen_002750,original,-8.735709190368652
gen_002751,original,-8.341910362243652
gen_002752,original,-8.647551536560059
gen_002753,original,-1.0722770690917969
gen_002754,original,-7.893831729888916
gen_002755,original,-4.698897361755371
gen_002756,original,-6.238869667053223
gen_002757,original,-3.664597272872925
gen_002758,original,-6.999946594238281
gen_002759,original,0.5085954070091248
gen_002760,original,-8.217156410217285
gen_002761,original,-1.7354249954223633
gen_002762,original,-4.009922027587891
gen_002763,original,-15.949946403503418
gen_002764,original,-5.980942726135254
gen_002765,original,-7.883107662200928
gen_002766,original,-9.233546257019043
gen_002767,original,-7.871101379394531
gen_002768,original,-5.98215389251709
gen_002769,original,-10.435622215270996
gen_002770,original,-12.863492965698242
gen_002771,original,-5.984055519104004
gen_002772,original,-7.16865348815918
gen_002773,original,-7.60544490814209
gen_002774,original,-13.696072578430176
gen_002775,original,-14.879609107971191
gen_002776,original,-7.027870178222656
gen_002777,original,-14.890417098999023
gen_002778,original,-5.006777286529541
gen_002779,original,-14.747912406921387
gen_002780,original,-11.803415298461914
gen_002781,original,-14.427811622619629
gen_002782,original,-10.494226455688477
gen_002783,original,-13.7936372756958
gen_002784,original,-13.655674934387207
gen_002785,original,-11.007648468017578
gen_002786,original,1.3621928691864014
gen_002787,original,-19.15381622314453
gen_002788,original,-12.61365795135498
gen_002789,original,-11.029279708862305
gen_002790,original,-8.237388610839844
gen_002791,original,-7.71110725402832
gen_002792,original,-13.858242988586426
gen_002793,original,-13.088391304016113
gen_002794,original,-12.10722541809082
gen_002795,original,-16.499845504760742
gen_002796,original,-9.328896522521973
gen_002797,original,-10.025528907775879
gen_002798,original,-12.480524063110352
gen_002799,original,-11.364374160766602
gen_002800,original,-16.524703979492188
gen_002801,original,-4.709885597229004
gen_002802,original,-6.5065107345581055
gen_002803,original,-11.918030738830566
gen_002804,original,-10.489283561706543
gen_002805,original,-8.934866905212402
gen_002806,original,-15.315279006958008
gen_002807,original,-6.937991142272949
gen_002808,original,-8.912397384643555
gen_002809,original,-4.862438678741455
gen_002810,original,-8.147631645202637
gen_002811,original,-9.850523948669434
gen_002812,original,-12.285134315490723
gen_002813,original,2.5940048694610596
gen_002814,original,-0.874415397644043
gen_002815,original,-10.599011421203613
gen_002816,original,-5.4975175857543945
gen_002817,original,-11.498215675354004
gen_002818,original,-10.080288887023926
gen_002819,original,-13.74083137512207
gen_002820,original,-10.836676597595215
gen_002821,original,-12.199894905090332
gen_002822,original,-14.357413291931152
gen_002823,original,-11.229233741760254
gen_002824,original,-12.05128002166748
gen_002825,original,-8.670084953308105
gen_002826,original,-11.239985466003418
gen_002827,original,-8.207566261291504
gen_002828,original,-10.191622734069824
gen_002829,original,-17.199026107788086
gen_002830,original,-12.895578384399414
gen_002831,original,-8.989936828613281
gen_002832,original,-12.866584777832031
gen_002833,original,-3.678640842437744
gen_002834,original,-10.130974769592285
gen_002835,original,-8.669739723205566
gen_002836,original,-10.24720573425293
gen_002837,original,-18.297822952270508
gen_002838,original,-11.64899730682373
gen_002839,original,-6.312443733215332
gen_002840,original,-12.640878677368164
gen_002841,original,-6.412025451660156
gen_002842,original,-10.166600227355957
gen_002843,original,-9.721625328063965
gen_002844,original,-5.879605770111084
gen_002845,original,-11.020554542541504
gen_002846,original,-10.284812927246094
gen_002847,original,-10.253767013549805
gen_002848,original,-9.6992769241333
gen_002849,original,-11.466897010803223
gen_002850,original,-11.389632225036621
gen_002851,original,-14.908442497253418
gen_002852,original,-12.54978084564209
gen_002853,original,-8.368121147155762
gen_002854,original,-9.51503849029541
gen_002855,original,-11.007506370544434
gen_002856,original,-12.177184104919434
gen_002857,original,-8.735974311828613
gen_002858,original,-4.694857597351074
gen_002859,original,-7.564419746398926
gen_002860,original,-12.953941345214844
gen_002861,original,-18.31166648864746
gen_002862,original,-1.8825199604034424
gen_002863,original,-9.911787033081055
gen_002864,original,-11.173988342285156
gen_002865,original,-8.790129661560059
gen_002866,original,-1.1138819456100464
gen_002867,original,-10.100014686584473
gen_002868,original,-12.619216918945312
gen_002869,original,-9.420655250549316
gen_002870,original,-8.664495468139648
gen_002871,original,-3.09468936920166
gen_002872,original,-13.6726713180542
gen_002873,original,-6.941361427307129
gen_002874,original,-13.39841365814209
gen_002875,original,-16.87757110595703
gen_002876,original,-7.882019996643066
gen_002877,original,-7.053966522216797
gen_002878,original,-9.038949012756348
gen_002879,original,-9.565251350402832
gen_002880,original,-10.053630828857422
gen_002881,original,-12.640630722045898
gen_002882,original,-9.315403938293457
gen_002883,original,-8.9629545211792
gen_002884,original,-6.0033063888549805
gen_002885,original,-11.357398986816406
gen_002886,original,-7.454416275024414
gen_002887,original,-14.20034408569336
gen_002888,original,-13.155448913574219
gen_002889,original,-10.072978973388672
gen_002890,original,-12.386947631835938
gen_002891,original,-14.505210876464844
gen_002892,original,-12.568816184997559
gen_002893,original,-8.000946998596191
gen_002894,original,-6.621519565582275
gen_002895,original,-14.793758392333984
gen_002896,original,-11.453892707824707
gen_002897,original,-10.458240509033203
gen_002898,original,-10.985832214355469
gen_002899,original,-7.369646072387695
gen_002900,original,-6.184582710266113
gen_002901,original,-7.749058723449707
gen_002902,original,-14.604157447814941
gen_002903,original,-8.143110275268555
gen_002904,original,-14.204411506652832
gen_002905,original,-10.654467582702637
gen_002906,original,-11.881279945373535
gen_002907,original,-14.294092178344727
gen_002908,original,-8.565340995788574
gen_002909,original,-12.608759880065918
gen_002910,original,-11.678328514099121
gen_002911,original,-10.928404808044434
gen_002912,original,-3.4884369373321533
gen_002913,original,-12.38097095489502
gen_002914,original,-19.141111373901367
gen_002915,original,-11.63201904296875
gen_002916,original,-10.142290115356445
gen_002917,original,-9.118203163146973
gen_002918,original,-11.063231468200684
gen_002919,original,-12.731866836547852
gen_002920,original,-6.29127836227417
gen_002921,original,-7.783755302429199
gen_002922,original,-17.290328979492188
gen_002923,original,-11.057072639465332
gen_002924,original,-2.0866098403930664
gen_002925,original,-11.48725700378418
gen_002926,original,-14.255170822143555
gen_002927,original,-15.219271659851074
gen_002928,original,-13.380566596984863
gen_002929,original,-7.556130886077881
gen_002930,original,-12.052090644836426
gen_002931,original,-6.756941795349121
gen_002932,original,-10.934285163879395
gen_002933,original,-13.74895191192627
gen_002934,original,-7.1907572746276855
gen_002935,original,-8.150875091552734
gen_002936,original,-6.111845016479492
gen_002937,original,-9.241168022155762
gen_002938,original,-6.342557430267334
gen_002939,original,-10.409015655517578
gen_002940,original,-13.421276092529297
gen_002941,original,-13.038795471191406
gen_002942,original,-13.082501411437988
gen_002943,original,-11.63713264465332
gen_002944,original,-8.730493545532227
gen_002945,original,-3.4555087089538574
gen_002946,original,-8.177421569824219
gen_002947,original,-8.410929679870605
gen_002948,original,-10.703383445739746
gen_002949,original,-15.165458679199219
gen_002950,original,-6.904476165771484
gen_002951,original,-11.337838172912598
gen_002952,original,-10.557367324829102
gen_002953,original,-8.194531440734863
gen_002954,original,-6.339933395385742
gen_002955,original,-9.098539352416992
gen_002956,original,-12.608210563659668
gen_002957,original,-15.16528606414795
gen_002958,original,-12.575179100036621
gen_002959,original,-2.0649681091308594
gen_002960,original,-9.625181198120117
gen_002961,original,-15.841318130493164
gen_002962,original,-5.041589260101318
gen_002963,original,-12.404491424560547
gen_002964,original,-11.105608940124512
gen_002965,original,-11.746722221374512
gen_002966,original,-16.173112869262695
gen_002967,original,-6.885170936584473
gen_002968,original,-7.94411563873291
gen_002969,original,-12.693503379821777
gen_002970,original,-14.589951515197754
gen_002971,original,-13.479541778564453
gen_002972,original,-10.396469116210938
gen_002973,original,-17.11754608154297
gen_002974,original,-8.495139122009277
gen_002975,original,-7.430285930633545
gen_002976,original,-12.644522666931152
gen_002977,original,-10.40048885345459
gen_002978,original,-11.950342178344727
gen_002979,original,-11.023446083068848
gen_002980,original,-13.570635795593262
gen_002981,original,-9.37966251373291
gen_002982,original,-7.080206394195557
gen_002983,original,-10.131270408630371
gen_002984,original,-16.037277221679688
gen_002985,original,-12.043229103088379
gen_002986,original,-10.667542457580566
gen_002987,original,-6.15169095993042
gen_002988,original,-9.39427375793457
gen_002989,original,-9.834212303161621
gen_002990,original,-11.074658393859863
gen_002991,original,-13.357253074645996
gen_002992,original,-10.44975471496582
gen_002993,original,-5.624484062194824
gen_002994,original,-6.447330951690674
gen_002995,original,-15.858100891113281
gen_002996,original,-8.819008827209473
gen_002997,original,-16.13959503173828
gen_002998,original,-11.297999382019043
gen_002999,original,-13.739847183227539
gen_003000,original,-14.635879516601562
gen_003001,original,-18.26390266418457
gen_003002,original,-15.24874496459961
gen_003003,original,-5.271602153778076
gen_000686,gen_white_face,-10.318229675292969
gen_000689,gen_white_face,-2.643150806427002
gen_000692,gen_white_face,-9.501818656921387
gen_000695,gen_white_face,-5.009163856506348
gen_000704,gen_white_face,-11.9537992477417
gen_000707,gen_white_face,-9.532097816467285
gen_000716,gen_white_face,-11.56804084777832
gen_000719,gen_white_face,-6.416667461395264
gen_000722,gen_white_face,-5.312406063079834
gen_000725,gen_white_face,-8.586464881896973
gen_000731,gen_white_face,-10.026137351989746
gen_000734,gen_white_face,-5.37697696685791
gen_000740,gen_white_face,-8.279759407043457
gen_000796,gen_white_face,-5.054169178009033
gen_000799,gen_white_face,-3.26423716545105
gen_000802,gen_white_face,-7.515411853790283
gen_000808,gen_white_face,-11.831100463867188
gen_000811,gen_white_face,-2.6946332454681396
gen_000814,gen_white_face,-4.702509880065918
gen_000820,gen_white_face,-5.9210004806518555
gen_000823,gen_white_face,1.9618027210235596
gen_000829,gen_white_face,-2.8569839000701904
gen_000835,gen_white_face,-12.669885635375977
gen_000838,gen_white_face,-7.692239761352539
gen_000841,gen_white_face,-4.14546012878418
gen_000844,gen_white_face,-11.639904975891113
gen_000847,gen_white_face,-4.285141944885254
gen_000853,gen_white_face,-8.846457481384277
gen_000856,gen_white_face,-1.96390962600708
gen_000859,gen_white_face,-5.508760929107666
gen_000915,gen_white_face,-11.419188499450684
gen_000918,gen_white_face,-8.542102813720703
gen_000921,gen_white_face,-0.7087579965591431
gen_000924,gen_white_face,-8.471805572509766
gen_000927,gen_white_face,-10.16098690032959
gen_000933,gen_white_face,-5.969022274017334
gen_000939,gen_white_face,-5.712072372436523
gen_000945,gen_white_face,-5.735361099243164
gen_000948,gen_white_face,-1.6567004919052124
gen_000951,gen_white_face,-4.811452865600586
gen_000954,gen_white_face,-12.01147174835205
gen_000957,gen_white_face,-11.920473098754883
gen_000960,gen_white_face,4.502923488616943
gen_000963,gen_white_face,-7.917799949645996
gen_000969,gen_white_face,-4.778171062469482
gen_000975,gen_white_face,-8.651599884033203
gen_000978,gen_white_face,-1.0424909591674805
gen_001034,gen_white_face,-3.230954647064209
gen_001040,gen_white_face,-4.921092987060547
gen_001046,gen_white_face,-3.1776070594787598
gen_001049,gen_white_face,-13.356902122497559
gen_001052,gen_white_face,-13.072709083557129
gen_001058,gen_white_face,-1.8083417415618896
gen_001061,gen_white_face,-6.595877170562744
gen_001067,gen_white_face,-7.0003886222839355
gen_001070,gen_white_face,-2.6436350345611572
gen_001073,gen_white_face,-3.0561954975128174
gen_001076,gen_white_face,-14.964179992675781
gen_001082,gen_white_face,-3.1949782371520996
gen_001085,gen_white_face,1.2463105916976929
gen_001088,gen_white_face,-2.0363948345184326
gen_001091,gen_white_face,-13.607986450195312
gen_001094,gen_white_face,-7.195562362670898
gen_001156,gen_white_face,-9.932836532592773
gen_001162,gen_white_face,-11.2904634475708
gen_001165,gen_white_face,-7.646029472351074
gen_001177,gen_white_face,-2.5569679737091064
gen_001207,gen_white_face,-2.546367883682251
gen_001210,gen_white_face,-6.715394020080566
gen_001275,gen_white_face,-2.354522943496704
gen_001281,gen_white_face,-5.244962692260742
gen_001284,gen_white_face,-3.7293813228607178
gen_001296,gen_white_face,-2.5860180854797363
gen_001299,gen_white_face,-7.19179630279541
gen_001302,gen_white_face,-3.583306312561035
gen_001305,gen_white_face,-4.817652702331543
gen_001311,gen_white_face,-8.319049835205078
gen_001314,gen_white_face,-7.455916404724121
gen_001323,gen_white_face,-7.099233627319336
gen_001335,gen_white_face,-4.949610710144043
gen_001394,gen_white_face,-6.006931781768799
gen_001397,gen_white_face,2.3158133029937744
gen_001400,gen_white_face,-6.253802299499512
gen_001436,gen_white_face,-9.026638984680176
gen_001516,gen_white_face,-9.795860290527344
gen_001525,gen_white_face,-9.102522850036621
gen_001570,gen_white_face,-7.358433246612549
gen_001629,gen_white_face,-6.750169277191162
gen_001632,gen_white_face,-8.309008598327637
gen_001635,gen_white_face,-7.6764397621154785
gen_001638,gen_white_face,-7.559961318969727
gen_001641,gen_white_face,-4.535030364990234
gen_001644,gen_white_face,-5.328020095825195
gen_001647,gen_white_face,-5.091002464294434
gen_001650,gen_white_face,-8.353326797485352
gen_001653,gen_white_face,-3.14057993888855
gen_001656,gen_white_face,-7.112476348876953
gen_001659,gen_white_face,-10.521086692810059
gen_001662,gen_white_face,-5.662099838256836
gen_001665,gen_white_face,-8.5051851272583
gen_001668,gen_white_face,-3.2003674507141113
gen_001671,gen_white_face,-9.165116310119629
gen_001674,gen_white_face,-4.459785461425781
gen_001677,gen_white_face,-2.2813477516174316
gen_001683,gen_white_face,-1.5852797031402588
gen_001686,gen_white_face,-1.0987658500671387
gen_001689,gen_white_face,-7.248966217041016
gen_001692,gen_white_face,-12.43000602722168
gen_001748,gen_white_face,-14.284708023071289
gen_001751,gen_white_face,-4.6831183433532715
gen_001754,gen_white_face,-7.246309757232666
gen_001757,gen_white_face,-1.180810809135437
gen_001760,gen_white_face,-3.281609535217285
gen_001766,gen_white_face,-6.2678937911987305
gen_001772,gen_white_face,-14.005791664123535
gen_001775,gen_white_face,-4.390897274017334
gen_001778,gen_white_face,-8.297471046447754
gen_001781,gen_white_face,-3.6029276847839355
gen_001784,gen_white_face,-5.195351600646973
gen_001787,gen_white_face,-7.547915458679199
gen_001790,gen_white_face,-7.947902679443359
gen_001796,gen_white_face,-4.076648712158203
gen_001799,gen_white_face,-4.4847211837768555
gen_001805,gen_white_face,-5.9887237548828125
gen_001808,gen_white_face,-2.2914788722991943
gen_001811,gen_white_face,-8.45779800415039
gen_001867,gen_white_face,-13.521695137023926
gen_001870,gen_white_face,-7.564606666564941
gen_001873,gen_white_face,-9.40242862701416
gen_001876,gen_white_face,-7.408335208892822
gen_001879,gen_white_face,-6.394747734069824
gen_001882,gen_white_face,-7.270261287689209
gen_001888,gen_white_face,-3.586021661758423
gen_001894,gen_white_face,-8.73265552520752
gen_001897,gen_white_face,-0.9843900203704834
gen_001900,gen_white_face,-9.548491477966309
gen_001906,gen_white_face,-11.7846040725708
gen_001909,gen_white_face,0.10361456871032715
gen_001912,gen_white_face,-6.120449066162109
gen_001915,gen_white_face,-9.315564155578613
gen_001918,gen_white_face,-10.618134498596191
gen_001927,gen_white_face,-1.5299959182739258
gen_001930,gen_white_face,-6.7802958488464355
gen_001986,gen_white_face,-0.5400124788284302
gen_001989,gen_white_face,-11.76668643951416
gen_001992,gen_white_face,-12.017189025878906
gen_001998,gen_white_face,-4.840409278869629
gen_002001,gen_white_face,-8.334519386291504
gen_002004,gen_white_face,-7.347497940063477
gen_002007,gen_white_face,-4.549637794494629
gen_002010,gen_white_face,-2.474970817565918
gen_002013,gen_white_face,-8.385588645935059
gen_002016,gen_white_face,-1.2466604709625244
gen_002019,gen_white_face,-0.13737517595291138
gen_002022,gen_white_face,-9.698172569274902
gen_002025,gen_white_face,-6.20875358581543
gen_002028,gen_white_face,-7.1833086013793945
gen_002031,gen_white_face,-1.6863980293273926
gen_002034,gen_white_face,-4.167384147644043
gen_002037,gen_white_face,-3.774641275405884
gen_002040,gen_white_face,-0.7766025066375732
gen_002043,gen_white_face,-1.9427189826965332
gen_002046,gen_white_face,-10.477627754211426
gen_002049,gen_white_face,-2.008999824523926
gen_002105,gen_white_face,-5.404568195343018
gen_002108,gen_white_face,-4.6859331130981445
gen_002111,gen_white_face,-2.701220989227295
gen_002114,gen_white_face,-4.718337535858154
gen_002117,gen_white_face,-3.1196794509887695
gen_002120,gen_white_face,-5.033235549926758
gen_002123,gen_white_face,-1.5029444694519043
gen_002126,gen_white_face,-7.031414031982422
gen_002129,gen_white_face,2.305349826812744
gen_002132,gen_white_face,-3.348205804824829
gen_002135,gen_white_face,-3.7896947860717773
gen_002138,gen_white_face,0.708996057510376
gen_002141,gen_white_face,-5.975429534912109
gen_002144,gen_white_face,-4.628899574279785
gen_002147,gen_white_face,-4.580451965332031
gen_002150,gen_white_face,-3.7910094261169434
gen_002153,gen_white_face,0.09962433576583862
gen_002156,gen_white_face,-1.99118173122406
gen_002159,gen_white_face,-5.228845596313477
gen_002162,gen_white_face,-2.4419238567352295
gen_002165,gen_white_face,0.3819577097892761
gen_002168,gen_white_face,-11.010300636291504
gen_002224,gen_white_face,-4.2463908195495605
gen_002227,gen_white_face,1.4227076768875122
gen_002230,gen_white_face,-6.435302734375
gen_002233,gen_white_face,-1.6945407390594482
gen_002236,gen_white_face,-3.2235379219055176
gen_002239,gen_white_face,-3.299861431121826
gen_002242,gen_white_face,-3.4763755798339844
gen_002248,gen_white_face,-6.63580322265625
gen_002251,gen_white_face,1.5231024026870728
gen_002254,gen_white_face,-1.0149856805801392
gen_002257,gen_white_face,-5.669188499450684
gen_002260,gen_white_face,-1.0592957735061646
gen_002263,gen_white_face,-1.8593623638153076
gen_002266,gen_white_face,-4.798769950866699
gen_002269,gen_white_face,-1.314566731452942
gen_002272,gen_white_face,-5.044293403625488
gen_002275,gen_white_face,-1.9498631954193115
gen_002281,gen_white_face,-0.5977529883384705
gen_002284,gen_white_face,-5.694783687591553
gen_002287,gen_white_face,-3.356205701828003
gen_002346,gen_white_face,-4.042856216430664
gen_002349,gen_white_face,-8.480069160461426
gen_002352,gen_white_face,-7.329483985900879
gen_002355,gen_white_face,-3.5200862884521484
gen_002358,gen_white_face,-3.077679395675659
gen_002364,gen_white_face,-3.723933219909668
gen_002367,gen_white_face,-7.517678737640381
gen_002370,gen_white_face,-5.649462699890137
gen_002373,gen_white_face,-6.195333003997803
gen_002376,gen_white_face,-4.95635986328125
gen_002382,gen_white_face,-6.053699493408203
gen_002385,gen_white_face,-8.156216621398926
gen_002388,gen_white_face,-4.475664138793945
gen_002391,gen_white_face,-7.039586067199707
gen_002397,gen_white_face,1.7237284183502197
gen_002400,gen_white_face,-9.221268653869629
gen_002403,gen_white_face,-7.335517406463623
gen_002406,gen_white_face,-6.835268497467041
gen_002462,gen_white_face,-1.7328410148620605
gen_002465,gen_white_face,-5.613856315612793
gen_002468,gen_white_face,-8.55738639831543
gen_002471,gen_white_face,5.451572418212891
gen_002474,gen_white_face,-2.4763424396514893
gen_002477,gen_white_face,-8.349587440490723
gen_002480,gen_white_face,-11.834033012390137
gen_002483,gen_white_face,-2.5191874504089355
gen_002486,gen_white_face,-3.483846426010132
gen_002489,gen_white_face,-11.676621437072754
gen_002492,gen_white_face,-3.724874973297119
gen_002495,gen_white_face,-4.410478591918945
gen_002498,gen_white_face,-8.48698902130127
gen_002501,gen_white_face,-7.3901896476745605
gen_002504,gen_white_face,-7.828676223754883
gen_002507,gen_white_face,-3.6884496212005615
gen_002510,gen_white_face,-8.073607444763184
gen_002516,gen_white_face,-2.001352548599243
gen_002519,gen_white_face,-6.248165607452393
gen_002522,gen_white_face,-10.013583183288574
gen_002525,gen_white_face,-6.6866326332092285
gen_000500,gen_white_face,-4.451202392578125
gen_000501,gen_white_face,-5.328939437866211
gen_000502,gen_white_face,-3.621152639389038
gen_000503,gen_white_face,-2.932781934738159
gen_000506,gen_white_face,-5.146827697753906
gen_000508,gen_white_face,-9.307774543762207
gen_000514,gen_white_face,-5.281002044677734
gen_000515,gen_white_face,-8.387665748596191
gen_000517,gen_white_face,-4.2512407302856445
gen_000518,gen_white_face,-9.240656852722168
gen_000519,gen_white_face,-3.6997506618499756
gen_000520,gen_white_face,-4.058173179626465
gen_000522,gen_white_face,-7.416360855102539
gen_000524,gen_white_face,-5.089016914367676
gen_000525,gen_white_face,-3.190480947494507
gen_000527,gen_white_face,-5.248659133911133
gen_000529,gen_white_face,-6.500408172607422
gen_000532,gen_white_face,-1.1687955856323242
gen_000534,gen_white_face,-3.589130163192749
gen_000535,gen_white_face,-4.591853141784668
gen_000536,gen_white_face,-8.70372486114502
gen_000538,gen_white_face,-5.526405334472656
gen_000539,gen_white_face,-0.03502475842833519
gen_000540,gen_white_face,0.4830155372619629
gen_000541,gen_white_face,-0.12161314487457275
gen_000542,gen_white_face,-8.281063079833984
gen_000545,gen_white_face,-1.443223476409912
gen_000548,gen_white_face,-2.5482611656188965
gen_000549,gen_white_face,0.9673910140991211
gen_000552,gen_white_face,-2.3371121883392334
gen_000554,gen_white_face,3.305082082748413
gen_000555,gen_white_face,-0.10644549131393433
gen_000558,gen_white_face,-3.327664613723755
gen_000559,gen_white_face,-4.86832857131958
gen_000560,gen_white_face,-0.990369439125061
gen_000562,gen_white_face,-9.00838851928711
gen_000563,gen_white_face,-2.5540125370025635
gen_000564,gen_white_face,-3.9700000286102295
gen_000565,gen_white_face,-2.7936818599700928
gen_000566,gen_white_face,-3.0731804370880127
gen_000567,gen_white_face,-6.406896591186523
gen_000568,gen_white_face,-4.85871696472168
gen_000570,gen_white_face,-7.557615280151367
gen_000573,gen_white_face,-6.943696975708008
gen_000574,gen_white_face,-5.96613883972168
gen_000575,gen_white_face,-10.642558097839355
gen_000576,gen_white_face,-2.5609219074249268
gen_000577,gen_white_face,-8.88892650604248
gen_000578,gen_white_face,-3.7377474308013916
gen_000580,gen_white_face,-3.666978120803833
gen_000583,gen_white_face,-6.926204204559326
gen_000585,gen_white_face,-2.127575397491455
gen_000586,gen_white_face,-3.00238037109375
gen_000589,gen_white_face,-12.472907066345215
gen_000592,gen_white_face,-8.805487632751465
gen_000593,gen_white_face,-0.0418776236474514
gen_000594,gen_white_face,-6.186896324157715
gen_000595,gen_white_face,-5.900304317474365
gen_000596,gen_white_face,-5.657524585723877
gen_000597,gen_white_face,-4.189146995544434
gen_000600,gen_white_face,-2.022935152053833
gen_000601,gen_white_face,-9.844086647033691
gen_000602,gen_white_face,-4.494806289672852
gen_000606,gen_white_face,-0.16286683082580566
gen_000607,gen_white_face,-10.742342948913574
gen_000608,gen_white_face,0.7451964616775513
gen_000611,gen_white_face,-6.739897727966309
gen_000613,gen_white_face,-3.3886325359344482
gen_000614,gen_white_face,-2.908190965652466
gen_000618,gen_white_face,-6.450199127197266
gen_000620,gen_white_face,-9.436271667480469
gen_000621,gen_white_face,-2.3539652824401855
gen_000623,gen_white_face,-8.593222618103027
gen_002529,gen_white_face,-0.612428605556488
gen_002532,gen_white_face,2.7867307662963867
gen_002534,gen_white_face,-7.4415788650512695
gen_002535,gen_white_face,-8.834943771362305
gen_002536,gen_white_face,-9.40088939666748
gen_002539,gen_white_face,-5.304176330566406
gen_002540,gen_white_face,-5.906121253967285
gen_002542,gen_white_face,-8.370396614074707
gen_002543,gen_white_face,3.7970073223114014
gen_002545,gen_white_face,-3.923205852508545
gen_002546,gen_white_face,0.9071284532546997
gen_002547,gen_white_face,-0.28247809410095215
gen_002549,gen_white_face,0.19004729390144348
gen_002551,gen_white_face,-8.987019538879395
gen_002553,gen_white_face,-0.49564608931541443
gen_002555,gen_white_face,-7.350301742553711
gen_002556,gen_white_face,-5.2064924240112305
gen_002558,gen_white_face,-8.425302505493164
gen_002560,gen_white_face,-5.987124443054199
gen_002562,gen_white_face,-3.307356595993042
gen_002563,gen_white_face,-1.4748536348342896
gen_002568,gen_white_face,-4.707023620605469
gen_002569,gen_white_face,-3.9826629161834717
gen_002570,gen_white_face,-6.4385528564453125
gen_002571,gen_white_face,-7.046065807342529
gen_002574,gen_white_face,-0.6431180834770203
gen_002575,gen_white_face,-7.244015693664551
gen_002576,gen_white_face,-5.599930763244629
gen_002577,gen_white_face,-2.2378716468811035
gen_002578,gen_white_face,-2.6167333126068115
gen_002583,gen_white_face,-3.767521381378174
gen_002584,gen_white_face,-5.499614238739014
gen_002585,gen_white_face,-1.6591870784759521
gen_002586,gen_white_face,-8.447209358215332
gen_002588,gen_white_face,-3.9626142978668213
gen_002589,gen_white_face,-0.7371931076049805
gen_002590,gen_white_face,-4.814643383026123
gen_002591,gen_white_face,-4.8893537521362305
gen_002592,gen_white_face,-1.4286181926727295
gen_002593,gen_white_face,-3.9577934741973877
gen_002594,gen_white_face,-5.616586685180664
gen_002599,gen_white_face,-3.472700834274292
gen_002601,gen_white_face,-7.122323989868164
gen_002602,gen_white_face,-9.367080688476562
gen_002604,gen_white_face,-10.560276985168457
gen_002605,gen_white_face,-3.234128713607788
gen_002606,gen_white_face,-4.56545352935791
gen_002611,gen_white_face,-5.030205726623535
gen_002612,gen_white_face,-9.854485511779785
gen_002613,gen_white_face,-4.368891716003418
gen_002615,gen_white_face,-6.784460544586182
gen_002616,gen_white_face,1.3444956541061401
gen_002618,gen_white_face,3.637777090072632
gen_002620,gen_white_face,-6.504542827606201
gen_002622,gen_white_face,-7.216728210449219
gen_002623,gen_white_face,-9.026812553405762
gen_002626,gen_white_face,-7.551035404205322
gen_002628,gen_white_face,-5.984625816345215
gen_002629,gen_white_face,-2.88885235786438
gen_002630,gen_white_face,-5.201865196228027
gen_002632,gen_white_face,-0.8509217500686646
gen_002634,gen_white_face,-5.076323509216309
gen_002637,gen_white_face,-9.003864288330078
gen_002638,gen_white_face,-2.6157710552215576
gen_002642,gen_white_face,-0.8469033241271973
gen_002643,gen_white_face,-3.320382833480835
gen_002645,gen_white_face,-0.4389215409755707
gen_002646,gen_white_face,-3.4686577320098877
gen_002648,gen_white_face,-8.049924850463867
gen_002649,gen_white_face,-1.79864501953125
gen_002651,gen_white_face,-4.5099897384643555
gen_002652,gen_white_face,-1.2612930536270142
gen_002653,gen_white_face,0.39947378635406494
gen_002658,gen_white_face,-8.246475219726562
gen_002660,gen_white_face,-9.366599082946777
gen_002661,gen_white_face,-4.219487190246582
gen_002662,gen_white_face,0.3507741689682007
gen_002664,gen_white_face,-5.606418609619141
gen_002666,gen_white_face,-4.627763748168945
gen_002670,gen_white_face,1.2550411224365234
gen_002672,gen_white_face,-3.8036324977874756
gen_002674,gen_white_face,-4.900539875030518
gen_002676,gen_white_face,1.1491409540176392
gen_002684,gen_white_face,-2.189648151397705
gen_002685,gen_white_face,-5.544862747192383
gen_002687,gen_white_face,3.248615026473999
gen_002688,gen_white_face,-7.1418657302856445
gen_002690,gen_white_face,-4.399814128875732
gen_002691,gen_white_face,3.2256076335906982
gen_002694,gen_white_face,1.5276533365249634
gen_002695,gen_white_face,-3.0288052558898926
gen_002698,gen_white_face,-4.076338768005371
gen_002699,gen_white_face,-0.5636753439903259
gen_002703,gen_white_face,0.6560459136962891
gen_002704,gen_white_face,-1.568862795829773
gen_002705,gen_white_face,-1.7131911516189575
gen_002707,gen_white_face,-4.258400917053223
gen_002708,gen_white_face,2.736008882522583
gen_002710,gen_white_face,0.5659806728363037
gen_002712,gen_white_face,-6.222745895385742
gen_002714,gen_white_face,1.1075985431671143
gen_002716,gen_white_face,-1.8707128763198853
gen_002717,gen_white_face,2.4162235260009766
gen_002719,gen_white_face,-3.2893409729003906
gen_002720,gen_white_face,5.086751937866211
gen_002723,gen_white_face,6.883654594421387
gen_002724,gen_white_face,-4.746452331542969
gen_002726,gen_white_face,-2.7539069652557373
gen_002730,gen_white_face,-1.145160436630249
gen_002732,gen_white_face,-0.8611548542976379
gen_002733,gen_white_face,-2.8870460987091064
gen_002734,gen_white_face,-0.6573609709739685
gen_002735,gen_white_face,-1.2056361436843872
gen_002737,gen_white_face,3.28930926322937
gen_002739,gen_white_face,-4.829187393188477
gen_002741,gen_white_face,-2.414436101913452
gen_002742,gen_white_face,-3.8392117023468018
gen_002746,gen_white_face,-1.8525043725967407
gen_002747,gen_white_face,0.789526641368866
gen_002750,gen_white_face,-5.979292869567871
gen_002751,gen_white_face,-0.3411968946456909
gen_002758,gen_white_face,3.7029051780700684
gen_002759,gen_white_face,4.164855480194092
gen_002763,gen_white_face,-6.189139366149902
gen_002764,gen_white_face,-0.2683974504470825
gen_002769,gen_white_face,-5.090126037597656
gen_002770,gen_white_face,-6.7302141189575195
gen_002771,gen_white_face,-1.530708909034729
gen_002772,gen_white_face,-0.12085747718811035
gen_002774,gen_white_face,-7.260671615600586
gen_002775,gen_white_face,-6.829110145568848
gen_002776,gen_white_face,-1.6333050727844238
gen_002777,gen_white_face,-10.682564735412598
gen_002778,gen_white_face,0.12698739767074585
gen_002779,gen_white_face,-6.598644256591797
gen_002780,gen_white_face,-3.6397805213928223
gen_002781,gen_white_face,-7.831244468688965
gen_002783,gen_white_face,-4.680895805358887
gen_002784,gen_white_face,-8.647176742553711
gen_002785,gen_white_face,-4.767766952514648
gen_002787,gen_white_face,-11.66564655303955
gen_002788,gen_white_face,-5.522436141967773
gen_002789,gen_white_face,-7.033631324768066
gen_002791,gen_white_face,-0.6829096674919128
gen_002792,gen_white_face,-7.766638278961182
gen_002793,gen_white_face,-7.649779796600342
gen_002795,gen_white_face,-9.328777313232422
gen_002796,gen_white_face,-4.057300567626953
gen_002797,gen_white_face,-3.9055213928222656
gen_002798,gen_white_face,-2.935353994369507
gen_002800,gen_white_face,-8.232475280761719
gen_002804,gen_white_face,-4.544244289398193
gen_002805,gen_white_face,-7.070800304412842
gen_002808,gen_white_face,-2.5254979133605957
gen_002809,gen_white_face,-0.2623487710952759
gen_002812,gen_white_face,-8.089659690856934
gen_002818,gen_white_face,-4.551499843597412
gen_002820,gen_white_face,-5.088689804077148
gen_002821,gen_white_face,-0.7750927805900574
gen_002822,gen_white_face,-8.143301963806152
gen_002823,gen_white_face,-5.864796161651611
gen_002824,gen_white_face,-4.696267127990723
gen_002826,gen_white_face,-4.072185039520264
gen_002828,gen_white_face,-1.1527506113052368
gen_002829,gen_white_face,-9.576611518859863
gen_002833,gen_white_face,3.374948024749756
gen_002834,gen_white_face,-4.830367088317871
gen_002836,gen_white_face,-4.593531608581543
gen_002838,gen_white_face,-7.435771465301514
gen_002840,gen_white_face,-1.4582775831222534
gen_002844,gen_white_face,-0.815314531326294
gen_002845,gen_white_face,-4.7609734535217285
gen_002847,gen_white_face,-1.7049282789230347
gen_002849,gen_white_face,-2.264791488647461
gen_002855,gen_white_face,-10.360817909240723
gen_002857,gen_white_face,-1.623093605041504
gen_002858,gen_white_face,-1.2416608333587646
gen_002859,gen_white_face,-2.7895760536193848
gen_002860,gen_white_face,-0.84417724609375
gen_002862,gen_white_face,4.811222076416016
gen_002863,gen_white_face,-3.1540989875793457
gen_002864,gen_white_face,-6.236488342285156
gen_002865,gen_white_face,-3.011866807937622
gen_002868,gen_white_face,-6.2681884765625
gen_002869,gen_white_face,-1.7262059450149536
gen_002872,gen_white_face,-5.993721961975098
gen_002875,gen_white_face,-9.794354438781738
gen_002877,gen_white_face,-3.2648305892944336
gen_002879,gen_white_face,0.13430193066596985
gen_002881,gen_white_face,-4.115110874176025
gen_002883,gen_white_face,-6.288773059844971
gen_002884,gen_white_face,-0.9749963283538818
gen_002885,gen_white_face,-7.599419116973877
gen_002886,gen_white_face,-1.7433099746704102
gen_002888,gen_white_face,-8.302696228027344
gen_002890,gen_white_face,-8.114678382873535
gen_002891,gen_white_face,-7.897713661193848
gen_002892,gen_white_face,-3.7737033367156982
gen_002895,gen_white_face,-9.183232307434082
gen_002897,gen_white_face,-2.182896137237549
gen_002899,gen_white_face,-1.0395703315734863
gen_002900,gen_white_face,-1.0086493492126465
gen_002902,gen_white_face,-8.338720321655273
gen_002904,gen_white_face,-8.204511642456055
gen_002905,gen_white_face,0.40824469923973083
gen_002906,gen_white_face,-4.764391899108887
gen_002907,gen_white_face,-5.915242671966553
gen_002908,gen_white_face,2.0220906734466553
gen_002910,gen_white_face,-7.728208065032959
gen_002911,gen_white_face,-3.9934802055358887
gen_002914,gen_white_face,-11.216519355773926
gen_002915,gen_white_face,-5.103847503662109
gen_002916,gen_white_face,-6.0507402420043945
gen_002917,gen_white_face,-2.502570867538452
gen_002919,gen_white_face,-3.6448798179626465
gen_002920,gen_white_face,2.538062334060669
gen_002921,gen_white_face,-3.8024556636810303
gen_002922,gen_white_face,-8.001704216003418
gen_002923,gen_white_face,-1.5606467723846436
gen_002927,gen_white_face,-6.628496170043945
gen_002928,gen_white_face,-7.334261894226074
gen_002929,gen_white_face,-2.2066752910614014
gen_002931,gen_white_face,0.14626312255859375
gen_002932,gen_white_face,-6.27228307723999
gen_002933,gen_white_face,-9.085606575012207
gen_002937,gen_white_face,-3.1202573776245117
gen_002938,gen_white_face,-2.6422698497772217
gen_002940,gen_white_face,-8.424803733825684
gen_002943,gen_white_face,-7.640327453613281
gen_002944,gen_white_face,-6.143582344055176
gen_002946,gen_white_face,-3.2844114303588867
gen_002951,gen_white_face,-2.3616604804992676
gen_002955,gen_white_face,-1.3721227645874023
gen_002956,gen_white_face,-5.737842559814453
gen_002957,gen_white_face,-6.527151107788086
gen_002958,gen_white_face,-6.906146049499512
gen_002960,gen_white_face,-4.124118804931641
gen_002961,gen_white_face,-8.994303703308105
gen_002963,gen_white_face,-4.38053035736084
gen_002965,gen_white_face,-6.67726993560791
gen_002966,gen_white_face,-9.060429573059082
gen_002968,gen_white_face,-7.201197624206543
gen_002970,gen_white_face,-8.76431655883789
gen_002972,gen_white_face,-5.3594136238098145
gen_002973,gen_white_face,-11.09441089630127
gen_002974,gen_white_face,-3.754781484603882
gen_002976,gen_white_face,-6.6851582527160645
gen_002977,gen_white_face,-3.537726640701294
gen_002978,gen_white_face,-4.909433841705322
gen_002979,gen_white_face,-5.598141193389893
gen_002981,gen_white_face,-2.4770588874816895
gen_002984,gen_white_face,-11.38012409210205
gen_002986,gen_white_face,-4.633856773376465
gen_002988,gen_white_face,-6.207270622253418
gen_002990,gen_white_face,-5.7327165603637695
gen_002991,gen_white_face,-6.078512668609619
gen_002992,gen_white_face,-2.6264703273773193
gen_002995,gen_white_face,-7.031902313232422
gen_002998,gen_white_face,-2.5848474502563477
gen_002999,gen_white_face,-5.530261039733887
gen_003000,gen_white_face,-8.320061683654785
gen_003001,gen_white_face,-9.848345756530762
gen_003002,gen_white_face,-7.920511245727539
gen_000686,gen_gray_face,-10.214186668395996
gen_000689,gen_gray_face,-3.264681100845337
gen_000692,gen_gray_face,-10.777482032775879
gen_000695,gen_gray_face,-5.641557216644287
gen_000704,gen_gray_face,-12.096625328063965
gen_000707,gen_gray_face,-10.88101863861084
gen_000716,gen_gray_face,-12.760497093200684
gen_000719,gen_gray_face,-7.035641193389893
gen_000722,gen_gray_face,-5.667611122131348
gen_000725,gen_gray_face,-8.63376522064209
gen_000731,gen_gray_face,-11.131407737731934
gen_000734,gen_gray_face,-6.349649429321289
gen_000740,gen_gray_face,-9.526188850402832
gen_000796,gen_gray_face,-5.035167217254639
gen_000799,gen_gray_face,-4.061899185180664
gen_000802,gen_gray_face,-7.8308587074279785
gen_000808,gen_gray_face,-14.00510311126709
gen_000811,gen_gray_face,-6.873269081115723
gen_000814,gen_gray_face,-5.1779632568359375
gen_000820,gen_gray_face,-6.529619216918945
gen_000823,gen_gray_face,1.4102909564971924
gen_000829,gen_gray_face,-4.223108291625977
gen_000835,gen_gray_face,-12.993704795837402
gen_000838,gen_gray_face,-8.523224830627441
gen_000841,gen_gray_face,-6.065999984741211
gen_000844,gen_gray_face,-13.21898365020752
gen_000847,gen_gray_face,-6.624292373657227
gen_000853,gen_gray_face,-10.297453880310059
gen_000856,gen_gray_face,-2.6607160568237305
gen_000859,gen_gray_face,-5.857660293579102
gen_000915,gen_gray_face,-12.508227348327637
gen_000918,gen_gray_face,-8.805139541625977
gen_000921,gen_gray_face,-1.03716242313385
gen_000924,gen_gray_face,-9.29867172241211
gen_000927,gen_gray_face,-11.324424743652344
gen_000933,gen_gray_face,-6.619146347045898
gen_000939,gen_gray_face,-8.013321876525879
gen_000945,gen_gray_face,-6.067864418029785
gen_000948,gen_gray_face,-1.070324420928955
gen_000951,gen_gray_face,-6.993625164031982
gen_000954,gen_gray_face,-12.456401824951172
gen_000957,gen_gray_face,-13.381766319274902
gen_000960,gen_gray_face,2.0232512950897217
gen_000963,gen_gray_face,-9.664834022521973
gen_000969,gen_gray_face,-5.500770568847656
gen_000975,gen_gray_face,-10.070694923400879
gen_000978,gen_gray_face,-5.233440399169922
gen_001034,gen_gray_face,-5.365528106689453
gen_001040,gen_gray_face,-6.662992477416992
gen_001046,gen_gray_face,-5.289483070373535
gen_001049,gen_gray_face,-15.216450691223145
gen_001052,gen_gray_face,-13.898762702941895
gen_001058,gen_gray_face,-2.4841854572296143
gen_001061,gen_gray_face,-7.000206470489502
gen_001067,gen_gray_face,-7.462177276611328
gen_001070,gen_gray_face,-3.7352542877197266
gen_001073,gen_gray_face,-3.7497775554656982
gen_001076,gen_gray_face,-16.949708938598633
gen_001082,gen_gray_face,-5.1548237800598145
gen_001085,gen_gray_face,1.8271807432174683
gen_001088,gen_gray_face,-2.764547109603882
gen_001091,gen_gray_face,-15.845113754272461
gen_001094,gen_gray_face,-7.360286235809326
gen_001156,gen_gray_face,-10.998615264892578
gen_001162,gen_gray_face,-13.646101951599121
gen_001165,gen_gray_face,-8.03208065032959
gen_001177,gen_gray_face,-4.193814277648926
gen_001207,gen_gray_face,-3.954624891281128
gen_001210,gen_gray_face,-8.587421417236328
gen_001275,gen_gray_face,-3.3352584838867188
gen_001281,gen_gray_face,-7.227776527404785
gen_001284,gen_gray_face,-4.6291422843933105
gen_001296,gen_gray_face,-4.407798767089844
gen_001299,gen_gray_face,-9.417595863342285
gen_001302,gen_gray_face,-6.178657531738281
gen_001305,gen_gray_face,-5.037413120269775
gen_001311,gen_gray_face,-9.174838066101074
gen_001314,gen_gray_face,-11.021491050720215
gen_001323,gen_gray_face,-8.21938419342041
gen_001335,gen_gray_face,-7.416206359863281
gen_001394,gen_gray_face,-6.507996559143066
gen_001397,gen_gray_face,-0.4076997637748718
gen_001400,gen_gray_face,-9.354754447937012
gen_001436,gen_gray_face,-11.150883674621582
gen_001516,gen_gray_face,-11.93369197845459
gen_001525,gen_gray_face,-11.038296699523926
gen_001570,gen_gray_face,-7.653438091278076
gen_001629,gen_gray_face,-8.308747291564941
gen_001632,gen_gray_face,-9.477648735046387
gen_001635,gen_gray_face,-7.740156173706055
gen_001638,gen_gray_face,-8.040274620056152
gen_001641,gen_gray_face,-4.975790023803711
gen_001644,gen_gray_face,-6.140070915222168
gen_001647,gen_gray_face,-5.3181915283203125
gen_001650,gen_gray_face,-9.353776931762695
gen_001653,gen_gray_face,-4.813902378082275
gen_001656,gen_gray_face,-8.184521675109863
gen_001659,gen_gray_face,-10.013752937316895
gen_001662,gen_gray_face,-6.221031665802002
gen_001665,gen_gray_face,-9.723896980285645
gen_001668,gen_gray_face,-5.613536834716797
gen_001671,gen_gray_face,-11.320900917053223
gen_001674,gen_gray_face,-5.525445938110352
gen_001677,gen_gray_face,-2.6709554195404053
gen_001683,gen_gray_face,-0.8227964043617249
gen_001686,gen_gray_face,-2.614147901535034
gen_001689,gen_gray_face,-6.969594955444336
gen_001692,gen_gray_face,-14.81257152557373
gen_001748,gen_gray_face,-15.435629844665527
gen_001751,gen_gray_face,-6.700087547302246
gen_001754,gen_gray_face,-7.91947078704834
gen_001757,gen_gray_face,-4.083786964416504
gen_001760,gen_gray_face,-4.724726676940918
gen_001766,gen_gray_face,-7.611766815185547
gen_001772,gen_gray_face,-13.923983573913574
gen_001775,gen_gray_face,-6.300490379333496
gen_001778,gen_gray_face,-8.449394226074219
gen_001781,gen_gray_face,-3.9731221199035645
gen_001784,gen_gray_face,-6.736614227294922
gen_001787,gen_gray_face,-9.059739112854004
gen_001790,gen_gray_face,-11.50678539276123
gen_001796,gen_gray_face,-6.125864505767822
gen_001799,gen_gray_face,-5.513449668884277
gen_001805,gen_gray_face,-9.199040412902832
gen_001808,gen_gray_face,-2.1623647212982178
gen_001811,gen_gray_face,-11.176088333129883
gen_001867,gen_gray_face,-15.476383209228516
gen_001870,gen_gray_face,-8.242941856384277
gen_001873,gen_gray_face,-11.292332649230957
gen_001876,gen_gray_face,-7.249813079833984
gen_001879,gen_gray_face,-6.148892402648926
gen_001882,gen_gray_face,-7.552954196929932
gen_001888,gen_gray_face,-4.77058219909668
gen_001894,gen_gray_face,-6.83839225769043
gen_001897,gen_gray_face,-1.701182246208191
gen_001900,gen_gray_face,-9.504457473754883
gen_001906,gen_gray_face,-12.8297700881958
gen_001909,gen_gray_face,-0.6713876724243164
gen_001912,gen_gray_face,-6.745683193206787
gen_001915,gen_gray_face,-11.963791847229004
gen_001918,gen_gray_face,-11.272307395935059
gen_001927,gen_gray_face,-2.791121244430542
gen_001930,gen_gray_face,-6.491703987121582
gen_001986,gen_gray_face,-1.4095964431762695
gen_001989,gen_gray_face,-11.860271453857422
gen_001992,gen_gray_face,-12.708015441894531
gen_001998,gen_gray_face,-5.21230411529541
gen_002001,gen_gray_face,-10.702369689941406
gen_002004,gen_gray_face,-8.076516151428223
gen_002007,gen_gray_face,-5.104459762573242
gen_002010,gen_gray_face,-4.296810150146484
gen_002013,gen_gray_face,-8.382379531860352
gen_002016,gen_gray_face,-1.748551607131958
gen_002019,gen_gray_face,-1.5382635593414307
gen_002022,gen_gray_face,-10.877346992492676
gen_002025,gen_gray_face,-7.921456813812256
gen_002028,gen_gray_face,-10.87949275970459
gen_002031,gen_gray_face,-3.922158718109131
gen_002034,gen_gray_face,-5.034188747406006
gen_002037,gen_gray_face,-5.150799751281738
gen_002040,gen_gray_face,-1.5198789834976196
gen_002043,gen_gray_face,-3.7295167446136475
gen_002046,gen_gray_face,-11.376770973205566
gen_002049,gen_gray_face,-4.300446510314941
gen_002105,gen_gray_face,-6.992293357849121
gen_002108,gen_gray_face,-6.503146648406982
gen_002111,gen_gray_face,-4.971365928649902
gen_002114,gen_gray_face,-5.508866786956787
gen_002117,gen_gray_face,-4.191399097442627
gen_002120,gen_gray_face,-6.404171466827393
gen_002123,gen_gray_face,-3.3585667610168457
gen_002126,gen_gray_face,-8.780470848083496
gen_002129,gen_gray_face,0.10505101084709167
gen_002132,gen_gray_face,-4.799659729003906
gen_002135,gen_gray_face,-5.524353981018066
gen_002138,gen_gray_face,0.6813920736312866
gen_002141,gen_gray_face,-6.601550102233887
gen_002144,gen_gray_face,-5.634309768676758
gen_002147,gen_gray_face,-5.632254600524902
gen_002150,gen_gray_face,-3.9900062084198
gen_002153,gen_gray_face,-1.0072598457336426
gen_002156,gen_gray_face,-2.973249673843384
gen_002159,gen_gray_face,-5.1831769943237305
gen_002162,gen_gray_face,-3.68390154838562
gen_002165,gen_gray_face,0.11149612069129944
gen_002168,gen_gray_face,-11.808711051940918
gen_002224,gen_gray_face,-6.030717849731445
gen_002227,gen_gray_face,-0.6348628997802734
gen_002230,gen_gray_face,-8.804255485534668
gen_002233,gen_gray_face,-2.8625612258911133
gen_002236,gen_gray_face,-4.121226787567139
gen_002239,gen_gray_face,-4.06389045715332
gen_002242,gen_gray_face,-4.651754856109619
gen_002248,gen_gray_face,-7.750735282897949
gen_002251,gen_gray_face,-0.02241414599120617
gen_002254,gen_gray_face,-2.403210401535034
gen_002257,gen_gray_face,-6.365795612335205
gen_002260,gen_gray_face,-2.222654104232788
gen_002263,gen_gray_face,-4.05518102645874
gen_002266,gen_gray_face,-6.877867698669434
gen_002269,gen_gray_face,-2.967829942703247
gen_002272,gen_gray_face,-5.283443450927734
gen_002275,gen_gray_face,-3.2700517177581787
gen_002281,gen_gray_face,-2.281083583831787
gen_002284,gen_gray_face,-6.56702184677124
gen_002287,gen_gray_face,-4.2467451095581055
gen_002346,gen_gray_face,-5.780711650848389
gen_002349,gen_gray_face,-8.172866821289062
gen_002352,gen_gray_face,-8.671527862548828
gen_002355,gen_gray_face,-5.7504496574401855
gen_002358,gen_gray_face,-5.024463653564453
gen_002364,gen_gray_face,-4.370593547821045
gen_002367,gen_gray_face,-8.268851280212402
gen_002370,gen_gray_face,-5.917189598083496
gen_002373,gen_gray_face,-6.792640686035156
gen_002376,gen_gray_face,-5.695291042327881
gen_002382,gen_gray_face,-6.624124526977539
gen_002385,gen_gray_face,-8.763197898864746
gen_002388,gen_gray_face,-6.322154998779297
gen_002391,gen_gray_face,-8.38424015045166
gen_002397,gen_gray_face,0.22418224811553955
gen_002400,gen_gray_face,-9.733165740966797
gen_002403,gen_gray_face,-7.768882751464844
gen_002406,gen_gray_face,-7.396334171295166
gen_002462,gen_gray_face,-4.309094429016113
gen_002465,gen_gray_face,-6.844820022583008
gen_002468,gen_gray_face,-9.087291717529297
gen_002471,gen_gray_face,3.4906179904937744
gen_002474,gen_gray_face,-3.704380750656128
gen_002477,gen_gray_face,-9.454676628112793
gen_002480,gen_gray_face,-13.933294296264648
gen_002483,gen_gray_face,-3.157275915145874
gen_002486,gen_gray_face,-4.195052146911621
gen_002489,gen_gray_face,-12.379807472229004
gen_002492,gen_gray_face,-4.007559776306152
gen_002495,gen_gray_face,-5.809466361999512
gen_002498,gen_gray_face,-9.428669929504395
gen_002501,gen_gray_face,-8.495009422302246
gen_002504,gen_gray_face,-7.881130218505859
gen_002507,gen_gray_face,-5.724870681762695
gen_002510,gen_gray_face,-8.679915428161621
gen_002516,gen_gray_face,-3.4388277530670166
gen_002519,gen_gray_face,-8.953202247619629
gen_002522,gen_gray_face,-11.052838325500488
gen_002525,gen_gray_face,-7.851381301879883
gen_000500,gen_gray_face,-4.633881568908691
gen_000501,gen_gray_face,-6.491382122039795
gen_000502,gen_gray_face,-2.8922619819641113
gen_000503,gen_gray_face,-3.3563432693481445
gen_000506,gen_gray_face,-6.692407608032227
gen_000508,gen_gray_face,-10.47134017944336
gen_000514,gen_gray_face,-4.9120869636535645
gen_000515,gen_gray_face,-9.417978286743164
gen_000517,gen_gray_face,-4.275402545928955
gen_000518,gen_gray_face,-9.446635246276855
gen_000519,gen_gray_face,-2.42095685005188
gen_000520,gen_gray_face,-4.114433765411377
gen_000522,gen_gray_face,-8.312170028686523
gen_000524,gen_gray_face,-5.671783447265625
gen_000525,gen_gray_face,-4.100855827331543
gen_000527,gen_gray_face,-7.597257614135742
gen_000529,gen_gray_face,-7.325723648071289
gen_000532,gen_gray_face,-1.5222136974334717
gen_000534,gen_gray_face,-4.530224800109863
gen_000535,gen_gray_face,-7.149944305419922
gen_000536,gen_gray_face,-9.888106346130371
gen_000538,gen_gray_face,-4.703491687774658
gen_000539,gen_gray_face,-0.1630784273147583
gen_000540,gen_gray_face,-0.9058036804199219
gen_000541,gen_gray_face,-1.037366271018982
gen_000542,gen_gray_face,-9.12236213684082
gen_000545,gen_gray_face,-1.5915493965148926
gen_000548,gen_gray_face,-4.09365177154541
gen_000549,gen_gray_face,-0.3015629053115845
gen_000552,gen_gray_face,-2.5287857055664062
gen_000554,gen_gray_face,2.988430976867676
gen_000555,gen_gray_face,-1.5014888048171997
gen_000558,gen_gray_face,-7.802371501922607
gen_000559,gen_gray_face,-6.5063323974609375
gen_000560,gen_gray_face,-1.6694669723510742
gen_000562,gen_gray_face,-8.978889465332031
gen_000563,gen_gray_face,-5.1554741859436035
gen_000564,gen_gray_face,-5.300999641418457
gen_000565,gen_gray_face,-4.789089202880859
gen_000566,gen_gray_face,-4.013703346252441
gen_000567,gen_gray_face,-6.213090896606445
gen_000568,gen_gray_face,-4.941295623779297
gen_000570,gen_gray_face,-9.969667434692383
gen_000573,gen_gray_face,-9.499207496643066
gen_000574,gen_gray_face,-6.5624260902404785
gen_000575,gen_gray_face,-11.477936744689941
gen_000576,gen_gray_face,-2.262502670288086
gen_000577,gen_gray_face,-9.672024726867676
gen_000578,gen_gray_face,-4.741905212402344
gen_000580,gen_gray_face,-4.208395957946777
gen_000583,gen_gray_face,-8.039708137512207
gen_000585,gen_gray_face,-4.910821914672852
gen_000586,gen_gray_face,-2.33339262008667
gen_000589,gen_gray_face,-11.576041221618652
gen_000592,gen_gray_face,-9.378493309020996
gen_000593,gen_gray_face,-2.8792202472686768
gen_000594,gen_gray_face,-6.302249431610107
gen_000595,gen_gray_face,-6.180800437927246
gen_000596,gen_gray_face,-5.942319869995117
gen_000597,gen_gray_face,-4.629056453704834
gen_000600,gen_gray_face,-2.046062707901001
gen_000601,gen_gray_face,-10.688730239868164
gen_000602,gen_gray_face,-4.8145952224731445
gen_000606,gen_gray_face,-0.6230096817016602
gen_000607,gen_gray_face,-11.62700080871582
gen_000608,gen_gray_face,-0.09731143712997437
gen_000611,gen_gray_face,-8.027377128601074
gen_000613,gen_gray_face,-4.066556930541992
gen_000614,gen_gray_face,-5.453113555908203
gen_000618,gen_gray_face,-6.392075061798096
gen_000620,gen_gray_face,-11.836907386779785
gen_000621,gen_gray_face,-3.479299306869507
gen_000623,gen_gray_face,-8.22977352142334
gen_002529,gen_gray_face,-2.7169625759124756
gen_002532,gen_gray_face,2.074389934539795
gen_002534,gen_gray_face,-9.292662620544434
gen_002535,gen_gray_face,-9.344210624694824
gen_002536,gen_gray_face,-10.208271026611328
gen_002539,gen_gray_face,-5.43261194229126
gen_002540,gen_gray_face,-6.2407989501953125
gen_002542,gen_gray_face,-7.562860488891602
gen_002543,gen_gray_face,1.2761789560317993
gen_002545,gen_gray_face,-5.195742607116699
gen_002546,gen_gray_face,0.7569328546524048
gen_002547,gen_gray_face,-1.5529574155807495
gen_002549,gen_gray_face,-1.1402140855789185
gen_002551,gen_gray_face,-9.732077598571777
gen_002553,gen_gray_face,-1.9337220191955566
gen_002555,gen_gray_face,-8.396937370300293
gen_002556,gen_gray_face,-6.914658546447754
gen_002558,gen_gray_face,-9.017181396484375
gen_002560,gen_gray_face,-6.748723983764648
gen_002562,gen_gray_face,-3.5606796741485596
gen_002563,gen_gray_face,-2.049039602279663
gen_002568,gen_gray_face,-6.357856750488281
gen_002569,gen_gray_face,-3.9777743816375732
gen_002570,gen_gray_face,-6.459969520568848
gen_002571,gen_gray_face,-8.67215633392334
gen_002574,gen_gray_face,-3.562776803970337
gen_002575,gen_gray_face,-8.932984352111816
gen_002576,gen_gray_face,-6.196822166442871
gen_002577,gen_gray_face,-3.59580397605896
gen_002578,gen_gray_face,-3.7320454120635986
gen_002583,gen_gray_face,-4.214139938354492
gen_002584,gen_gray_face,-7.9830756187438965
gen_002585,gen_gray_face,-2.8764278888702393
gen_002586,gen_gray_face,-8.27586841583252
gen_002588,gen_gray_face,-4.462042808532715
gen_002589,gen_gray_face,-1.4741942882537842
gen_002590,gen_gray_face,-5.356664180755615
gen_002591,gen_gray_face,-5.241682529449463
gen_002592,gen_gray_face,-0.2424113154411316
gen_002593,gen_gray_face,-4.675917625427246
gen_002594,gen_gray_face,-6.287262439727783
gen_002599,gen_gray_face,-4.604257583618164
gen_002601,gen_gray_face,-7.233262062072754
gen_002602,gen_gray_face,-10.351635932922363
gen_002604,gen_gray_face,-10.821066856384277
gen_002605,gen_gray_face,-3.7031667232513428
gen_002606,gen_gray_face,-5.438943862915039
gen_002611,gen_gray_face,-6.090149402618408
gen_002612,gen_gray_face,-10.776712417602539
gen_002613,gen_gray_face,-6.157956123352051
gen_002615,gen_gray_face,-8.285614967346191
gen_002616,gen_gray_face,0.9447238445281982
gen_002618,gen_gray_face,2.353342056274414
gen_002620,gen_gray_face,-7.108276844024658
gen_002622,gen_gray_face,-8.490623474121094
gen_002623,gen_gray_face,-10.093563079833984
gen_002626,gen_gray_face,-8.368536949157715
gen_002628,gen_gray_face,-6.44655704498291
gen_002629,gen_gray_face,-3.610013484954834
gen_002630,gen_gray_face,-5.026977062225342
gen_002632,gen_gray_face,-1.989730954170227
gen_002634,gen_gray_face,-5.205700397491455
gen_002637,gen_gray_face,-9.592005729675293
gen_002638,gen_gray_face,-3.3305160999298096
gen_002642,gen_gray_face,-1.213338851928711
gen_002643,gen_gray_face,-3.8805348873138428
gen_002645,gen_gray_face,-2.2578413486480713
gen_002646,gen_gray_face,-4.327096462249756
gen_002648,gen_gray_face,-8.402501106262207
gen_002649,gen_gray_face,-4.525696754455566
gen_002651,gen_gray_face,-4.992100715637207
gen_002652,gen_gray_face,-2.7162632942199707
gen_002653,gen_gray_face,0.026050927117466927
gen_002658,gen_gray_face,-7.394680976867676
gen_002660,gen_gray_face,-7.572922706604004
gen_002661,gen_gray_face,-6.300173759460449
gen_002662,gen_gray_face,0.7886289358139038
gen_002664,gen_gray_face,-7.0626373291015625
gen_002666,gen_gray_face,-4.831084251403809
gen_002670,gen_gray_face,0.8911756873130798
gen_002672,gen_gray_face,-4.234469413757324
gen_002674,gen_gray_face,-6.7734198570251465
gen_002676,gen_gray_face,0.6925104856491089
gen_002684,gen_gray_face,-2.3216984272003174
gen_002685,gen_gray_face,-5.752462387084961
gen_002687,gen_gray_face,2.377572774887085
gen_002688,gen_gray_face,-7.127553462982178
gen_002690,gen_gray_face,-4.868335247039795
gen_002691,gen_gray_face,2.6643927097320557
gen_002694,gen_gray_face,-0.06208160147070885
gen_002695,gen_gray_face,-4.730541706085205
gen_002698,gen_gray_face,-6.4282026290893555
gen_002699,gen_gray_face,-2.7787880897521973
gen_002703,gen_gray_face,-0.9500925540924072
gen_002704,gen_gray_face,-2.4287989139556885
gen_002705,gen_gray_face,-1.5269302129745483
gen_002707,gen_gray_face,-4.0901103019714355
gen_002708,gen_gray_face,1.3726578950881958
gen_002710,gen_gray_face,-0.6406528949737549
gen_002712,gen_gray_face,-5.790065288543701
gen_002714,gen_gray_face,0.4274928569793701
gen_002716,gen_gray_face,-2.0683858394622803
gen_002717,gen_gray_face,1.8008626699447632
gen_002719,gen_gray_face,-5.1006035804748535
gen_002720,gen_gray_face,2.9665603637695312
gen_002723,gen_gray_face,5.826075077056885
gen_002724,gen_gray_face,-7.110081195831299
gen_002726,gen_gray_face,-4.441291332244873
gen_002730,gen_gray_face,-3.492194652557373
gen_002732,gen_gray_face,-1.0630155801773071
gen_002733,gen_gray_face,-5.065983772277832
gen_002734,gen_gray_face,-1.534363031387329
gen_002735,gen_gray_face,-1.3156019449234009
gen_002737,gen_gray_face,3.075777053833008
gen_002739,gen_gray_face,-4.02984619140625
gen_002741,gen_gray_face,-1.55057692527771
gen_002742,gen_gray_face,-4.328325271606445
gen_002746,gen_gray_face,-2.3139612674713135
gen_002747,gen_gray_face,1.0327483415603638
gen_002750,gen_gray_face,-7.961345672607422
gen_002751,gen_gray_face,-0.7190150618553162
gen_002758,gen_gray_face,2.415207862854004
gen_002759,gen_gray_face,1.7827587127685547
gen_002763,gen_gray_face,-6.166250228881836
gen_002764,gen_gray_face,-1.3232343196868896
gen_002769,gen_gray_face,-5.005173683166504
gen_002770,gen_gray_face,-7.116035461425781
gen_002771,gen_gray_face,-3.7673614025115967
gen_002772,gen_gray_face,-0.6920415163040161
gen_002774,gen_gray_face,-7.134335994720459
gen_002775,gen_gray_face,-7.996944427490234
gen_002776,gen_gray_face,-3.2013297080993652
gen_002777,gen_gray_face,-12.042010307312012
gen_002778,gen_gray_face,0.30962398648262024
gen_002779,gen_gray_face,-8.1009521484375
gen_002780,gen_gray_face,-4.724137783050537
gen_002781,gen_gray_face,-9.513036727905273
gen_002783,gen_gray_face,-4.874879360198975
gen_002784,gen_gray_face,-10.314579963684082
gen_002785,gen_gray_face,-4.852472305297852
gen_002787,gen_gray_face,-11.501254081726074
gen_002788,gen_gray_face,-6.713674545288086
gen_002789,gen_gray_face,-8.69155502319336
gen_002791,gen_gray_face,-1.2045774459838867
gen_002792,gen_gray_face,-9.154776573181152
gen_002793,gen_gray_face,-7.596776008605957
gen_002795,gen_gray_face,-10.006884574890137
gen_002796,gen_gray_face,-4.273457050323486
gen_002797,gen_gray_face,-3.7553420066833496
gen_002798,gen_gray_face,-3.3136327266693115
gen_002800,gen_gray_face,-8.58620548248291
gen_002804,gen_gray_face,-4.814234733581543
gen_002805,gen_gray_face,-8.652509689331055
gen_002808,gen_gray_face,-3.3940558433532715
gen_002809,gen_gray_face,0.2641013264656067
gen_002812,gen_gray_face,-8.399462699890137
gen_002818,gen_gray_face,-5.214587211608887
gen_002820,gen_gray_face,-6.268482208251953
gen_002821,gen_gray_face,-2.8886682987213135
gen_002822,gen_gray_face,-8.223751068115234
gen_002823,gen_gray_face,-6.068363189697266
gen_002824,gen_gray_face,-5.157829284667969
gen_002826,gen_gray_face,-5.761143684387207
gen_002828,gen_gray_face,-1.5459308624267578
gen_002829,gen_gray_face,-11.846028327941895
gen_002833,gen_gray_face,3.7699546813964844
gen_002834,gen_gray_face,-5.332881927490234
gen_002836,gen_gray_face,-6.468982696533203
gen_002838,gen_gray_face,-9.63138198852539
gen_002840,gen_gray_face,-2.8883368968963623
gen_002844,gen_gray_face,-2.078192710876465
gen_002845,gen_gray_face,-5.695653915405273
gen_002847,gen_gray_face,-2.768439292907715
gen_002849,gen_gray_face,-2.6734347343444824
gen_002855,gen_gray_face,-10.604958534240723
gen_002857,gen_gray_face,-2.881572961807251
gen_002858,gen_gray_face,0.356361985206604
gen_002859,gen_gray_face,-5.868168830871582
gen_002860,gen_gray_face,-2.5106356143951416
gen_002862,gen_gray_face,4.775526523590088
gen_002863,gen_gray_face,-3.6596972942352295
gen_002864,gen_gray_face,-6.460625648498535
gen_002865,gen_gray_face,-3.70436692237854
gen_002868,gen_gray_face,-7.632835388183594
gen_002869,gen_gray_face,-2.1052539348602295
gen_002872,gen_gray_face,-6.619211673736572
gen_002875,gen_gray_face,-10.487019538879395
gen_002877,gen_gray_face,-3.355802297592163
gen_002879,gen_gray_face,0.21848896145820618
gen_002881,gen_gray_face,-4.956161022186279
gen_002883,gen_gray_face,-6.810340404510498
gen_002884,gen_gray_face,-1.3552241325378418
gen_002885,gen_gray_face,-7.764925479888916
gen_002886,gen_gray_face,-2.8541533946990967
gen_002888,gen_gray_face,-10.91441535949707
gen_002890,gen_gray_face,-8.352505683898926
gen_002891,gen_gray_face,-8.402667999267578
gen_002892,gen_gray_face,-3.6936206817626953
gen_002895,gen_gray_face,-9.638886451721191
gen_002897,gen_gray_face,-2.6507949829101562
gen_002899,gen_gray_face,-3.284102439880371
gen_002900,gen_gray_face,-0.10310304164886475
gen_002902,gen_gray_face,-10.151923179626465
gen_002904,gen_gray_face,-8.959729194641113
gen_002905,gen_gray_face,-0.44313937425613403
gen_002906,gen_gray_face,-5.474269866943359
gen_002907,gen_gray_face,-6.529128074645996
gen_002908,gen_gray_face,1.4865002632141113
gen_002910,gen_gray_face,-7.877331733703613
gen_002911,gen_gray_face,-3.974310874938965
gen_002914,gen_gray_face,-12.377837181091309
gen_002915,gen_gray_face,-5.46653413772583
gen_002916,gen_gray_face,-5.333335876464844
gen_002917,gen_gray_face,-3.809471607208252
gen_002919,gen_gray_face,-4.853864669799805
gen_002920,gen_gray_face,1.8433377742767334
gen_002921,gen_gray_face,-4.124266624450684
gen_002922,gen_gray_face,-10.414447784423828
gen_002923,gen_gray_face,-3.1333653926849365
gen_002927,gen_gray_face,-7.812779426574707
gen_002928,gen_gray_face,-8.11559772491455
gen_002929,gen_gray_face,-2.373087167739868
gen_002931,gen_gray_face,-0.30026379227638245
gen_002932,gen_gray_face,-6.9005632400512695
gen_002933,gen_gray_face,-12.36583423614502
gen_002937,gen_gray_face,-3.991276264190674
gen_002938,gen_gray_face,-5.001783847808838
gen_002940,gen_gray_face,-9.030824661254883
gen_002943,gen_gray_face,-8.424765586853027
gen_002944,gen_gray_face,-7.812414169311523
gen_002946,gen_gray_face,-5.270635604858398
gen_002951,gen_gray_face,-2.972257375717163
gen_002955,gen_gray_face,-1.9048973321914673
gen_002956,gen_gray_face,-6.299241065979004
gen_002957,gen_gray_face,-7.912919044494629
gen_002958,gen_gray_face,-7.146929740905762
gen_002960,gen_gray_face,-4.59531831741333
gen_002961,gen_gray_face,-9.728489875793457
gen_002963,gen_gray_face,-5.7988739013671875
gen_002965,gen_gray_face,-6.420155048370361
gen_002966,gen_gray_face,-9.653349876403809
gen_002968,gen_gray_face,-5.8852386474609375
gen_002970,gen_gray_face,-8.623860359191895
gen_002972,gen_gray_face,-5.5150580406188965
gen_002973,gen_gray_face,-10.825098991394043
gen_002974,gen_gray_face,-3.680330514907837
gen_002976,gen_gray_face,-7.970067977905273
gen_002977,gen_gray_face,-4.8221001625061035
gen_002978,gen_gray_face,-6.070589065551758
gen_002979,gen_gray_face,-5.188797473907471
gen_002981,gen_gray_face,-2.6894185543060303
gen_002984,gen_gray_face,-13.603838920593262
gen_002986,gen_gray_face,-5.646081924438477
gen_002988,gen_gray_face,-7.983753204345703
gen_002990,gen_gray_face,-6.159234046936035
gen_002991,gen_gray_face,-6.997034072875977
gen_002992,gen_gray_face,-3.4516327381134033
gen_002995,gen_gray_face,-7.937134742736816
gen_002998,gen_gray_face,-3.8633432388305664
gen_002999,gen_gray_face,-7.092961311340332
gen_003000,gen_gray_face,-9.018349647521973
gen_003001,gen_gray_face,-11.0889310836792
gen_003002,gen_gray_face,-9.039222717285156
gen_000686,gen_white_offface,-15.45671558380127
gen_000689,gen_white_offface,-6.4222283363342285
gen_000692,gen_white_offface,-11.280128479003906
gen_000695,gen_white_offface,-7.968849182128906
gen_000704,gen_white_offface,-17.787813186645508
gen_000707,gen_white_offface,-14.63294506072998
gen_000716,gen_white_offface,-13.3375825881958
gen_000719,gen_white_offface,-9.721853256225586
gen_000722,gen_white_offface,-7.151324272155762
gen_000725,gen_white_offface,-9.948034286499023
gen_000731,gen_white_offface,-9.637892723083496
gen_000734,gen_white_offface,-7.428979396820068
gen_000740,gen_white_offface,-9.200322151184082
gen_000796,gen_white_offface,-10.207741737365723
gen_000799,gen_white_offface,-2.143740653991699
gen_000802,gen_white_offface,-10.6377592086792
gen_000808,gen_white_offface,-11.654244422912598
gen_000811,gen_white_offface,-2.6455881595611572
gen_000814,gen_white_offface,-7.850250244140625
gen_000820,gen_white_offface,-9.157190322875977
gen_000823,gen_white_offface,-2.749711036682129
gen_000829,gen_white_offface,-8.321098327636719
gen_000835,gen_white_offface,-10.484291076660156
gen_000838,gen_white_offface,-8.297096252441406
gen_000841,gen_white_offface,-4.701502323150635
gen_000844,gen_white_offface,-11.070558547973633
gen_000847,gen_white_offface,-10.789210319519043
gen_000853,gen_white_offface,-8.733952522277832
gen_000856,gen_white_offface,-8.110616683959961
gen_000859,gen_white_offface,-10.248274803161621
gen_000915,gen_white_offface,-12.967791557312012
gen_000918,gen_white_offface,-11.174727439880371
gen_000921,gen_white_offface,-6.673330307006836
gen_000924,gen_white_offface,-11.185620307922363
gen_000927,gen_white_offface,-14.438782691955566
gen_000933,gen_white_offface,-9.49561595916748
gen_000939,gen_white_offface,-6.0284552574157715
gen_000945,gen_white_offface,-9.007771492004395
gen_000948,gen_white_offface,-5.121770858764648
gen_000951,gen_white_offface,-1.060935139656067
gen_000954,gen_white_offface,-14.680575370788574
gen_000957,gen_white_offface,-12.305047035217285
gen_000960,gen_white_offface,1.7987511157989502
gen_000963,gen_white_offface,-11.282103538513184
gen_000969,gen_white_offface,-7.97021484375
gen_000975,gen_white_offface,-11.651957511901855
gen_000978,gen_white_offface,-1.1783400774002075
gen_001034,gen_white_offface,-3.1797754764556885
gen_001040,gen_white_offface,-7.879484176635742
gen_001046,gen_white_offface,-9.153008460998535
gen_001049,gen_white_offface,-14.387036323547363
gen_001052,gen_white_offface,-16.95819854736328
gen_001058,gen_white_offface,-6.808393478393555
gen_001061,gen_white_offface,-10.774656295776367
gen_001067,gen_white_offface,-11.911574363708496
gen_001070,gen_white_offface,-5.736512184143066
gen_001073,gen_white_offface,-10.274624824523926
gen_001076,gen_white_offface,-13.679511070251465
gen_001082,gen_white_offface,-8.975552558898926
gen_001088,gen_white_offface,-7.191051006317139
gen_001091,gen_white_offface,-14.495476722717285
gen_001094,gen_white_offface,-12.051376342773438
gen_001162,gen_white_offface,-12.674877166748047
gen_001165,gen_white_offface,-10.064021110534668
gen_001177,gen_white_offface,-4.099844455718994
gen_001207,gen_white_offface,-2.3347551822662354
gen_001275,gen_white_offface,-2.022705554962158
gen_001281,gen_white_offface,-6.461731910705566
gen_001284,gen_white_offface,-3.4515297412872314
gen_001299,gen_white_offface,-9.83702564239502
gen_001302,gen_white_offface,-3.522247552871704
gen_001305,gen_white_offface,-5.804824352264404
gen_001311,gen_white_offface,-10.663512229919434
gen_001314,gen_white_offface,-14.315869331359863
gen_001323,gen_white_offface,-6.4567461013793945
gen_001335,gen_white_offface,-6.087003707885742
gen_001394,gen_white_offface,-6.4882988929748535
gen_001397,gen_white_offface,1.3999115228652954
gen_001400,gen_white_offface,-7.974556922912598
gen_001436,gen_white_offface,-10.995936393737793
gen_001516,gen_white_offface,-10.480345726013184
gen_001525,gen_white_offface,-7.915503978729248
gen_001570,gen_white_offface,-7.538728713989258
gen_001629,gen_white_offface,-10.141901016235352
gen_001632,gen_white_offface,-8.282126426696777
gen_001635,gen_white_offface,-8.152922630310059
gen_001638,gen_white_offface,-11.642395973205566
gen_001641,gen_white_offface,-9.212486267089844
gen_001644,gen_white_offface,-7.785412311553955
gen_001647,gen_white_offface,-6.951333045959473
gen_001650,gen_white_offface,-10.751031875610352
gen_001653,gen_white_offface,-8.453445434570312
gen_001656,gen_white_offface,-7.579679012298584
gen_001659,gen_white_offface,-14.069071769714355
gen_001662,gen_white_offface,-6.168318748474121
gen_001665,gen_white_offface,-11.51197624206543
gen_001668,gen_white_offface,-8.456896781921387
gen_001671,gen_white_offface,-9.278502464294434
gen_001674,gen_white_offface,-7.859936714172363
gen_001677,gen_white_offface,-5.645236968994141
gen_001683,gen_white_offface,-5.868729114532471
gen_001686,gen_white_offface,-4.627640247344971
gen_001689,gen_white_offface,-7.739493370056152
gen_001692,gen_white_offface,-12.578301429748535
gen_001748,gen_white_offface,-12.656349182128906
gen_001751,gen_white_offface,-7.274206161499023
gen_001754,gen_white_offface,-13.401875495910645
gen_001757,gen_white_offface,-9.199725151062012
gen_001760,gen_white_offface,-10.128616333007812
gen_001766,gen_white_offface,-9.781078338623047
gen_001772,gen_white_offface,-14.371687889099121
gen_001775,gen_white_offface,-10.425665855407715
gen_001778,gen_white_offface,-14.295221328735352
gen_001781,gen_white_offface,-8.829706192016602
gen_001784,gen_white_offface,-11.171796798706055
gen_001787,gen_white_offface,-11.059087753295898
gen_001790,gen_white_offface,-7.749526023864746
gen_001796,gen_white_offface,-8.990105628967285
gen_001799,gen_white_offface,-10.04774284362793
gen_001805,gen_white_offface,-6.650907516479492
gen_001808,gen_white_offface,-9.157185554504395
gen_001811,gen_white_offface,-10.727639198303223
gen_001867,gen_white_offface,-16.14427375793457
gen_001870,gen_white_offface,-9.38830280303955
gen_001873,gen_white_offface,-11.953290939331055
gen_001876,gen_white_offface,-8.129773139953613
gen_001879,gen_white_offface,-11.101088523864746
gen_001888,gen_white_offface,-5.35807466506958
gen_001894,gen_white_offface,-11.806485176086426
gen_001897,gen_white_offface,-7.202732563018799
gen_001900,gen_white_offface,-9.281098365783691
gen_001909,gen_white_offface,-6.942009925842285
gen_001912,gen_white_offface,-9.256190299987793
gen_001915,gen_white_offface,-9.549866676330566
gen_001918,gen_white_offface,-13.021668434143066
gen_001927,gen_white_offface,-7.2122650146484375
gen_001986,gen_white_offface,-2.897538185119629
gen_001989,gen_white_offface,-13.964258193969727
gen_001992,gen_white_offface,-10.706010818481445
gen_001998,gen_white_offface,-9.284388542175293
gen_002001,gen_white_offface,-12.496670722961426
gen_002004,gen_white_offface,-11.603446960449219
gen_002007,gen_white_offface,-8.808785438537598
gen_002010,gen_white_offface,-4.225381851196289
gen_002013,gen_white_offface,-14.377154350280762
gen_002016,gen_white_offface,-3.9031906127929688
gen_002022,gen_white_offface,-10.740657806396484
gen_002025,gen_white_offface,-11.850085258483887
gen_002028,gen_white_offface,-6.942408561706543
gen_002031,gen_white_offface,-6.3141350746154785
gen_002034,gen_white_offface,-6.700486660003662
gen_002037,gen_white_offface,-7.019901752471924
gen_002043,gen_white_offface,-8.722164154052734
gen_002046,gen_white_offface,-9.524985313415527
gen_002049,gen_white_offface,-3.355281352996826
gen_002105,gen_white_offface,-8.421347618103027
gen_002111,gen_white_offface,-7.97535514831543
gen_002117,gen_white_offface,-8.569867134094238
gen_002123,gen_white_offface,-8.738715171813965
gen_002135,gen_white_offface,-9.57938003540039
gen_002141,gen_white_offface,-9.484291076660156
gen_002147,gen_white_offface,-7.4703850746154785
gen_002153,gen_white_offface,-5.254392623901367
gen_002159,gen_white_offface,-9.066311836242676
gen_002165,gen_white_offface,-5.500597953796387
gen_002168,gen_white_offface,-9.19877815246582
gen_002224,gen_white_offface,-12.305098533630371
gen_002230,gen_white_offface,-9.652438163757324
gen_002233,gen_white_offface,-11.27938175201416
gen_002239,gen_white_offface,-9.41878604888916
gen_002242,gen_white_offface,-11.090587615966797
gen_002248,gen_white_offface,-16.460350036621094
gen_002251,gen_white_offface,-6.202053070068359
gen_002254,gen_white_offface,-8.186768531799316
gen_002260,gen_white_offface,-6.372501850128174
gen_002272,gen_white_offface,-11.51677417755127
gen_002275,gen_white_offface,-7.785549163818359
gen_002281,gen_white_offface,-4.601322174072266
gen_002284,gen_white_offface,-11.834403038024902
gen_002287,gen_white_offface,-8.241340637207031
gen_002355,gen_white_offface,-7.589367866516113
gen_002358,gen_white_offface,-7.411016464233398
gen_002364,gen_white_offface,-6.818631172180176
gen_002367,gen_white_offface,-7.251707077026367
gen_002373,gen_white_offface,-9.48304271697998
gen_002376,gen_white_offface,-8.576411247253418
gen_002382,gen_white_offface,-8.334305763244629
gen_002388,gen_white_offface,-6.590442657470703
gen_002400,gen_white_offface,-9.06057357788086
gen_002403,gen_white_offface,-11.6830472946167
gen_002465,gen_white_offface,-7.111791133880615
gen_002468,gen_white_offface,-14.825695991516113
gen_002474,gen_white_offface,-7.56927490234375
gen_002483,gen_white_offface,-5.898921966552734
gen_002486,gen_white_offface,-7.159952163696289
gen_002489,gen_white_offface,-16.790536880493164
gen_002498,gen_white_offface,-10.707985877990723
gen_002507,gen_white_offface,-7.0904364585876465
gen_002510,gen_white_offface,-11.577454566955566
gen_002525,gen_white_offface,-9.405929565429688
gen_000500,gen_white_offface,-7.930885314941406
gen_000503,gen_white_offface,-9.093899726867676
gen_000514,gen_white_offface,-9.0313081741333
gen_000515,gen_white_offface,-12.070322036743164
gen_000517,gen_white_offface,-12.861536979675293
gen_000519,gen_white_offface,-5.841743469238281
gen_000522,gen_white_offface,-12.602374076843262
gen_000525,gen_white_offface,-3.982910394668579
gen_000529,gen_white_offface,-11.211954116821289
gen_000532,gen_white_offface,-4.868641376495361
gen_000534,gen_white_offface,-10.782485961914062
gen_000535,gen_white_offface,-6.4654693603515625
gen_000536,gen_white_offface,-7.349714756011963
gen_000538,gen_white_offface,-10.369277954101562
gen_000539,gen_white_offface,-4.680005073547363
gen_000540,gen_white_offface,-3.680851697921753
gen_000541,gen_white_offface,-7.2462077140808105
gen_000542,gen_white_offface,-9.057093620300293
gen_000545,gen_white_offface,-6.703172206878662
gen_000548,gen_white_offface,-6.761317253112793
gen_000549,gen_white_offface,-2.545508623123169
gen_000552,gen_white_offface,-7.278931617736816
gen_000555,gen_white_offface,-6.921525955200195
gen_000558,gen_white_offface,-2.2075326442718506
gen_000559,gen_white_offface,-13.008025169372559
gen_000560,gen_white_offface,-10.865642547607422
gen_000562,gen_white_offface,-9.310507774353027
gen_000565,gen_white_offface,-6.052924633026123
gen_000567,gen_white_offface,-9.06456470489502
gen_000568,gen_white_offface,-8.352156639099121
gen_000573,gen_white_offface,-10.012595176696777
gen_000575,gen_white_offface,-14.765304565429688
gen_000576,gen_white_offface,-2.1628000736236572
gen_000578,gen_white_offface,-5.13431978225708
gen_000583,gen_white_offface,-14.328822135925293
gen_000585,gen_white_offface,-4.990664958953857
gen_000586,gen_white_offface,-10.467232704162598
gen_000589,gen_white_offface,-8.090041160583496
gen_000592,gen_white_offface,-13.159838676452637
gen_000593,gen_white_offface,-4.369112014770508
gen_000596,gen_white_offface,-9.811594009399414
gen_000600,gen_white_offface,-1.275880217552185
gen_000601,gen_white_offface,-8.72512435913086
gen_000606,gen_white_offface,-5.442304611206055
gen_000607,gen_white_offface,-13.89244556427002
gen_000608,gen_white_offface,-2.318516969680786
gen_000611,gen_white_offface,-9.198580741882324
gen_000618,gen_white_offface,-10.180081367492676
gen_000620,gen_white_offface,-8.168185234069824
gen_002532,gen_white_offface,-0.22990357875823975
gen_002534,gen_white_offface,-10.396073341369629
gen_002535,gen_white_offface,-8.037447929382324
gen_002536,gen_white_offface,-11.040432929992676
gen_002539,gen_white_offface,-8.69668197631836
gen_002540,gen_white_offface,-9.570688247680664
gen_002543,gen_white_offface,0.5001351833343506
gen_002545,gen_white_offface,-10.556960105895996
gen_002551,gen_white_offface,-8.95133113861084
gen_002553,gen_white_offface,-4.278331756591797
gen_002555,gen_white_offface,-13.944984436035156
gen_002558,gen_white_offface,-11.87049674987793
gen_002560,gen_white_offface,-8.676552772521973
gen_002563,gen_white_offface,-9.174695014953613
gen_002570,gen_white_offface,-12.323174476623535
gen_002571,gen_white_offface,-11.396418571472168
gen_002574,gen_white_offface,-2.679380178451538
gen_002577,gen_white_offface,-3.5089008808135986
gen_002584,gen_white_offface,-8.117907524108887
gen_002589,gen_white_offface,-4.271869659423828
gen_002591,gen_white_offface,-10.565311431884766
gen_002601,gen_white_offface,-7.905021667480469
gen_002602,gen_white_offface,-10.443801879882812
gen_002604,gen_white_offface,-11.889214515686035
gen_002611,gen_white_offface,-8.852641105651855
gen_002612,gen_white_offface,-14.016834259033203
gen_002613,gen_white_offface,-7.509795665740967
gen_002615,gen_white_offface,-10.495748519897461
gen_002620,gen_white_offface,-9.833806037902832
gen_002622,gen_white_offface,-8.7686185836792
gen_002626,gen_white_offface,-10.212040901184082
gen_002629,gen_white_offface,-5.145664215087891
gen_002630,gen_white_offface,-8.01760196685791
gen_002637,gen_white_offface,-14.062145233154297
gen_002642,gen_white_offface,-6.756915092468262
gen_002643,gen_white_offface,-8.679471969604492
gen_002648,gen_white_offface,-6.27458381652832
gen_002649,gen_white_offface,-3.074993133544922
gen_002651,gen_white_offface,-11.121001243591309
gen_002653,gen_white_offface,-6.40403938293457
gen_002658,gen_white_offface,-3.648756265640259
gen_002660,gen_white_offface,-16.115140914916992
gen_002661,gen_white_offface,-4.6606364250183105
gen_002662,gen_white_offface,-5.152105331420898
gen_002664,gen_white_offface,-12.84726619720459
gen_002666,gen_white_offface,-4.353422164916992
gen_002672,gen_white_offface,-7.708536148071289
gen_002674,gen_white_offface,-6.298689842224121
gen_002685,gen_white_offface,-10.469626426696777
gen_002688,gen_white_offface,-7.154422283172607
gen_002690,gen_white_offface,-8.857500076293945
gen_002691,gen_white_offface,-4.2300286293029785
gen_002695,gen_white_offface,-6.245542049407959
gen_002698,gen_white_offface,-4.020211219787598
gen_002699,gen_white_offface,0.32553601264953613
gen_002703,gen_white_offface,-3.5189192295074463
gen_002704,gen_white_offface,-10.877326011657715
gen_002707,gen_white_offface,-11.895615577697754
gen_002708,gen_white_offface,-0.6195094585418701
gen_002712,gen_white_offface,-10.884699821472168
gen_002714,gen_white_offface,-4.266278266906738
gen_002717,gen_white_offface,-2.078427791595459
gen_002719,gen_white_offface,-6.9752092361450195
gen_002720,gen_white_offface,-0.016128359362483025
gen_002723,gen_white_offface,1.0509812831878662
gen_002730,gen_white_offface,-5.197384834289551
gen_002733,gen_white_offface,-2.2407753467559814
gen_002734,gen_white_offface,-5.071310043334961
gen_002737,gen_white_offface,-2.4962165355682373
gen_002739,gen_white_offface,-9.661083221435547
gen_002741,gen_white_offface,-7.658822059631348
gen_002746,gen_white_offface,-0.7658596038818359
gen_002747,gen_white_offface,-6.132822036743164
gen_002750,gen_white_offface,-5.837305068969727
gen_002751,gen_white_offface,-7.174317359924316
gen_002759,gen_white_offface,2.1496741771698
gen_002763,gen_white_offface,-14.06421184539795
gen_002764,gen_white_offface,1.660348653793335
gen_002769,gen_white_offface,-7.363437652587891
gen_002770,gen_white_offface,-8.62620735168457
gen_002771,gen_white_offface,-2.0768356323242188
gen_002776,gen_white_offface,-4.189963340759277
gen_002777,gen_white_offface,-12.467228889465332
gen_002778,gen_white_offface,-3.843437433242798
gen_002781,gen_white_offface,-11.101085662841797
gen_002783,gen_white_offface,-11.209752082824707
gen_002785,gen_white_offface,-9.509570121765137
gen_002789,gen_white_offface,-8.3612060546875
gen_002791,gen_white_offface,-6.09317684173584
gen_002793,gen_white_offface,-10.30422306060791
gen_002796,gen_white_offface,-5.4580206871032715
gen_002797,gen_white_offface,-8.404383659362793
gen_002800,gen_white_offface,-14.319148063659668
gen_002805,gen_white_offface,-7.310007572174072
gen_002809,gen_white_offface,-2.399353504180908
gen_002812,gen_white_offface,-9.648560523986816
gen_002823,gen_white_offface,-10.422945976257324
gen_002824,gen_white_offface,-8.832331657409668
gen_002826,gen_white_offface,-9.209142684936523
gen_002833,gen_white_offface,0.00529724545776844
gen_002834,gen_white_offface,-6.58704948425293
gen_002836,gen_white_offface,-5.350613594055176
gen_002838,gen_white_offface,-8.563200950622559
gen_002840,gen_white_offface,-10.674934387207031
gen_002844,gen_white_offface,-3.2791495323181152
gen_002845,gen_white_offface,-7.31186580657959
gen_002847,gen_white_offface,-5.097126007080078
gen_002855,gen_white_offface,-10.756745338439941
gen_002857,gen_white_offface,-6.965105056762695
gen_002858,gen_white_offface,-4.263138771057129
gen_002859,gen_white_offface,-5.062073707580566
gen_002863,gen_white_offface,-6.225264549255371
gen_002864,gen_white_offface,-9.928607940673828
gen_002875,gen_white_offface,-14.352286338806152
gen_002877,gen_white_offface,-4.96271276473999
gen_002881,gen_white_offface,-8.022334098815918
gen_002883,gen_white_offface,-3.9865756034851074
gen_002884,gen_white_offface,-6.042516708374023
gen_002885,gen_white_offface,-9.372976303100586
gen_002888,gen_white_offface,-12.009797096252441
gen_002890,gen_white_offface,-11.189652442932129
gen_002891,gen_white_offface,-11.640236854553223
gen_002892,gen_white_offface,-12.520939826965332
gen_002899,gen_white_offface,-4.024253845214844
gen_002900,gen_white_offface,-3.723371982574463
gen_002902,gen_white_offface,-13.903045654296875
gen_002905,gen_white_offface,-6.162665843963623
gen_002907,gen_white_offface,-12.506211280822754
gen_002908,gen_white_offface,-4.768825531005859
gen_002910,gen_white_offface,-8.799960136413574
gen_002914,gen_white_offface,-13.300814628601074
gen_002915,gen_white_offface,-9.580206871032715
gen_002916,gen_white_offface,-9.631213188171387
gen_002917,gen_white_offface,-6.971007347106934
gen_002920,gen_white_offface,-5.910625457763672
gen_002921,gen_white_offface,-4.976131439208984
gen_002923,gen_white_offface,-4.108205795288086
gen_002927,gen_white_offface,-12.44502067565918
gen_002929,gen_white_offface,-4.047028541564941
gen_002931,gen_white_offface,-4.4918365478515625
gen_002932,gen_white_offface,-6.614947319030762
gen_002933,gen_white_offface,-11.116835594177246
gen_002938,gen_white_offface,-1.9000897407531738
gen_002940,gen_white_offface,-11.320279121398926
gen_002943,gen_white_offface,-7.99013614654541
gen_002946,gen_white_offface,-3.963282585144043
gen_002951,gen_white_offface,-5.9209771156311035
gen_002956,gen_white_offface,-9.751200675964355
gen_002957,gen_white_offface,-9.528947830200195
gen_002958,gen_white_offface,-9.800843238830566
gen_002960,gen_white_offface,-7.255428314208984
gen_002963,gen_white_offface,-8.913894653320312
gen_002965,gen_white_offface,-10.355149269104004
gen_002968,gen_white_offface,-6.125641822814941
gen_002973,gen_white_offface,-12.588807106018066
gen_002974,gen_white_offface,-8.457501411437988
gen_002977,gen_white_offface,-9.335589408874512
gen_002979,gen_white_offface,-9.626450538635254
gen_002981,gen_white_offface,-5.728335857391357
gen_002984,gen_white_offface,-12.63973617553711
gen_002988,gen_white_offface,-6.758055210113525
gen_002990,gen_white_offface,-8.25223445892334
gen_002991,gen_white_offface,-8.410645484924316
gen_002995,gen_white_offface,-11.068499565124512
780930,real_disc_gray,7.410944938659668
797190,real_disc_gray,11.436216354370117
838263,real_disc_gray,12.263762474060059
1119392,real_disc_gray,9.529294967651367
948753,real_disc_gray,7.602777481079102
1021263,real_disc_gray,6.921629905700684
1056303,real_disc_gray,13.611210823059082
882202,real_disc_gray,12.194548606872559
794285,real_disc_gray,4.605317115783691
702818,real_disc_gray,6.310967922210693
887906,real_disc_gray,9.638886451721191
707340,real_disc_gray,6.531156539916992
909903,real_disc_gray,7.6010589599609375
911557,real_disc_gray,14.126367568969727
1096035,real_disc_gray,10.359057426452637
871400,real_disc_gray,13.87812328338623
709252,real_disc_gray,4.215630531311035
946133,real_disc_gray,11.316108703613281
756306,real_disc_gray,6.390035629272461
1054374,real_disc_gray,1.9234380722045898
1169741,real_disc_gray,13.661953926086426
581614,real_disc_gray,4.8647541999816895
1220099,real_disc_gray,12.497915267944336
831716,real_disc_gray,6.15846061706543
677599,real_disc_gray,5.082381248474121
937707,real_disc_gray,16.768850326538086
870960,real_disc_gray,9.61974811553955
930353,real_disc_gray,11.476235389709473
778526,real_disc_gray,10.138026237487793
1293881,real_disc_gray,9.728529930114746
1291120,real_disc_gray,10.574190139770508
719945,real_disc_gray,11.974191665649414
947195,real_disc_gray,5.594874858856201
1052154,real_disc_gray,13.912056922912598
973737,real_disc_gray,8.218950271606445
1042236,real_disc_gray,15.753674507141113
982108,real_disc_gray,6.440605163574219
1219357,real_disc_gray,10.158805847167969
1014796,real_disc_gray,2.6880414485931396
1100727,real_disc_gray,3.6691291332244873
954884,real_disc_gray,8.807476997375488
919467,real_disc_gray,11.45030403137207
1104582,real_disc_gray,12.928570747375488
981677,real_disc_gray,8.938140869140625
1042574,real_disc_gray,3.779249429702759
907321,real_disc_gray,9.981602668762207
545690,real_disc_gray,6.047547817230225
1027845,real_disc_gray,10.807791709899902
953935,real_disc_gray,11.533377647399902
933466,real_disc_gray,11.440811157226562
991792,real_disc_gray,13.208708763122559
764798,real_disc_gray,10.805230140686035
1108625,real_disc_gray,9.48352336883545
1113432,real_disc_gray,8.88103199005127
801545,real_disc_gray,8.581320762634277
711110,real_disc_gray,8.853758811950684
835678,real_disc_gray,10.96130084991455
926260,real_disc_gray,10.316129684448242
729712,real_disc_gray,6.760768890380859
1175004,real_disc_gray,2.041529655456543
997622,real_disc_gray,11.437623023986816
675794,real_disc_gray,4.902632713317871
704220,real_disc_gray,5.393289566040039
1070784,real_disc_gray,7.86716365814209
1053076,real_disc_gray,10.866510391235352
949424,real_disc_gray,8.508671760559082
863183,real_disc_gray,11.5427885055542
897281,real_disc_gray,7.067060947418213
754093,real_disc_gray,7.821142196655273
926101,real_disc_gray,11.96725845336914
582178,real_disc_gray,1.6546247005462646
820570,real_disc_gray,8.300806999206543
986940,real_disc_gray,8.642626762390137
946010,real_disc_gray,14.200613021850586
764150,real_disc_gray,9.094139099121094
650017,real_disc_gray,4.968329429626465
1256142,real_disc_gray,5.842384338378906
841850,real_disc_gray,5.2086052894592285
944543,real_disc_gray,13.419391632080078
655112,real_disc_gray,6.4013352394104
1161486,real_disc_gray,6.222189426422119
1102478,real_disc_gray,5.907312393188477
846370,real_disc_gray,4.811333179473877
553052,real_disc_gray,7.23543119430542
573848,real_disc_gray,4.684135913848877
1103342,real_disc_gray,10.408770561218262
853044,real_disc_gray,13.987553596496582
1056946,real_disc_gray,9.647543907165527
764938,real_disc_gray,7.42684268951416
952322,real_disc_gray,9.235491752624512
1101540,real_disc_gray,9.604004859924316
889498,real_disc_gray,8.708008766174316
594254,real_disc_gray,6.449853897094727
1004518,real_disc_gray,10.569331169128418
1152564,real_disc_gray,8.685484886169434
1105529,real_disc_gray,11.925114631652832
588350,real_disc_gray,10.272541046142578
1060000,real_disc_gray,8.488272666931152
985917,real_disc_gray,8.038695335388184
1017237,real_disc_gray,9.500224113464355
904548,real_disc_gray,7.849620819091797
796892,real_disc_gray,8.512596130371094
899163,real_disc_gray,5.708273887634277
1150939,real_disc_gray,10.326181411743164
818048,real_disc_gray,11.328778266906738
686935,real_disc_gray,12.514912605285645
1137062,real_disc_gray,6.15386962890625
567448,real_disc_gray,1.9052916765213013
1286215,real_disc_gray,5.497066497802734
569890,real_disc_gray,8.447629928588867
1319676,real_disc_gray,8.618781089782715
861566,real_disc_gray,7.937535762786865
693257,real_disc_gray,9.995152473449707
917969,real_disc_gray,8.169203758239746
1106803,real_disc_gray,7.781612396240234
771942,real_disc_gray,6.7261433601379395
917976,real_disc_gray,8.079819679260254
1108540,real_disc_gray,9.91955852508545
1056078,real_disc_gray,13.819822311401367
572643,real_disc_gray,9.403336524963379
892858,real_disc_gray,9.472046852111816
649469,real_disc_gray,12.312230110168457
922384,real_disc_gray,11.962459564208984
662298,real_disc_gray,9.520552635192871
1099563,real_disc_gray,11.584392547607422
1339489,real_disc_gray,6.77834939956665
574597,real_disc_gray,5.84421443939209
1176325,real_disc_gray,11.498822212219238
1072945,real_disc_gray,10.760918617248535
738347,real_disc_gray,5.603309631347656
797088,real_disc_gray,8.744603157043457
649893,real_disc_gray,6.709406852722168
781486,real_disc_gray,4.999690532684326
755684,real_disc_gray,10.339644432067871
