image_id,path,label,category,parts,source_type,source_domain,generator,style,look_group,prompt_id,split
892567,images/real/모던/892567.jpg,1,상의,상의|하의,real,kfashion,,모던,phash_0,,train
614760,images/real/로맨틱/614760.jpg,1,상의,상의|하의,real,kfashion,,로맨틱,phash_1,,train
39924,images/real/스트리트/39924.jpg,1,상의,상의,real,kfashion,,스트리트,Eirene_035,,train
245664,images/real/스트리트/245664.jpg,1,상의,상의|하의,real,kfashion,,스트리트,Mademoon_358,,train
1315968,images/real/스트리트/1315968.jpg,1,상의,상의|하의,real,kfashion,,스트리트,phash_2,,train
1005884,images/real/스트리트/1005884.jpg,1,상의,상의|하의,real,kfashion,,스트리트,phash_3,,train
621167,images/real/모던/621167.jpg,1,상의,상의,real,kfashion,,모던,u_155176955830535100,,test
179327,images/real/모던/179327.jpg,1,상의,상의|하의,real,kfashion,,모던,Tonenton_027,,train
998959,images/real/스포티/998959.jpg,1,상의,상의|하의,real,kfashion,,스포티,phash_4,,val
816333,images/real/로맨틱/816333.jpg,1,상의,상의|하의,real,kfashion,,로맨틱,phash_5,,train
780930,images/real/로맨틱/780930.jpg,1,상의,상의|하의,real,kfashion,,로맨틱,phash_6,,test
464258,images/real/모던/464258.jpg,1,상의,상의,real,kfashion,,모던,phash_7,,val
1302925,images/real/스트리트/1302925.jpg,1,상의,상의|하의,real,kfashion,,스트리트,phash_8,,train
140859,images/real/스트리트/140859.jpg,1,상의,상의|하의,real,kfashion,,스트리트,phash_9,,test
699635,images/real/로맨틱/699635.jpg,1,상의,상의|하의,real,kfashion,,로맨틱,phash_10,,train
1224616,images/real/스트리트/1224616.jpg,1,상의,상의|하의,real,kfashion,,스트리트,phash_11,,train
73204,images/real/스포티/73204.jpg,1,상의,상의|하의,real,kfashion,,스포티,phash_12,,train
1308528,images/real/스트리트/1308528.jpg,1,상의,상의,real,kfashion,,스트리트,phash_13,,train
736563,images/real/클래식/736563.jpg,1,상의,상의|하의,real,kfashion,,클래식,phash_14,,train
409518,images/real/스트리트/409518.jpg,1,상의,상의,real,kfashion,,스트리트,phash_15,,train
109346,images/real/로맨틱/109346.jpg,1,상의,상의|하의,real,kfashion,,로맨틱,phash_16,,train
1082692,images/real/스트리트/1082692.jpg,1,상의,상의|하의,real,kfashion,,스트리트,phash_17,,train
476751,images/real/아방가르드/476751.jpg,1,상의,상의|하의,real,kfashion,,아방가르드,u_152903154986727200,,val
718992,images/real/스트리트/718992.jpg,1,상의,상의|하의,real,kfashion,,스트리트,phash_18,,train
408968,images/real/스트리트/408968.jpg,1,상의,상의|하의,real,kfashion,,스트리트,phash_19,,train
1065890,images/real/스트리트/1065890.jpg,1,상의,상의|하의,real,kfashion,,스트리트,phash_20,,train
1290205,images/real/스트리트/1290205.jpg,1,상의,상의|하의,real,kfashion,,스트리트,phash_21,,train
705920,images/real/스트리트/705920.jpg,1,상의,상의|하의,real,kfashion,,스트리트,phash_22,,train
618249,images/real/모던/618249.jpg,1,상의,상의,real,kfashion,,모던,phash_23,,train
414544,images/real/모던/414544.jpg,1,상의,상의,real,kfashion,,모던,phash_24,,train
874928,images/real/스트리트/874928.jpg,1,상의,상의,real,kfashion,,스트리트,phash_25,,train
551542,images/real/모던/551542.jpg,1,상의,상의|하의,real,kfashion,,모던,phash_26,,train
793416,images/real/스트리트/793416.jpg,1,상의,상의|하의,real,kfashion,,스트리트,phash_27,,train
729507,images/real/스트리트/729507.jpg,1,상의,상의|하의,real,kfashion,,스트리트,phash_28,,train
381027,images/real/스트리트/381027.jpg,1,상의,상의,real,kfashion,,스트리트,phash_29,,train
1175194,images/real/리조트/1175194.jpg,1,상의,상의,real,kfashion,,리조트,phash_30,,train
1038953,images/real/페미닌/1038953.jpg,1,상의,상의,real,kfashion,,페미닌,phash_31,,train
127713,images/real/소피스트케이티드/127713.jpg,1,상의,상의|하의,real,kfashion,,소피스트케이티드,phash_32,,train
868591,images/real/스트리트/868591.jpg,1,상의,상의|하의,real,kfashion,,스트리트,phash_33,,train
1154230,images/real/모던/1154230.jpg,1,상의,상의|하의,real,kfashion,,모던,phash_573,,train
495639,images/real/스트리트/495639.jpg,1,상의,상의|하의,real,kfashion,,스트리트,phash_34,,train
802730,images/real/스트리트/802730.jpg,1,상의,상의|하의,real,kfashion,,스트리트,phash_35,,train
119601,images/real/스트리트/119601.jpg,1,상의,상의,real,kfashion,,스트리트,OZBRIDGE_064,,train
932803,images/real/리조트/932803.jpg,1,상의,상의,real,kfashion,,리조트,phash_36,,train
1261919,images/real/리조트/1261919.jpg,1,상의,상의|하의,real,kfashion,,리조트,phash_37,,test
1332250,images/real/스트리트/1332250.jpg,1,상의,상의|하의,real,kfashion,,스트리트,phash_38,,val
464898,images/real/스트리트/464898.jpg,1,상의,상의,real,kfashion,,스트리트,phash_39,,test
1186861,images/real/모던/1186861.jpg,1,상의,상의|하의,real,kfashion,,모던,phash_40,,test
141986,images/real/스트리트/141986.jpg,1,상의,상의,real,kfashion,,스트리트,Dokae_734,,train
598121,images/real/모던/598121.jpg,1,상의,상의|하의,real,kfashion,,모던,phash_41,,val
875800,images/real/스트리트/875800.jpg,1,상의,상의|하의,real,kfashion,,스트리트,phash_42,,train
409135,images/real/스트리트/409135.jpg,1,상의,상의,real,kfashion,,스트리트,phash_43,,train
797190,images/real/키치/797190.jpg,1,상의,상의|하의,real,kfashion,,키치,phash_44,,test
81653,images/real/스트리트/81653.jpg,1,상의,상의,real,kfashion,,스트리트,phash_45,,val
1091768,images/real/스트리트/1091768.jpg,1,상의,상의|하의,real,kfashion,,스트리트,phash_46,,train
838263,images/real/스트리트/838263.jpg,1,상의,상의,real,kfashion,,스트리트,phash_47,,test
776621,images/real/스트리트/776621.jpg,1,상의,상의,real,kfashion,,스트리트,phash_48,,train
1273931,images/real/스트리트/1273931.jpg,1,상의,상의|하의,real,kfashion,,스트리트,phash_49,,val
386688,images/real/스트리트/386688.jpg,1,상의,상의,real,kfashion,,스트리트,u_154804511555409000,,test
1195841,images/real/매니시/1195841.jpg,1,상의,상의|하의,real,kfashion,,매니시,phash_50,,val
1119371,images/real/스트리트/1119371.jpg,1,상의,상의|하의,real,kfashion,,스트리트,phash_51,,train
245197,images/real/스트리트/245197.jpg,1,상의,상의|하의,real,kfashion,,스트리트,phash_52,,val
1092966,images/real/스트리트/1092966.jpg,1,상의,상의|하의,real,kfashion,,스트리트,phash_53,,train
1119392,images/real/페미닌/1119392.jpg,1,상의,상의|하의,real,kfashion,,페미닌,phash_54,,test
872302,images/real/스트리트/872302.jpg,1,상의,상의|하의,real,kfashion,,스트리트,phash_55,,val
391503,images/real/스트리트/391503.jpg,1,상의,상의|하의,real,kfashion,,스트리트,u_155678990748824100,,train
1305505,images/real/스트리트/1305505.jpg,1,상의,상의|하의,real,kfashion,,스트리트,phash_56,,train
647756,images/real/스트리트/647756.jpg,1,상의,상의|하의,real,kfashion,,스트리트,phash_57,,test
380906,images/real/리조트/380906.jpg,1,상의,상의|하의,real,kfashion,,리조트,phash_58,,train
1337009,images/real/스트리트/1337009.jpg,1,상의,상의|하의,real,kfashion,,스트리트,phash_59,,val
825489,images/real/로맨틱/825489.jpg,1,상의,상의|하의,real,kfashion,,로맨틱,phash_60,,train
601326,images/real/스트리트/601326.jpg,1,상의,상의,real,kfashion,,스트리트,phash_61,,val
948753,images/real/스트리트/948753.jpg,1,상의,상의|하의,real,kfashion,,스트리트,phash_62,,test
387799,images/real/스트리트/387799.jpg,1,상의,상의,real,kfashion,,스트리트,u_155021210772933300,,train
806248,images/real/리조트/806248.jpg,1,상의,상의|하의,real,kfashion,,리조트,phash_63,,train
1278147,images/real/스트리트/1278147.jpg,1,상의,상의,real,kfashion,,스트리트,phash_64,,val
598864,images/real/스트리트/598864.jpg,1,상의,상의|하의,real,kfashion,,스트리트,phash_65,,test
1282630,images/real/스트리트/1282630.jpg,1,상의,상의|하의,real,kfashion,,스트리트,phash_66,,train
227563,images/real/히피/227563.jpg,1,상의,상의|하의,real,kfashion,,히피,penny_286,,train
930423,images/real/스트리트/930423.jpg,1,상의,상의|하의,real,kfashion,,스트리트,phash_67,,val
1021263,images/real/페미닌/1021263.jpg,1,상의,상의|하의,real,kfashion,,페미닌,phash_68,,test
1017876,images/real/스트리트/1017876.jpg,1,상의,상의,real,kfashion,,스트리트,phash_69,,train
383006,images/real/스트리트/383006.jpg,1,상의,상의,real,kfashion,,스트리트,u_15734594629401200,,train
1006155,images/real/스트리트/1006155.jpg,1,상의,상의,real,kfashion,,스트리트,phash_70,,test
261466,images/real/스트리트/261466.jpg,1,상의,상의,real,kfashion,,스트리트,GramMeterGroove_073,,train
378019,images/real/스트리트/378019.jpg,1,상의,상의,real,kfashion,,스트리트,phash_71,,train
345305,images/real/젠더리스/345305.jpg,1,상의,상의|하의,real,kfashion,,젠더리스,vicky_082,,val
943090,images/real/스트리트/943090.jpg,1,상의,상의|하의,real,kfashion,,스트리트,phash_72,,val
803689,images/real/스트리트/803689.jpg,1,상의,상의|하의,real,kfashion,,스트리트,phash_73,,test
1304934,images/real/스트리트/1304934.jpg,1,상의,상의|하의,real,kfashion,,스트리트,phash_74,,train
1002182,images/real/스트리트/1002182.jpg,1,상의,상의,real,kfashion,,스트리트,phash_75,,val
908871,images/real/페미닌/908871.jpg,1,상의,상의|하의,real,kfashion,,페미닌,phash_76,,test
317969,images/real/모던/317969.jpg,1,상의,상의,real,kfashion,,모던,id_644,,train
1295223,images/real/리조트/1295223.jpg,1,상의,상의|하의,real,kfashion,,리조트,phash_77,,train
831995,images/real/모던/831995.jpg,1,상의,상의|하의,real,kfashion,,모던,phash_78,,val
1056303,images/real/스트리트/1056303.jpg,1,상의,상의|하의,real,kfashion,,스트리트,phash_79,,test
1083660,images/real/스트리트/1083660.jpg,1,상의,상의|하의,real,kfashion,,스트리트,phash_80,,val
1244784,images/real/아방가르드/1244784.jpg,1,상의,상의|하의,real,kfashion,,아방가르드,phash_81,,test
690999,images/real/리조트/690999.jpg,1,상의,상의|하의,real,kfashion,,리조트,phash_82,,train
894052,images/real/스트리트/894052.jpg,1,상의,상의|하의,real,kfashion,,스트리트,phash_83,,val
882202,images/real/스트리트/882202.jpg,1,상의,상의|하의,real,kfashion,,스트리트,phash_84,,test
1267062,images/real/페미닌/1267062.jpg,1,상의,상의|하의,real,kfashion,,페미닌,phash_85,,train
29070,images/real/스트리트/29070.jpg,1,상의,상의,real,kfashion,,스트리트,phash_86,,val
1234200,images/real/로맨틱/1234200.jpg,1,상의,상의,real,kfashion,,로맨틱,phash_87,,test
283764,images/real/밀리터리/283764.jpg,1,상의,상의|하의,real,kfashion,,밀리터리,BandM_125,,train
386449,images/real/스트리트/386449.jpg,1,상의,상의,real,kfashion,,스트리트,u_154718347689582800,,val
718854,images/real/스트리트/718854.jpg,1,상의,상의|하의,real,kfashion,,스트리트,phash_88,,train
897397,images/real/모던/897397.jpg,1,상의,상의|하의,real,kfashion,,모던,phash_89,,val
496148,images/real/스트리트/496148.jpg,1,상의,상의|하의,real,kfashion,,스트리트,phash_90,,train
142972,images/real/컨트리/142972.jpg,1,상의,상의,real,kfashion,,컨트리,Dokae_797,,train
1078148,images/real/스트리트/1078148.jpg,1,상의,상의|하의,real,kfashion,,스트리트,phash_91,,val
910803,images/real/키치/910803.jpg,1,상의,상의|하의,real,kfashion,,키치,phash_92,,test
788759,images/real/레트로/788759.jpg,1,상의,상의|하의,real,kfashion,,레트로,phash_93,,train
379109,images/real/스트리트/379109.jpg,1,상의,상의,real,kfashion,,스트리트,phash_94,,val
794285,images/real/히피/794285.jpg,1,상의,상의|하의,real,kfashion,,히피,phash_95,,test
1149543,images/real/스트리트/1149543.jpg,1,상의,상의|하의,real,kfashion,,스트리트,phash_96,,train
748427,images/real/모던/748427.jpg,1,상의,상의|하의,real,kfashion,,모던,phash_97,,val
513457,images/real/스트리트/513457.jpg,1,상의,상의,real,kfashion,,스트리트,phash_98,,test
122510,images/real/스트리트/122510.jpg,1,상의,상의|하의,real,kfashion,,스트리트,POUND_050,,train
1056301,images/real/스트리트/1056301.jpg,1,상의,상의|하의,real,kfashion,,스트리트,phash_99,,train
850821,images/real/스트리트/850821.jpg,1,상의,상의|하의,real,kfashion,,스트리트,phash_100,,train
1088941,images/real/스트리트/1088941.jpg,1,상의,상의,real,kfashion,,스트리트,phash_101,,train
1016619,images/real/레트로/1016619.jpg,1,상의,상의|하의,real,kfashion,,레트로,phash_102,,train
647441,images/real/스트리트/647441.jpg,1,상의,상의|하의,real,kfashion,,스트리트,phash_103,,train
7975,images/real/페미닌/7975.jpg,1,상의,상의|하의,real,kfashion,,페미닌,Thenew_040,,train
404501,images/real/로맨틱/404501.jpg,1,상의,상의,real,kfashion,,로맨틱,phash_104,,train
907072,images/real/모던/907072.jpg,1,상의,상의|하의,real,kfashion,,모던,phash_105,,train
808413,images/real/스트리트/808413.jpg,1,상의,상의|하의,real,kfashion,,스트리트,phash_106,,train
547256,images/real/스트리트/547256.jpg,1,상의,상의|하의,real,kfashion,,스트리트,phash_107,,train
202552,images/real/스트리트/202552.jpg,1,상의,상의|하의,real,kfashion,,스트리트,phash_108,,train
479695,images/real/리조트/479695.jpg,1,상의,상의,real,kfashion,,리조트,phash_109,,train
213744,images/real/스트리트/213744.jpg,1,상의,상의|하의,real,kfashion,,스트리트,habanjang_323,,train
1154143,images/real/모던/1154143.jpg,1,상의,상의|하의,real,kfashion,,모던,phash_110,,train
151079,images/real/모던/151079.jpg,1,상의,상의,real,kfashion,,모던,phash_111,,train
742796,images/real/페미닌/742796.jpg,1,상의,상의|하의,real,kfashion,,페미닌,phash_112,,train
917681,images/real/리조트/917681.jpg,1,상의,상의|하의,real,kfashion,,리조트,phash_113,,train
151228,images/real/소피스트케이티드/151228.jpg,1,상의,상의,real,kfashion,,소피스트케이티드,phash_114,,train
384271,images/real/소피스트케이티드/384271.jpg,1,상의,상의|하의,real,kfashion,,소피스트케이티드,u_152453978790662000,,val
268119,images/real/페미닌/268119.jpg,1,상의,상의|하의,real,kfashion,,페미닌,Millimeter_231,,train
1096558,images/real/스트리트/1096558.jpg,1,상의,상의,real,kfashion,,스트리트,phash_115,,train
383545,images/real/스트리트/383545.jpg,1,상의,상의|하의,real,kfashion,,스트리트,u_152274235622778100,,val
626717,images/real/아방가르드/626717.jpg,1,상의,상의|하의,real,kfashion,,아방가르드,phash_116,,train
1280054,images/real/스트리트/1280054.jpg,1,상의,상의|하의,real,kfashion,,스트리트,phash_117,,train
1237272,images/real/스트리트/1237272.jpg,1,상의,상의|하의,real,kfashion,,스트리트,phash_118,,train
579864,images/real/스트리트/579864.jpg,1,상의,상의|하의,real,kfashion,,스트리트,phash_119,,train
942307,images/real/스트리트/942307.jpg,1,상의,상의|하의,real,kfashion,,스트리트,phash_120,,train
849441,images/real/스트리트/849441.jpg,1,상의,상의|하의,real,kfashion,,스트리트,phash_121,,train
49231,images/real/컨트리/49231.jpg,1,상의,상의|하의,real,kfashion,,컨트리,banhana_002,,train
1065887,images/real/키치/1065887.jpg,1,상의,상의,real,kfashion,,키치,phash_122,,train
108028,images/real/소피스트케이티드/108028.jpg,1,상의,상의|하의,real,kfashion,,소피스트케이티드,girlis_778,,train
267795,images/real/스트리트/267795.jpg,1,상의,상의|하의,real,kfashion,,스트리트,phash_123,,train
1322165,images/real/스트리트/1322165.jpg,1,상의,상의,real,kfashion,,스트리트,phash_124,,train
702123,images/real/리조트/702123.jpg,1,상의,상의|하의,real,kfashion,,리조트,phash_125,,train
71111,images/real/스트리트/71111.jpg,1,상의,상의|하의,real,kfashion,,스트리트,Common_053,,train
477869,images/real/로맨틱/477869.jpg,1,상의,상의,real,kfashion,,로맨틱,u_155047383498962400,,val
1341145,images/real/스트리트/1341145.jpg,1,상의,상의|하의,real,kfashion,,스트리트,phash_126,,train
1307678,images/real/스트리트/1307678.jpg,1,상의,상의,real,kfashion,,스트리트,phash_127,,train
110992,images/real/로맨틱/110992.jpg,1,상의,상의|하의,real,kfashion,,로맨틱,girlis_975,,train
1015611,images/real/매니시/1015611.jpg,1,상의,상의|하의,real,kfashion,,매니시,phash_128,,train
507323,images/real/리조트/507323.jpg,1,상의,상의|하의,real,kfashion,,리조트,phash_129,,train
1336713,images/real/스트리트/1336713.jpg,1,상의,상의|하의,real,kfashion,,스트리트,phash_130,,train
849927,images/real/리조트/849927.jpg,1,상의,상의,real,kfashion,,리조트,phash_131,,train
809075,images/real/로맨틱/809075.jpg,1,상의,상의|하의,real,kfashion,,로맨틱,phash_132,,train
681908,images/real/스트리트/681908.jpg,1,상의,상의|하의,real,kfashion,,스트리트,phash_133,,train
999549,images/real/리조트/999549.jpg,1,상의,상의,real,kfashion,,리조트,phash_134,,train
190928,images/real/스트리트/190928.jpg,1,상의,상의|하의,real,kfashion,,스트리트,byhoney_046,,train
410063,images/real/스트리트/410063.jpg,1,상의,상의|하의,real,kfashion,,스트리트,phash_135,,train
727842,images/real/페미닌/727842.jpg,1,상의,상의|하의,real,kfashion,,페미닌,phash_136,,train
1287673,images/real/스트리트/1287673.jpg,1,상의,상의,real,kfashion,,스트리트,phash_137,,train
742295,images/real/소피스트케이티드/742295.jpg,1,상의,상의|하의,real,kfashion,,소피스트케이티드,phash_138,,train
185479,images/real/페미닌/185479.jpg,1,상의,상의|하의,real,kfashion,,페미닌,phash_139,,train
232827,images/real/스트리트/232827.jpg,1,상의,상의|하의,real,kfashion,,스트리트,PURPLE_075,,train
189592,images/real/페미닌/189592.jpg,1,상의,상의,real,kfashion,,페미닌,TROI_022,,train
974428,images/real/스트리트/974428.jpg,1,상의,상의|하의,real,kfashion,,스트리트,phash_140,,train
1193087,images/real/스트리트/1193087.jpg,1,상의,상의|하의,real,kfashion,,스트리트,phash_141,,train
481625,images/real/모던/481625.jpg,1,상의,상의,real,kfashion,,모던,phash_142,,train
553883,images/real/모던/553883.jpg,1,상의,상의|하의,real,kfashion,,모던,phash_143,,train
1048216,images/real/컨트리/1048216.jpg,1,상의,상의|하의,real,kfashion,,컨트리,phash_144,,train
771699,images/real/스트리트/771699.jpg,1,상의,상의|하의,real,kfashion,,스트리트,phash_145,,train
123113,images/real/오리엔탈/123113.jpg,1,상의,상의,real,kfashion,,오리엔탈,siutim_1152,,train
990889,images/real/스트리트/990889.jpg,1,상의,상의|하의,real,kfashion,,스트리트,phash_146,,train
1229277,images/real/페미닌/1229277.jpg,1,상의,상의,real,kfashion,,페미닌,phash_147,,train
288518,images/real/리조트/288518.jpg,1,상의,상의|하의,real,kfashion,,리조트,Barcode_211,,train
579323,images/real/모던/579323.jpg,1,상의,상의|하의,real,kfashion,,모던,phash_148,,train
575539,images/real/리조트/575539.jpg,1,상의,상의|하의,real,kfashion,,리조트,phash_149,,train
955208,images/real/스트리트/955208.jpg,1,상의,상의,real,kfashion,,스트리트,phash_150,,train
716249,images/real/스트리트/716249.jpg,1,상의,상의,real,kfashion,,스트리트,phash_151,,train
821797,images/real/모던/821797.jpg,1,상의,상의,real,kfashion,,모던,phash_152,,train
277992,images/real/스트리트/277992.jpg,1,상의,상의,real,kfashion,,스트리트,MUN_962,,train
1195026,images/real/스트리트/1195026.jpg,1,상의,상의|하의,real,kfashion,,스트리트,phash_153,,train
1192787,images/real/스트리트/1192787.jpg,1,상의,상의|하의,real,kfashion,,스트리트,phash_154,,train
611738,images/real/클래식/611738.jpg,1,상의,상의,real,kfashion,,클래식,u_157190326090637500,,val
100766,images/real/스트리트/100766.jpg,1,상의,상의|하의,real,kfashion,,스트리트,Ave29Th_482,,train
998244,images/real/스포티/998244.jpg,1,상의,상의|하의,real,kfashion,,스포티,phash_155,,train
1173864,images/real/스트리트/1173864.jpg,1,상의,상의|하의,real,kfashion,,스트리트,phash_156,,train
410526,images/real/스트리트/410526.jpg,1,상의,상의,real,kfashion,,스트리트,phash_157,,train
1122275,images/real/페미닌/1122275.jpg,1,상의,상의|하의,real,kfashion,,페미닌,phash_158,,train
285406,images/real/스트리트/285406.jpg,1,상의,상의,real,kfashion,,스트리트,Barcode_075,,train
1047227,images/real/모던/1047227.jpg,1,상의,상의|하의,real,kfashion,,모던,phash_159,,train
1016683,images/real/클래식/1016683.jpg,1,상의,상의,real,kfashion,,클래식,phash_160,,train
573198,images/real/모던/573198.jpg,1,상의,상의|하의,real,kfashion,,모던,phash_161,,train
175358,images/real/리조트/175358.jpg,1,상의,상의|하의,real,kfashion,,리조트,TimelessC_058,,train
15497,images/real/로맨틱/15497.jpg,1,상의,상의,real,kfashion,,로맨틱,phash_162,,train
434398,images/real/모던/434398.jpg,1,상의,상의,real,kfashion,,모던,phash_163,,train
171788,images/real/스트리트/171788.jpg,1,상의,상의,real,kfashion,,스트리트,phash_164,,train
1102089,images/real/스트리트/1102089.jpg,1,상의,상의|하의,real,kfashion,,스트리트,phash_165,,train
972627,images/real/스트리트/972627.jpg,1,상의,상의|하의,real,kfashion,,스트리트,phash_166,,train
73289,images/real/페미닌/73289.jpg,1,상의,상의|하의,real,kfashion,,페미닌,phash_167,,train
584667,images/real/페미닌/584667.jpg,1,상의,상의|하의,real,kfashion,,페미닌,phash_168,,train
1286364,images/real/스트리트/1286364.jpg,1,상의,상의|하의,real,kfashion,,스트리트,phash_169,,train
947915,images/real/스트리트/947915.jpg,1,상의,상의|하의,real,kfashion,,스트리트,phash_170,,train
502827,images/real/리조트/502827.jpg,1,상의,상의,real,kfashion,,리조트,phash_171,,train
1095056,images/real/스트리트/1095056.jpg,1,상의,상의,real,kfashion,,스트리트,phash_172,,train
870939,images/real/스트리트/870939.jpg,1,상의,상의|하의,real,kfashion,,스트리트,phash_173,,train
487524,images/real/레트로/487524.jpg,1,상의,상의|하의,real,kfashion,,레트로,u_157234807587624100,,test
912246,images/real/스트리트/912246.jpg,1,상의,상의|하의,real,kfashion,,스트리트,phash_174,,train
383797,images/real/스트리트/383797.jpg,1,상의,상의,real,kfashion,,스트리트,u_152335454964769300,,train
1269182,images/real/톰보이/1269182.jpg,1,상의,상의|하의,real,kfashion,,톰보이,phash_175,,train
441452,images/real/스트리트/441452.jpg,1,상의,상의,real,kfashion,,스트리트,phash_176,,train
590503,images/real/아방가르드/590503.jpg,1,상의,상의,real,kfashion,,아방가르드,phash_177,,train
754848,images/real/페미닌/754848.jpg,1,상의,상의|하의,real,kfashion,,페미닌,phash_178,,train
1064078,images/real/스트리트/1064078.jpg,1,상의,상의|하의,real,kfashion,,스트리트,phash_179,,train
1192386,images/real/스트리트/1192386.jpg,1,상의,상의,real,kfashion,,스트리트,phash_180,,train
508427,images/real/스트리트/508427.jpg,1,상의,상의|하의,real,kfashion,,스트리트,phash_181,,train
1298478,images/real/스트리트/1298478.jpg,1,상의,상의|하의,real,kfashion,,스트리트,phash_182,,train
496581,images/real/리조트/496581.jpg,1,상의,상의|하의,real,kfashion,,리조트,phash_183,,train
586107,images/real/리조트/586107.jpg,1,상의,상의|하의,real,kfashion,,리조트,phash_184,,train
590773,images/real/스트리트/590773.jpg,1,상의,상의|하의,real,kfashion,,스트리트,phash_185,,train
440415,images/real/리조트/440415.jpg,1,상의,상의,real,kfashion,,리조트,phash_186,,train
16902,images/real/리조트/16902.jpg,1,상의,상의|하의,real,kfashion,,리조트,phash_187,,train
378742,images/real/페미닌/378742.jpg,1,상의,상의,real,kfashion,,페미닌,phash_188,,train
1069724,images/real/스트리트/1069724.jpg,1,상의,상의|하의,real,kfashion,,스트리트,phash_189,,train
432981,images/real/리조트/432981.jpg,1,상의,상의|하의,real,kfashion,,리조트,Tonenton_005,,train
1207668,images/real/모던/1207668.jpg,1,상의,상의|하의,real,kfashion,,모던,phash_190,,train
1184883,images/real/스트리트/1184883.jpg,1,상의,상의|하의,real,kfashion,,스트리트,phash_191,,train
896558,images/real/리조트/896558.jpg,1,상의,상의|하의,real,kfashion,,리조트,phash_192,,train
860090,images/real/리조트/860090.jpg,1,상의,상의,real,kfashion,,리조트,phash_193,,train
161451,images/real/스트리트/161451.jpg,1,상의,상의,real,kfashion,,스트리트,phash_194,,train
962098,images/real/스트리트/962098.jpg,1,상의,상의|하의,real,kfashion,,스트리트,phash_195,,train
1039207,images/real/소피스트케이티드/1039207.jpg,1,상의,상의|하의,real,kfashion,,소피스트케이티드,phash_196,,train
257619,images/real/스트리트/257619.jpg,1,상의,상의,real,kfashion,,스트리트,Reina_076,,train
1038855,images/real/리조트/1038855.jpg,1,상의,상의|하의,real,kfashion,,리조트,phash_197,,train
1252658,images/real/모던/1252658.jpg,1,상의,상의,real,kfashion,,모던,phash_198,,train
680811,images/real/스포티/680811.jpg,1,상의,상의|하의,real,kfashion,,스포티,phash_199,,train
60348,images/real/스트리트/60348.jpg,1,상의,상의,real,kfashion,,스트리트,Gstudio_106,,train
35420,images/real/스트리트/35420.jpg,1,상의,상의|하의,real,kfashion,,스트리트,MAYJ_103,,train
1250726,images/real/스트리트/1250726.jpg,1,상의,상의|하의,real,kfashion,,스트리트,phash_200,,train
596212,images/real/스트리트/596212.jpg,1,상의,상의|하의,real,kfashion,,스트리트,phash_201,,train
201020,images/real/스트리트/201020.jpg,1,상의,상의|하의,real,kfashion,,스트리트,dressk_011,,train
384555,images/real/스트리트/384555.jpg,1,상의,상의,real,kfashion,,스트리트,u_152532068464818800,,test
931010,images/real/스트리트/931010.jpg,1,상의,상의|하의,real,kfashion,,스트리트,phash_202,,train
64741,images/real/소피스트케이티드/64741.jpg,1,상의,상의|하의,real,kfashion,,소피스트케이티드,Joseph_019,,train
517017,images/real/스트리트/517017.jpg,1,상의,상의|하의,real,kfashion,,스트리트,phash_203,,train
798300,images/real/톰보이/798300.jpg,1,상의,상의|하의,real,kfashion,,톰보이,phash_204,,train
602891,images/real/스트리트/602891.jpg,1,상의,상의,real,kfashion,,스트리트,phash_205,,train
412882,images/real/매니시/412882.jpg,1,상의,상의,real,kfashion,,매니시,phash_206,,train
1164379,images/real/로맨틱/1164379.jpg,1,상의,상의|하의,real,kfashion,,로맨틱,phash_207,,train
1003992,images/real/페미닌/1003992.jpg,1,상의,상의|하의,real,kfashion,,페미닌,phash_208,,train
589441,images/real/모던/589441.jpg,1,상의,상의|하의,real,kfashion,,모던,phash_209,,train
746983,images/real/매니시/746983.jpg,1,상의,상의|하의,real,kfashion,,매니시,phash_210,,train
1284181,images/real/스트리트/1284181.jpg,1,상의,상의|하의,real,kfashion,,스트리트,phash_211,,train
383792,images/real/스트리트/383792.jpg,1,상의,상의,real,kfashion,,스트리트,u_152335021822153800,,test
745131,images/real/소피스트케이티드/745131.jpg,1,상의,상의|하의,real,kfashion,,소피스트케이티드,phash_212,,train
752840,images/real/스트리트/752840.jpg,1,상의,상의|하의,real,kfashion,,스트리트,phash_213,,train
911287,images/real/리조트/911287.jpg,1,상의,상의,real,kfashion,,리조트,phash_214,,train
241106,images/real/스트리트/241106.jpg,1,상의,상의,real,kfashion,,스트리트,Mademoon_159,,train
835855,images/real/스트리트/835855.jpg,1,상의,상의,real,kfashion,,스트리트,phash_215,,train
441062,images/real/스트리트/441062.jpg,1,상의,상의,real,kfashion,,스트리트,phash_216,,train
1070576,images/real/스트리트/1070576.jpg,1,상의,상의|하의,real,kfashion,,스트리트,phash_217,,train
495126,images/real/컨트리/495126.jpg,1,상의,상의,real,kfashion,,컨트리,phash_218,,train
5256,images/real/스트리트/5256.jpg,1,상의,상의|하의,real,kfashion,,스트리트,goldenplug_035,,train
1122597,images/real/로맨틱/1122597.jpg,1,상의,상의|하의,real,kfashion,,로맨틱,phash_219,,train
515109,images/real/스트리트/515109.jpg,1,상의,상의,real,kfashion,,스트리트,phash_220,,train
687565,images/real/모던/687565.jpg,1,상의,상의,real,kfashion,,모던,phash_221,,train
822626,images/real/소피스트케이티드/822626.jpg,1,상의,상의|하의,real,kfashion,,소피스트케이티드,phash_222,,train
380959,images/real/스트리트/380959.jpg,1,상의,상의|하의,real,kfashion,,스트리트,phash_223,,train
1169809,images/real/섹시/1169809.jpg,1,상의,상의,real,kfashion,,섹시,phash_224,,train
763658,images/real/모던/763658.jpg,1,상의,상의|하의,real,kfashion,,모던,phash_225,,train
1065836,images/real/스트리트/1065836.jpg,1,상의,상의|하의,real,kfashion,,스트리트,phash_226,,train
39550,images/real/스트리트/39550.jpg,1,상의,상의|하의,real,kfashion,,스트리트,Eirene_010,,train
434674,images/real/스트리트/434674.jpg,1,상의,상의,real,kfashion,,스트리트,Tonenton_121,,train
1277096,images/real/스트리트/1277096.jpg,1,상의,상의|하의,real,kfashion,,스트리트,phash_227,,train
726769,images/real/스트리트/726769.jpg,1,상의,상의|하의,real,kfashion,,스트리트,phash_228,,train
1245933,images/real/스트리트/1245933.jpg,1,상의,상의|하의,real,kfashion,,스트리트,phash_229,,train
380204,images/real/스트리트/380204.jpg,1,상의,상의,real,kfashion,,스트리트,phash_230,,train
796312,images/real/페미닌/796312.jpg,1,상의,상의|하의,real,kfashion,,페미닌,phash_231,,train
289819,images/real/스트리트/289819.jpg,1,상의,상의,real,kfashion,,스트리트,Barcode_263,,train
177750,images/real/리조트/177750.jpg,1,상의,상의,real,kfashion,,리조트,TimelessW_066,,train
397268,images/real/모던/397268.jpg,1,상의,상의|하의,real,kfashion,,모던,u_156654728331518400,,val
123108,images/real/오리엔탈/123108.jpg,1,상의,상의,real,kfashion,,오리엔탈,siutim_1152,,train
404672,images/real/스트리트/404672.jpg,1,상의,상의|하의,real,kfashion,,스트리트,phash_232,,train
1186910,images/real/리조트/1186910.jpg,1,상의,상의|하의,real,kfashion,,리조트,phash_233,,train
867214,images/real/레트로/867214.jpg,1,상의,상의|하의,real,kfashion,,레트로,phash_234,,train
694333,images/real/스트리트/694333.jpg,1,상의,상의|하의,real,kfashion,,스트리트,phash_235,,train
64519,images/real/소피스트케이티드/64519.jpg,1,상의,상의|하의,real,kfashion,,소피스트케이티드,Joseph_004,,train
364336,images/real/스트리트/364336.jpg,1,상의,상의|하의,real,kfashion,,스트리트,Moko_050,,train
1089031,images/real/스트리트/1089031.jpg,1,상의,상의|하의,real,kfashion,,스트리트,phash_236,,train
88732,images/real/컨트리/88732.jpg,1,상의,상의,real,kfashion,,컨트리,phash_237,,train
174026,images/real/젠더리스/174026.jpg,1,상의,상의,real,kfashion,,젠더리스,Theyull_010,,train
1168527,images/real/로맨틱/1168527.jpg,1,상의,상의,real,kfashion,,로맨틱,phash_238,,train
907081,images/real/모던/907081.jpg,1,상의,상의|하의,real,kfashion,,모던,phash_239,,train
1045835,images/real/모던/1045835.jpg,1,상의,상의|하의,real,kfashion,,모던,phash_240,,train
1045217,images/real/스트리트/1045217.jpg,1,상의,상의|하의,real,kfashion,,스트리트,phash_241,,train
903755,images/real/로맨틱/903755.jpg,1,상의,상의|하의,real,kfashion,,로맨틱,phash_242,,train
834549,images/real/스트리트/834549.jpg,1,상의,상의|하의,real,kfashion,,스트리트,phash_243,,train
1041778,images/real/스트리트/1041778.jpg,1,상의,상의|하의,real,kfashion,,스트리트,phash_244,,train
825211,images/real/젠더리스/825211.jpg,1,상의,상의|하의,real,kfashion,,젠더리스,phash_245,,train
256565,images/real/소피스트케이티드/256565.jpg,1,상의,상의,real,kfashion,,소피스트케이티드,phash_246,,train
1103682,images/real/리조트/1103682.jpg,1,상의,상의|하의,real,kfashion,,리조트,phash_247,,train
551695,images/real/스트리트/551695.jpg,1,상의,상의|하의,real,kfashion,,스트리트,phash_248,,train
815937,images/real/스트리트/815937.jpg,1,상의,상의|하의,real,kfashion,,스트리트,phash_249,,train
1044974,images/real/리조트/1044974.jpg,1,상의,상의,real,kfashion,,리조트,phash_250,,train
787550,images/real/스트리트/787550.jpg,1,상의,상의|하의,real,kfashion,,스트리트,phash_251,,train
1275742,images/real/스트리트/1275742.jpg,1,상의,상의|하의,real,kfashion,,스트리트,phash_252,,train
284922,images/real/스트리트/284922.jpg,1,상의,상의|하의,real,kfashion,,스트리트,Barcode_044,,train
636923,images/real/모던/636923.jpg,1,상의,상의|하의,real,kfashion,,모던,phash_253,,train
769921,images/real/스트리트/769921.jpg,1,상의,상의|하의,real,kfashion,,스트리트,phash_254,,train
972582,images/real/스트리트/972582.jpg,1,상의,상의|하의,real,kfashion,,스트리트,phash_255,,train
1063356,images/real/스트리트/1063356.jpg,1,상의,상의|하의,real,kfashion,,스트리트,phash_256,,train
17671,images/real/스트리트/17671.jpg,1,상의,상의,real,kfashion,,스트리트,Lehcloset_139,,train
1091463,images/real/스트리트/1091463.jpg,1,상의,상의|하의,real,kfashion,,스트리트,phash_257,,train
1144260,images/real/스트리트/1144260.jpg,1,상의,상의|하의,real,kfashion,,스트리트,phash_258,,train
996834,images/real/스트리트/996834.jpg,1,상의,상의|하의,real,kfashion,,스트리트,phash_259,,train
60896,images/real/로맨틱/60896.jpg,1,상의,상의,real,kfashion,,로맨틱,Gstudio_128,,train
1151881,images/real/스트리트/1151881.jpg,1,상의,상의|하의,real,kfashion,,스트리트,phash_260,,train
687748,images/real/스트리트/687748.jpg,1,상의,상의|하의,real,kfashion,,스트리트,phash_261,,train
994314,images/real/스트리트/994314.jpg,1,상의,상의|하의,real,kfashion,,스트리트,phash_262,,train
269837,images/real/스트리트/269837.jpg,1,상의,상의,real,kfashion,,스트리트,Mimo_068,,train
386422,images/real/스트리트/386422.jpg,1,상의,상의,real,kfashion,,스트리트,u_154709651163448400,,train
1081352,images/real/스트리트/1081352.jpg,1,상의,상의|하의,real,kfashion,,스트리트,phash_263,,train
794975,images/real/모던/794975.jpg,1,상의,상의|하의,real,kfashion,,모던,phash_264,,train
88692,images/real/스트리트/88692.jpg,1,상의,상의,real,kfashion,,스트리트,LIME_1824,,train
1004693,images/real/리조트/1004693.jpg,1,상의,상의,real,kfashion,,리조트,phash_265,,train
1321475,images/real/페미닌/1321475.jpg,1,상의,상의,real,kfashion,,페미닌,phash_266,,train
1313676,images/real/스트리트/1313676.jpg,1,상의,상의|하의,real,kfashion,,스트리트,phash_267,,train
1230224,images/real/스트리트/1230224.jpg,1,상의,상의|하의,real,kfashion,,스트리트,phash_268,,train
1063097,images/real/페미닌/1063097.jpg,1,상의,상의|하의,real,kfashion,,페미닌,phash_269,,train
755605,images/real/스트리트/755605.jpg,1,상의,상의,real,kfashion,,스트리트,phash_270,,train
53949,images/real/스트리트/53949.jpg,1,상의,상의,real,kfashion,,스트리트,banhana_272,,train
1331790,images/real/스트리트/1331790.jpg,1,상의,상의|하의,real,kfashion,,스트리트,phash_271,,train
1315101,images/real/스트리트/1315101.jpg,1,상의,상의,real,kfashion,,스트리트,phash_272,,train
528801,images/real/로맨틱/528801.jpg,1,상의,상의|하의,real,kfashion,,로맨틱,phash_273,,train
1197347,images/real/스트리트/1197347.jpg,1,상의,상의,real,kfashion,,스트리트,phash_274,,train
940628,images/real/스트리트/940628.jpg,1,상의,상의|하의,real,kfashion,,스트리트,phash_275,,train
671472,images/real/스트리트/671472.jpg,1,상의,상의,real,kfashion,,스트리트,phash_276,,train
410764,images/real/스트리트/410764.jpg,1,상의,상의,real,kfashion,,스트리트,phash_277,,train
92219,images/real/리조트/92219.jpg,1,상의,상의,real,kfashion,,리조트,PRS_012,,train
411699,images/real/스트리트/411699.jpg,1,상의,상의,real,kfashion,,스트리트,phash_278,,train
759745,images/real/스트리트/759745.jpg,1,상의,상의|하의,real,kfashion,,스트리트,phash_279,,train
944004,images/real/스트리트/944004.jpg,1,상의,상의|하의,real,kfashion,,스트리트,phash_280,,train
683362,images/real/스트리트/683362.jpg,1,상의,상의|하의,real,kfashion,,스트리트,phash_281,,train
739266,images/real/로맨틱/739266.jpg,1,상의,상의|하의,real,kfashion,,로맨틱,phash_282,,train
1165301,images/real/섹시/1165301.jpg,1,상의,상의|하의,real,kfashion,,섹시,phash_283,,train
358650,images/real/스트리트/358650.jpg,1,상의,상의|하의,real,kfashion,,스트리트,Eroom_431,,train
1149369,images/real/스트리트/1149369.jpg,1,상의,상의|하의,real,kfashion,,스트리트,phash_284,,train
38420,images/real/스트리트/38420.jpg,1,상의,상의,real,kfashion,,스트리트,mercy_064,,train
990064,images/real/로맨틱/990064.jpg,1,상의,상의|하의,real,kfashion,,로맨틱,phash_285,,train
799880,images/real/모던/799880.jpg,1,상의,상의|하의,real,kfashion,,모던,phash_286,,train
1324755,images/real/컨트리/1324755.jpg,1,상의,상의,real,kfashion,,컨트리,phash_287,,train
735353,images/real/스트리트/735353.jpg,1,상의,상의|하의,real,kfashion,,스트리트,phash_288,,train
593113,images/real/스트리트/593113.jpg,1,상의,상의|하의,real,kfashion,,스트리트,phash_289,,train
277464,images/real/컨트리/277464.jpg,1,상의,상의|하의,real,kfashion,,컨트리,MUN_927,,train
1194208,images/real/섹시/1194208.jpg,1,상의,상의|하의,real,kfashion,,섹시,phash_290,,train
895024,images/real/스트리트/895024.jpg,1,상의,상의|하의,real,kfashion,,스트리트,phash_291,,train
1192618,images/real/스트리트/1192618.jpg,1,상의,상의|하의,real,kfashion,,스트리트,phash_292,,train
310024,images/real/스트리트/310024.jpg,1,상의,상의,real,kfashion,,스트리트,Boddari_122,,train
1207271,images/real/리조트/1207271.jpg,1,상의,상의|하의,real,kfashion,,리조트,phash_293,,train
243544,images/real/컨트리/243544.jpg,1,상의,상의|하의,real,kfashion,,컨트리,Mademoon_286,,train
34040,images/real/레트로/34040.jpg,1,상의,상의|하의,real,kfashion,,레트로,MAYJ_063,,train
1214871,images/real/스트리트/1214871.jpg,1,상의,상의|하의,real,kfashion,,스트리트,phash_294,,train
814405,images/real/스트리트/814405.jpg,1,상의,상의|하의,real,kfashion,,스트리트,phash_295,,train
1050670,images/real/컨트리/1050670.jpg,1,상의,상의|하의,real,kfashion,,컨트리,phash_296,,train
941856,images/real/리조트/941856.jpg,1,상의,상의|하의,real,kfashion,,리조트,phash_297,,train
680640,images/real/스트리트/680640.jpg,1,상의,상의|하의,real,kfashion,,스트리트,phash_298,,train
594179,images/real/스트리트/594179.jpg,1,상의,상의|하의,real,kfashion,,스트리트,phash_299,,train
1264407,images/real/소피스트케이티드/1264407.jpg,1,상의,상의|하의,real,kfashion,,소피스트케이티드,phash_300,,train
518323,images/real/스트리트/518323.jpg,1,상의,상의|하의,real,kfashion,,스트리트,phash_301,,train
56487,images/real/스트리트/56487.jpg,1,상의,상의,real,kfashion,,스트리트,chaplin_368,,train
98176,images/real/스트리트/98176.jpg,1,상의,상의|하의,real,kfashion,,스트리트,ABELLA_013,,train
662664,images/real/스트리트/662664.jpg,1,상의,상의|하의,real,kfashion,,스트리트,phash_302,,train
954592,images/real/스트리트/954592.jpg,1,상의,상의|하의,real,kfashion,,스트리트,phash_303,,train
504210,images/real/스트리트/504210.jpg,1,상의,상의|하의,real,kfashion,,스트리트,phash_304,,train
247584,images/real/소피스트케이티드/247584.jpg,1,상의,상의,real,kfashion,,소피스트케이티드,phash_305,,train
1195382,images/real/스트리트/1195382.jpg,1,상의,상의|하의,real,kfashion,,스트리트,phash_306,,train
853397,images/real/스포티/853397.jpg,1,상의,상의|하의,real,kfashion,,스포티,phash_307,,train
871662,images/real/스트리트/871662.jpg,1,상의,상의|하의,real,kfashion,,스트리트,phash_308,,train
1134931,images/real/스트리트/1134931.jpg,1,상의,상의|하의,real,kfashion,,스트리트,phash_309,,train
52081,images/real/스트리트/52081.jpg,1,상의,상의|하의,real,kfashion,,스트리트,banhana_178,,train
970870,images/real/스트리트/970870.jpg,1,상의,상의|하의,real,kfashion,,스트리트,phash_310,,train
482749,images/real/기타/482749.jpg,1,상의,상의|하의,real,kfashion,,기타,phash_311,,train
528752,images/real/스트리트/528752.jpg,1,상의,상의|하의,real,kfashion,,스트리트,phash_312,,train
444961,images/real/스트리트/444961.jpg,1,상의,상의|하의,real,kfashion,,스트리트,phash_313,,train
1275926,images/real/스트리트/1275926.jpg,1,상의,상의|하의,real,kfashion,,스트리트,phash_314,,train
857463,images/real/젠더리스/857463.jpg,1,상의,상의,real,kfashion,,젠더리스,phash_315,,train
622058,images/real/스트리트/622058.jpg,1,상의,상의,real,kfashion,,스트리트,u_156093168623692500,,train
1169611,images/real/페미닌/1169611.jpg,1,상의,상의,real,kfashion,,페미닌,phash_316,,train
884107,images/real/컨트리/884107.jpg,1,상의,상의|하의,real,kfashion,,컨트리,phash_317,,train
925468,images/real/컨트리/925468.jpg,1,상의,상의|하의,real,kfashion,,컨트리,phash_318,,train
1286302,images/real/스트리트/1286302.jpg,1,상의,상의|하의,real,kfashion,,스트리트,phash_112,,train
196855,images/real/페미닌/196855.jpg,1,상의,상의|하의,real,kfashion,,페미닌,Dduddu_365,,train
1115283,images/real/스트리트/1115283.jpg,1,상의,상의|하의,real,kfashion,,스트리트,phash_319,,train
1338533,images/real/모던/1338533.jpg,1,상의,상의,real,kfashion,,모던,phash_320,,train
439257,images/real/스트리트/439257.jpg,1,상의,상의,real,kfashion,,스트리트,phash_321,,train
699422,images/real/스트리트/699422.jpg,1,상의,상의|하의,real,kfashion,,스트리트,phash_322,,train
435103,images/real/모던/435103.jpg,1,상의,상의,real,kfashion,,모던,Tonenton_151,,train
158933,images/real/스트리트/158933.jpg,1,상의,상의|하의,real,kfashion,,스트리트,GAIRIN_040,,train
573963,images/real/스트리트/573963.jpg,1,상의,상의,real,kfashion,,스트리트,phash_323,,train
1321918,images/real/스트리트/1321918.jpg,1,상의,상의,real,kfashion,,스트리트,phash_324,,train
122594,images/real/스트리트/122594.jpg,1,상의,상의,real,kfashion,,스트리트,POUND_056,,train
1039576,images/real/스트리트/1039576.jpg,1,상의,상의|하의,real,kfashion,,스트리트,phash_325,,train
564471,images/real/로맨틱/564471.jpg,1,상의,상의,real,kfashion,,로맨틱,phash_326,,train
1277272,images/real/리조트/1277272.jpg,1,상의,상의|하의,real,kfashion,,리조트,phash_327,,train
245259,images/real/스트리트/245259.jpg,1,상의,상의|하의,real,kfashion,,스트리트,Mademoon_346,,train
26584,images/real/페미닌/26584.jpg,1,상의,상의|하의,real,kfashion,,페미닌,LIEGE_003,,train
563131,images/real/매니시/563131.jpg,1,상의,상의|하의,real,kfashion,,매니시,IMG_9999,,train
159448,images/real/톰보이/159448.jpg,1,상의,상의|하의,real,kfashion,,톰보이,GAIRIN_076,,train
1186535,images/real/스포티/1186535.jpg,1,상의,상의|하의,real,kfashion,,스포티,phash_328,,train
1199478,images/real/스트리트/1199478.jpg,1,상의,상의,real,kfashion,,스트리트,phash_329,,train
891178,images/real/스트리트/891178.jpg,1,상의,상의,real,kfashion,,스트리트,phash_330,,train
931116,images/real/페미닌/931116.jpg,1,상의,상의|하의,real,kfashion,,페미닌,phash_331,,train
943963,images/real/스트리트/943963.jpg,1,상의,상의|하의,real,kfashion,,스트리트,phash_332,,train
238713,images/real/스트리트/238713.jpg,1,상의,상의,real,kfashion,,스트리트,LINE_016,,train
1040244,images/real/스트리트/1040244.jpg,1,상의,상의,real,kfashion,,스트리트,phash_333,,train
1049764,images/real/로맨틱/1049764.jpg,1,상의,상의|하의,real,kfashion,,로맨틱,phash_334,,train
752144,images/real/모던/752144.jpg,1,상의,상의|하의,real,kfashion,,모던,phash_335,,train
788862,images/real/오리엔탈/788862.jpg,1,상의,상의|하의,real,kfashion,,오리엔탈,phash_336,,train
1303896,images/real/스트리트/1303896.jpg,1,상의,상의,real,kfashion,,스트리트,phash_337,,train
1141124,images/real/스트리트/1141124.jpg,1,상의,상의|하의,real,kfashion,,스트리트,phash_338,,train
1166624,images/real/페미닌/1166624.jpg,1,상의,상의|하의,real,kfashion,,페미닌,phash_339,,train
170744,images/real/리조트/170744.jpg,1,상의,상의|하의,real,kfashion,,리조트,phash_340,,train
284428,images/real/스트리트/284428.jpg,1,상의,상의,real,kfashion,,스트리트,Barcode_002,,train
108768,images/real/소피스트케이티드/108768.jpg,1,상의,상의,real,kfashion,,소피스트케이티드,girlis_834,,train
582998,images/real/톰보이/582998.jpg,1,상의,상의|하의,real,kfashion,,톰보이,phash_341,,train
767134,images/real/소피스트케이티드/767134.jpg,1,상의,상의|하의,real,kfashion,,소피스트케이티드,phash_342,,train
1166883,images/real/페미닌/1166883.jpg,1,상의,상의|하의,real,kfashion,,페미닌,phash_343,,train
605846,images/real/스트리트/605846.jpg,1,상의,상의|하의,real,kfashion,,스트리트,phash_344,,train
955622,images/real/컨트리/955622.jpg,1,상의,상의|하의,real,kfashion,,컨트리,phash_345,,train
1182991,images/real/젠더리스/1182991.jpg,1,상의,상의|하의,real,kfashion,,젠더리스,phash_346,,train
1345987,images/real/클래식/1345987.jpg,1,상의,상의|하의,real,kfashion,,클래식,phash_347,,train
1081276,images/real/스트리트/1081276.jpg,1,상의,상의|하의,real,kfashion,,스트리트,phash_348,,train
255819,images/real/페미닌/255819.jpg,1,상의,상의,real,kfashion,,페미닌,Reina_010,,train
818709,images/real/클래식/818709.jpg,1,상의,상의|하의,real,kfashion,,클래식,phash_349,,train
34296,images/real/스트리트/34296.jpg,1,상의,상의|하의,real,kfashion,,스트리트,MAYJ_071,,train
264836,images/real/스트리트/264836.jpg,1,상의,상의|하의,real,kfashion,,스트리트,Milligram_014,,train
406585,images/real/스트리트/406585.jpg,1,상의,상의|하의,real,kfashion,,스트리트,phash_350,,train
698429,images/real/페미닌/698429.jpg,1,상의,상의|하의,real,kfashion,,페미닌,phash_351,,train
202177,images/real/스트리트/202177.jpg,1,상의,상의,real,kfashion,,스트리트,FallingJ_090,,train
398609,images/real/스트리트/398609.jpg,1,상의,상의,real,kfashion,,스트리트,u_157051255169110000,,train
675864,images/real/컨트리/675864.jpg,1,상의,상의|하의,real,kfashion,,컨트리,phash_352,,val
1122751,images/real/모던/1122751.jpg,1,상의,상의|하의,real,kfashion,,모던,phash_353,,test
442796,images/real/스트리트/442796.jpg,1,상의,상의|하의,real,kfashion,,스트리트,phash_354,,train
156074,images/real/스트리트/156074.jpg,1,상의,상의,real,kfashion,,스트리트,phash_355,,val
394594,images/real/스트리트/394594.jpg,1,상의,상의,real,kfashion,,스트리트,u_156110477571021800,,val
702818,images/real/스트리트/702818.jpg,1,상의,상의|하의,real,kfashion,,스트리트,phash_356,,test
613459,images/real/스트리트/613459.jpg,1,상의,상의|하의,real,kfashion,,스트리트,phash_357,,train
1225841,images/real/모던/1225841.jpg,1,상의,상의,real,kfashion,,모던,phash_358,,val
1002337,images/real/스트리트/1002337.jpg,1,상의,상의|하의,real,kfashion,,스트리트,phash_359,,test
1049031,images/real/스트리트/1049031.jpg,1,상의,상의|하의,real,kfashion,,스트리트,phash_360,,val
135999,images/real/스트리트/135999.jpg,1,상의,상의,real,kfashion,,스트리트,Ntail_206,,train
887906,images/real/스트리트/887906.jpg,1,상의,상의|하의,real,kfashion,,스트리트,phash_361,,test
1056255,images/real/스트리트/1056255.jpg,1,상의,상의|하의,real,kfashion,,스트리트,phash_362,,train
1286883,images/real/스트리트/1286883.jpg,1,상의,상의,real,kfashion,,스트리트,phash_363,,val
707340,images/real/리조트/707340.jpg,1,상의,상의|하의,real,kfashion,,리조트,phash_364,,test
1238284,images/real/스포티/1238284.jpg,1,상의,상의|하의,real,kfashion,,스포티,phash_365,,train
978708,images/real/스트리트/978708.jpg,1,상의,상의|하의,real,kfashion,,스트리트,phash_366,,val
682959,images/real/스트리트/682959.jpg,1,상의,상의|하의,real,kfashion,,스트리트,phash_367,,test
1215255,images/real/페미닌/1215255.jpg,1,상의,상의|하의,real,kfashion,,페미닌,phash_368,,train
1281959,images/real/스포티/1281959.jpg,1,상의,상의|하의,real,kfashion,,스포티,phash_369,,val
675237,images/real/리조트/675237.jpg,1,상의,상의|하의,real,kfashion,,리조트,phash_370,,train
126273,images/real/스트리트/126273.jpg,1,상의,상의,real,kfashion,,스트리트,TN_023,,train
833858,images/real/스포티/833858.jpg,1,상의,상의|하의,real,kfashion,,스포티,phash_371,,val
909903,images/real/스트리트/909903.jpg,1,상의,상의|하의,real,kfashion,,스트리트,phash_372,,test
412141,images/real/로맨틱/412141.jpg,1,상의,상의,real,kfashion,,로맨틱,phash_373,,train
876525,images/real/스트리트/876525.jpg,1,상의,상의|하의,real,kfashion,,스트리트,phash_374,,val
393315,images/real/페미닌/393315.jpg,1,상의,상의,real,kfashion,,페미닌,u_155919897212649100,,train
1065005,images/real/로맨틱/1065005.jpg,1,상의,상의,real,kfashion,,로맨틱,phash_375,,test
762677,images/real/스트리트/762677.jpg,1,상의,상의|하의,real,kfashion,,스트리트,phash_376,,train
513779,images/real/스트리트/513779.jpg,1,상의,상의,real,kfashion,,스트리트,phash_377,,val
911557,images/real/스트리트/911557.jpg,1,상의,상의|하의,real,kfashion,,스트리트,phash_378,,test
646194,images/real/스포티/646194.jpg,1,상의,상의,real,kfashion,,스포티,phash_379,,train
1308759,images/real/스트리트/1308759.jpg,1,상의,상의,real,kfashion,,스트리트,phash_380,,test
789961,images/real/페미닌/789961.jpg,1,상의,상의|하의,real,kfashion,,페미닌,phash_381,,train
1305174,images/real/스트리트/1305174.jpg,1,상의,상의|하의,real,kfashion,,스트리트,phash_382,,val
396290,images/real/스트리트/396290.jpg,1,상의,상의,real,kfashion,,스트리트,u_156595606287507700,,test
217393,images/real/컨트리/217393.jpg,1,상의,상의|하의,real,kfashion,,컨트리,HAMA_022,,train
73290,images/real/페미닌/73290.jpg,1,상의,상의,real,kfashion,,페미닌,phash_383,,test
758874,images/real/로맨틱/758874.jpg,1,상의,상의|하의,real,kfashion,,로맨틱,phash_18,,train
907993,images/real/스트리트/907993.jpg,1,상의,상의|하의,real,kfashion,,스트리트,phash_384,,train
704661,images/real/스트리트/704661.jpg,1,상의,상의|하의,real,kfashion,,스트리트,phash_385,,val
963444,images/real/스트리트/963444.jpg,1,상의,상의|하의,real,kfashion,,스트리트,phash_386,,train
1096035,images/real/스트리트/1096035.jpg,1,상의,상의|하의,real,kfashion,,스트리트,phash_387,,test
1235996,images/real/페미닌/1235996.jpg,1,상의,상의|하의,real,kfashion,,페미닌,phash_388,,train
264003,images/real/소피스트케이티드/264003.jpg,1,상의,상의|하의,real,kfashion,,소피스트케이티드,phash_389,,val
715483,images/real/로맨틱/715483.jpg,1,상의,상의|하의,real,kfashion,,로맨틱,phash_390,,train
92571,images/real/스트리트/92571.jpg,1,상의,상의|하의,real,kfashion,,스트리트,Tank_095,,train
716749,images/real/로맨틱/716749.jpg,1,상의,상의,real,kfashion,,로맨틱,phash_391,,val
1325559,images/real/모던/1325559.jpg,1,상의,상의|하의,real,kfashion,,모던,phash_392,,test
380292,images/real/젠더리스/380292.jpg,1,상의,상의|하의,real,kfashion,,젠더리스,phash_393,,train
890991,images/real/소피스트케이티드/890991.jpg,1,상의,상의|하의,real,kfashion,,소피스트케이티드,phash_394,,val
111255,images/real/페미닌/111255.jpg,1,상의,상의,real,kfashion,,페미닌,phash_395,,test
1165433,images/real/스트리트/1165433.jpg,1,상의,상의|하의,real,kfashion,,스트리트,phash_396,,train
172626,images/real/리조트/172626.jpg,1,상의,상의|하의,real,kfashion,,리조트,phash_397,,val
348670,images/real/스트리트/348670.jpg,1,상의,상의|하의,real,kfashion,,스트리트,Viv_125,,train
871400,images/real/스트리트/871400.jpg,1,상의,상의,real,kfashion,,스트리트,phash_398,,test
66592,images/real/스트리트/66592.jpg,1,상의,상의|하의,real,kfashion,,스트리트,Velyfit_027,,train
1279642,images/real/스트리트/1279642.jpg,1,상의,상의,real,kfashion,,스트리트,phash_399,,train
1142134,images/real/톰보이/1142134.jpg,1,상의,상의|하의,real,kfashion,,톰보이,phash_400,,train
664099,images/real/스트리트/664099.jpg,1,상의,상의|하의,real,kfashion,,스트리트,phash_401,,val
709252,images/real/스트리트/709252.jpg,1,상의,상의|하의,real,kfashion,,스트리트,phash_402,,test
871634,images/real/스트리트/871634.jpg,1,상의,상의|하의,real,kfashion,,스트리트,phash_403,,train
409649,images/real/스트리트/409649.jpg,1,상의,상의,real,kfashion,,스트리트,phash_404,,val
946133,images/real/스포티/946133.jpg,1,상의,상의|하의,real,kfashion,,스포티,phash_405,,test
295921,images/real/스트리트/295921.jpg,1,상의,상의|하의,real,kfashion,,스트리트,phash_406,,train
1252451,images/real/모던/1252451.jpg,1,상의,상의,real,kfashion,,모던,phash_407,,val
1316347,images/real/페미닌/1316347.jpg,1,상의,상의|하의,real,kfashion,,페미닌,id_781,,train
394048,images/real/로맨틱/394048.jpg,1,상의,상의,real,kfashion,,로맨틱,u_156041526746802600,,test
228022,images/real/리조트/228022.jpg,1,상의,상의,real,kfashion,,리조트,penny_328,,train
756306,images/real/스트리트/756306.jpg,1,상의,상의|하의,real,kfashion,,스트리트,phash_408,,test
1320391,images/real/스트리트/1320391.jpg,1,상의,상의|하의,real,kfashion,,스트리트,phash_409,,train
907215,images/real/리조트/907215.jpg,1,상의,상의|하의,real,kfashion,,리조트,phash_410,,train
1054374,images/real/리조트/1054374.jpg,1,상의,상의|하의,real,kfashion,,리조트,phash_411,,test
805701,images/real/로맨틱/805701.jpg,1,상의,상의|하의,real,kfashion,,로맨틱,phash_412,,train
265012,images/real/스트리트/265012.jpg,1,상의,상의,real,kfashion,,스트리트,Milligram_027,,train
1229331,images/real/스트리트/1229331.jpg,1,상의,상의|하의,real,kfashion,,스트리트,phash_413,,val
432607,images/real/로맨틱/432607.jpg,1,상의,상의,real,kfashion,,로맨틱,TimelessW_117,,train
10550,images/real/스트리트/10550.jpg,1,상의,상의|하의,real,kfashion,,스트리트,dodre_166,,train
196551,images/real/스트리트/196551.jpg,1,상의,상의|하의,real,kfashion,,스트리트,Dduddu_354,,train
187081,images/real/소피스트케이티드/187081.jpg,1,상의,상의,real,kfashion,,소피스트케이티드,phash_414,,test
206051,images/real/페미닌/206051.jpg,1,상의,상의,real,kfashion,,페미닌,Forme_333,,train
1135272,images/real/밀리터리/1135272.jpg,1,상의,상의|하의,real,kfashion,,밀리터리,phash_415,,train
1299426,images/real/스트리트/1299426.jpg,1,상의,상의|하의,real,kfashion,,스트리트,phash_416,,val
1169741,images/real/페미닌/1169741.jpg,1,상의,상의|하의,real,kfashion,,페미닌,phash_417,,test
328775,images/real/스트리트/328775.jpg,1,상의,상의|하의,real,kfashion,,스트리트,Skin_086,,train
833086,images/real/스트리트/833086.jpg,1,상의,상의,real,kfashion,,스트리트,phash_418,,train
1109305,images/real/스트리트/1109305.jpg,1,상의,상의|하의,real,kfashion,,스트리트,phash_419,,val
283211,images/real/밀리터리/283211.jpg,1,상의,상의|하의,real,kfashion,,밀리터리,BandM_110,,train
1093624,images/real/스트리트/1093624.jpg,1,상의,상의|하의,real,kfashion,,스트리트,phash_420,,test
576722,images/real/스트리트/576722.jpg,1,상의,상의|하의,real,kfashion,,스트리트,phash_421,,train
797018,images/real/모던/797018.jpg,1,상의,상의|하의,real,kfashion,,모던,phash_422,,val
64828,images/real/로맨틱/64828.jpg,1,상의,상의|하의,real,kfashion,,로맨틱,Joseph_025,,train
581614,images/real/스트리트/581614.jpg,1,상의,상의|하의,real,kfashion,,스트리트,phash_423,,test
856476,images/real/스트리트/856476.jpg,1,상의,상의|하의,real,kfashion,,스트리트,phash_424,,train
933891,images/real/스트리트/933891.jpg,1,상의,상의|하의,real,kfashion,,스트리트,phash_425,,val
1220099,images/real/스트리트/1220099.jpg,1,상의,상의,real,kfashion,,스트리트,phash_426,,test
1064405,images/real/모던/1064405.jpg,1,상의,상의,real,kfashion,,모던,phash_427,,train
232178,images/real/스트리트/232178.jpg,1,상의,상의,real,kfashion,,스트리트,PURPLE_029,,train
614111,images/real/모던/614111.jpg,1,상의,상의,real,kfashion,,모던,phash_428,,val
523014,images/real/스트리트/523014.jpg,1,상의,상의|하의,real,kfashion,,스트리트,phash_429,,test
108087,images/real/소피스트케이티드/108087.jpg,1,상의,상의|하의,real,kfashion,,소피스트케이티드,phash_430,,val
1082948,images/real/리조트/1082948.jpg,1,상의,상의|하의,real,kfashion,,리조트,phash_431,,test
745054,images/real/스트리트/745054.jpg,1,상의,상의|하의,real,kfashion,,스트리트,phash_432,,train
32139,images/real/젠더리스/32139.jpg,1,상의,상의,real,kfashion,,젠더리스,Maybeen_111,,train
839967,images/real/스트리트/839967.jpg,1,상의,상의|하의,real,kfashion,,스트리트,phash_433,,val
914545,images/real/리조트/914545.jpg,1,상의,상의|하의,real,kfashion,,리조트,phash_434,,test
721072,images/real/스트리트/721072.jpg,1,상의,상의|하의,real,kfashion,,스트리트,phash_435,,train
1297385,images/real/로맨틱/1297385.jpg,1,상의,상의|하의,real,kfashion,,로맨틱,phash_436,,val
831716,images/real/스포티/831716.jpg,1,상의,상의,real,kfashion,,스포티,phash_437,,test
835372,images/real/페미닌/835372.jpg,1,상의,상의|하의,real,kfashion,,페미닌,phash_438,,train
728965,images/real/모던/728965.jpg,1,상의,상의,real,kfashion,,모던,phash_439,,val
1250008,images/real/컨트리/1250008.jpg,1,상의,상의|하의,real,kfashion,,컨트리,phash_440,,train
804617,images/real/스트리트/804617.jpg,1,상의,상의|하의,real,kfashion,,스트리트,phash_441,,val
104498,images/real/페미닌/104498.jpg,1,상의,상의,real,kfashion,,페미닌,phash_442,,test
1056533,images/real/스트리트/1056533.jpg,1,상의,상의|하의,real,kfashion,,스트리트,phash_443,,train
213032,images/real/컨트리/213032.jpg,1,상의,상의,real,kfashion,,컨트리,habanjang_278,,train
1142055,images/real/스트리트/1142055.jpg,1,상의,상의|하의,real,kfashion,,스트리트,phash_444,,val
391676,images/real/스트리트/391676.jpg,1,상의,상의,real,kfashion,,스트리트,u_155686963174799800,,val
677599,images/real/페미닌/677599.jpg,1,상의,상의|하의,real,kfashion,,페미닌,phash_445,,test
1168877,images/real/페미닌/1168877.jpg,1,상의,상의,real,kfashion,,페미닌,phash_446,,train
214438,images/real/컨트리/214438.jpg,1,상의,상의|하의,real,kfashion,,컨트리,Haemil_196,,train
388777,images/real/스트리트/388777.jpg,1,상의,상의|하의,real,kfashion,,스트리트,u_155194266731960800,,train
622131,images/real/스트리트/622131.jpg,1,상의,상의,real,kfashion,,스트리트,u_156273688141590000,,test
249459,images/real/스트리트/249459.jpg,1,상의,상의,real,kfashion,,스트리트,Moda_198,,train
178380,images/real/모던/178380.jpg,1,상의,상의,real,kfashion,,모던,TimelessW_101,,train
411323,images/real/스트리트/411323.jpg,1,상의,상의,real,kfashion,,스트리트,phash_447,,val
937707,images/real/클래식/937707.jpg,1,상의,상의|하의,real,kfashion,,클래식,phash_448,,test
238514,images/real/스트리트/238514.jpg,1,상의,상의|하의,real,kfashion,,스트리트,LINE_003,,train
1166995,images/real/페미닌/1166995.jpg,1,상의,상의|하의,real,kfashion,,페미닌,phash_449,,train
870960,images/real/스트리트/870960.jpg,1,상의,상의,real,kfashion,,스트리트,phash_450,,test
705311,images/real/스트리트/705311.jpg,1,상의,상의|하의,real,kfashion,,스트리트,phash_451,,train
755027,images/real/로맨틱/755027.jpg,1,상의,상의|하의,real,kfashion,,로맨틱,phash_452,,val
930353,images/real/페미닌/930353.jpg,1,상의,상의|하의,real,kfashion,,페미닌,phash_453,,test
649981,images/real/스트리트/649981.jpg,1,상의,상의|하의,real,kfashion,,스트리트,phash_454,,train
1165608,images/real/스트리트/1165608.jpg,1,상의,상의,real,kfashion,,스트리트,phash_455,,val
778526,images/real/페미닌/778526.jpg,1,상의,상의|하의,real,kfashion,,페미닌,phash_456,,test
1281537,images/real/스트리트/1281537.jpg,1,상의,상의|하의,real,kfashion,,스트리트,phash_457,,train
773563,images/real/스트리트/773563.jpg,1,상의,상의|하의,real,kfashion,,스트리트,phash_458,,val
340069,images/real/스트리트/340069.jpg,1,상의,상의|하의,real,kfashion,,스트리트,phash_459,,test
719262,images/real/스트리트/719262.jpg,1,상의,상의|하의,real,kfashion,,스트리트,phash_460,,val
413443,images/real/스트리트/413443.jpg,1,상의,상의|하의,real,kfashion,,스트리트,phash_461,,test
403002,images/real/스트리트/403002.jpg,1,상의,상의,real,kfashion,,스트리트,phash_462,,train
1179289,images/real/로맨틱/1179289.jpg,1,상의,상의|하의,real,kfashion,,로맨틱,phash_463,,val
1194110,images/real/스트리트/1194110.jpg,1,상의,상의,real,kfashion,,스트리트,phash_464,,test
150982,images/real/모던/150982.jpg,1,상의,상의|하의,real,kfashion,,모던,Dongwon_116,,train
216031,images/real/스트리트/216031.jpg,1,상의,상의|하의,real,kfashion,,스트리트,Haemil_277,,train
972644,images/real/스트리트/972644.jpg,1,상의,상의,real,kfashion,,스트리트,phash_465,,train
796375,images/real/페미닌/796375.jpg,1,상의,상의|하의,real,kfashion,,페미닌,phash_466,,val
211044,images/real/스트리트/211044.jpg,1,상의,상의,real,kfashion,,스트리트,phash_467,,test
310352,images/real/페미닌/310352.jpg,1,상의,상의,real,kfashion,,페미닌,Boddari_135,,train
851183,images/real/페미닌/851183.jpg,1,상의,상의|하의,real,kfashion,,페미닌,phash_468,,train
572919,images/real/클래식/572919.jpg,1,상의,상의,real,kfashion,,클래식,phash_469,,val
268179,images/real/로맨틱/268179.jpg,1,상의,상의,real,kfashion,,로맨틱,Millimeter_234,,train
417568,images/real/모던/417568.jpg,1,상의,상의,real,kfashion,,모던,phash_470,,train
498964,images/real/스트리트/498964.jpg,1,상의,상의|하의,real,kfashion,,스트리트,phash_471,,val
1311628,images/real/스트리트/1311628.jpg,1,상의,상의|하의,real,kfashion,,스트리트,phash_472,,test
963708,images/real/스트리트/963708.jpg,1,상의,상의|하의,real,kfashion,,스트리트,phash_473,,train
233992,images/real/스트리트/233992.jpg,1,상의,상의,real,kfashion,,스트리트,ThisT_429,,train
541169,images/real/스트리트/541169.jpg,1,상의,상의|하의,real,kfashion,,스트리트,phash_474,,val
833367,images/real/스트리트/833367.jpg,1,상의,상의,real,kfashion,,스트리트,phash_475,,test
198054,images/real/페미닌/198054.jpg,1,상의,상의|하의,real,kfashion,,페미닌,Dduddu_410,,train
728890,images/real/스트리트/728890.jpg,1,상의,상의|하의,real,kfashion,,스트리트,phash_476,,train
246057,images/real/웨스턴/246057.jpg,1,상의,상의,real,kfashion,,웨스턴,Mademoon_370,,train
682839,images/real/스트리트/682839.jpg,1,상의,상의|하의,real,kfashion,,스트리트,phash_477,,val
762750,images/real/스트리트/762750.jpg,1,상의,상의|하의,real,kfashion,,스트리트,phash_478,,test
910839,images/real/키치/910839.jpg,1,상의,상의|하의,real,kfashion,,키치,phash_479,,train
393045,images/real/스트리트/393045.jpg,1,상의,상의|하의,real,kfashion,,스트리트,u_155902962390600400,,test
541920,images/real/스트리트/541920.jpg,1,상의,상의|하의,real,kfashion,,스트리트,phash_480,,val
290642,images/real/스트리트/290642.jpg,1,상의,상의|하의,real,kfashion,,스트리트,Barcode_295,,train
1345189,images/real/스트리트/1345189.jpg,1,상의,상의|하의,real,kfashion,,스트리트,phash_481,,test
1070693,images/real/소피스트케이티드/1070693.jpg,1,상의,상의|하의,real,kfashion,,소피스트케이티드,phash_482,,train
1196646,images/real/스트리트/1196646.jpg,1,상의,상의,real,kfashion,,스트리트,phash_483,,train
601572,images/real/스트리트/601572.jpg,1,상의,상의|하의,real,kfashion,,스트리트,phash_484,,val
103264,images/real/소피스트케이티드/103264.jpg,1,상의,상의,real,kfashion,,소피스트케이티드,phash_485,,test
1183123,images/real/스트리트/1183123.jpg,1,상의,상의|하의,real,kfashion,,스트리트,phash_486,,train
1194940,images/real/스트리트/1194940.jpg,1,상의,상의|하의,real,kfashion,,스트리트,phash_487,,val
1293881,images/real/스트리트/1293881.jpg,1,상의,상의|하의,real,kfashion,,스트리트,phash_488,,test
691897,images/real/페미닌/691897.jpg,1,상의,상의|하의,real,kfashion,,페미닌,phash_489,,train
40408,images/real/스트리트/40408.jpg,1,상의,상의|하의,real,kfashion,,스트리트,Eirene_068,,train
4380,images/real/스트리트/4380.jpg,1,상의,상의|하의,real,kfashion,,스트리트,phash_490,,test
594238,images/real/모던/594238.jpg,1,상의,상의|하의,real,kfashion,,모던,phash_491,,train
1199018,images/real/스트리트/1199018.jpg,1,상의,상의,real,kfashion,,스트리트,phash_492,,val
507218,images/real/스트리트/507218.jpg,1,상의,상의|하의,real,kfashion,,스트리트,phash_493,,test
1331504,images/real/스트리트/1331504.jpg,1,상의,상의|하의,real,kfashion,,스트리트,phash_494,,train
800343,images/real/스트리트/800343.jpg,1,상의,상의|하의,real,kfashion,,스트리트,phash_495,,val
1152157,images/real/스트리트/1152157.jpg,1,상의,상의|하의,real,kfashion,,스트리트,phash_496,,test
525135,images/real/스트리트/525135.jpg,1,상의,상의|하의,real,kfashion,,스트리트,phash_497,,train
1343309,images/real/로맨틱/1343309.jpg,1,상의,상의,real,kfashion,,로맨틱,phash_498,,val
199970,images/real/소피스트케이티드/199970.jpg,1,상의,상의|하의,real,kfashion,,소피스트케이티드,Dduddu_482,,train
398197,images/real/스트리트/398197.jpg,1,상의,상의,real,kfashion,,스트리트,u_156896593848338400,,test
124782,images/real/리조트/124782.jpg,1,상의,상의|하의,real,kfashion,,리조트,Tirang_052,,train
304209,images/real/리조트/304209.jpg,1,상의,상의|하의,real,kfashion,,리조트,Blacknavy_225,,train
490895,images/real/스트리트/490895.jpg,1,상의,상의|하의,real,kfashion,,스트리트,phash_499,,test
188418,images/real/소피스트케이티드/188418.jpg,1,상의,상의,real,kfashion,,소피스트케이티드,phash_500,,test
855341,images/real/페미닌/855341.jpg,1,상의,상의|하의,real,kfashion,,페미닌,phash_501,,train
621652,images/real/모던/621652.jpg,1,상의,상의,real,kfashion,,모던,u_155592120277459200,,test
128719,images/real/로맨틱/128719.jpg,1,상의,상의,real,kfashion,,로맨틱,Wihtme_103,,train
440086,images/real/스트리트/440086.jpg,1,상의,상의,real,kfashion,,스트리트,phash_502,,val
1291120,images/real/페미닌/1291120.jpg,1,상의,상의|하의,real,kfashion,,페미닌,phash_503,,test
482372,images/real/페미닌/482372.jpg,1,상의,상의|하의,real,kfashion,,페미닌,phash_504,,train
725437,images/real/컨트리/725437.jpg,1,상의,상의|하의,real,kfashion,,컨트리,phash_505,,val
719945,images/real/스트리트/719945.jpg,1,상의,상의|하의,real,kfashion,,스트리트,phash_506,,test
1180167,images/real/스트리트/1180167.jpg,1,상의,상의|하의,real,kfashion,,스트리트,phash_507,,train
200934,images/real/리조트/200934.jpg,1,상의,상의,real,kfashion,,리조트,dressk_005,,train
29696,images/real/스트리트/29696.jpg,1,상의,상의,real,kfashion,,스트리트,phash_508,,val
442689,images/real/페미닌/442689.jpg,1,상의,상의,real,kfashion,,페미닌,phash_509,,test
99127,images/real/모던/99127.jpg,1,상의,상의,real,kfashion,,모던,Afrench_016,,train
773680,images/real/리조트/773680.jpg,1,상의,상의|하의,real,kfashion,,리조트,phash_510,,val
947195,images/real/스트리트/947195.jpg,1,상의,상의,real,kfashion,,스트리트,phash_511,,test
872964,images/real/페미닌/872964.jpg,1,상의,상의|하의,real,kfashion,,페미닌,phash_512,,train
990563,images/real/매니시/990563.jpg,1,상의,상의|하의,real,kfashion,,매니시,phash_513,,val
270471,images/real/리조트/270471.jpg,1,상의,상의|하의,real,kfashion,,리조트,Mimo_112,,train
1052154,images/real/스트리트/1052154.jpg,1,상의,상의|하의,real,kfashion,,스트리트,phash_514,,test
1045429,images/real/스트리트/1045429.jpg,1,상의,상의|하의,real,kfashion,,스트리트,phash_515,,train
528691,images/real/스트리트/528691.jpg,1,상의,상의,real,kfashion,,스트리트,phash_516,,val
136770,images/real/모던/136770.jpg,1,상의,상의,real,kfashion,,모던,phash_517,,test
269967,images/real/스트리트/269967.jpg,1,상의,상의|하의,real,kfashion,,스트리트,Mimo_076,,train
970073,images/real/섹시/970073.jpg,1,상의,상의|하의,real,kfashion,,섹시,phash_518,,train
1315088,images/real/스포티/1315088.jpg,1,상의,상의,real,kfashion,,스포티,phash_519,,train
1325443,images/real/스트리트/1325443.jpg,1,상의,상의|하의,real,kfashion,,스트리트,phash_520,,test
876522,images/real/스트리트/876522.jpg,1,상의,상의|하의,real,kfashion,,스트리트,phash_521,,train
888547,images/real/클래식/888547.jpg,1,상의,상의|하의,real,kfashion,,클래식,phash_522,,val
973737,images/real/컨트리/973737.jpg,1,상의,상의,real,kfashion,,컨트리,phash_523,,test
510755,images/real/스트리트/510755.jpg,1,상의,상의,real,kfashion,,스트리트,phash_524,,train
508195,images/real/젠더리스/508195.jpg,1,상의,상의|하의,real,kfashion,,젠더리스,phash_525,,val
539881,images/real/스트리트/539881.jpg,1,상의,상의|하의,real,kfashion,,스트리트,phash_526,,test
567264,images/real/리조트/567264.jpg,1,상의,상의|하의,real,kfashion,,리조트,phash_527,,train
584527,images/real/모던/584527.jpg,1,상의,상의|하의,real,kfashion,,모던,phash_528,,val
1267693,images/real/스트리트/1267693.jpg,1,상의,상의|하의,real,kfashion,,스트리트,phash_529,,test
1278229,images/real/스트리트/1278229.jpg,1,상의,상의|하의,real,kfashion,,스트리트,phash_530,,val
38153,images/real/스트리트/38153.jpg,1,상의,상의,real,kfashion,,스트리트,mercy_040,,train
1227516,images/real/모던/1227516.jpg,1,상의,상의,real,kfashion,,모던,phash_531,,test
1068997,images/real/스트리트/1068997.jpg,1,상의,상의,real,kfashion,,스트리트,phash_532,,train
205664,images/real/스트리트/205664.jpg,1,상의,상의,real,kfashion,,스트리트,Forme_318,,train
1134146,images/real/스트리트/1134146.jpg,1,상의,상의|하의,real,kfashion,,스트리트,phash_533,,val
1042236,images/real/모던/1042236.jpg,1,상의,상의|하의,real,kfashion,,모던,phash_534,,test
1067791,images/real/스트리트/1067791.jpg,1,상의,상의,real,kfashion,,스트리트,phash_535,,train
583764,images/real/레트로/583764.jpg,1,상의,상의|하의,real,kfashion,,레트로,phash_536,,val
982108,images/real/스트리트/982108.jpg,1,상의,상의|하의,real,kfashion,,스트리트,phash_537,,test
884912,images/real/클래식/884912.jpg,1,상의,상의|하의,real,kfashion,,클래식,phash_538,,train
1306012,images/real/페미닌/1306012.jpg,1,상의,상의|하의,real,kfashion,,페미닌,phash_539,,val
485248,images/real/스트리트/485248.jpg,1,상의,상의|하의,real,kfashion,,스트리트,u_156015325853302400,,val
828786,images/real/로맨틱/828786.jpg,1,상의,상의|하의,real,kfashion,,로맨틱,phash_540,,train
136439,images/real/스트리트/136439.jpg,1,상의,상의|하의,real,kfashion,,스트리트,Ntail_224,,train
462424,images/real/스트리트/462424.jpg,1,상의,상의,real,kfashion,,스트리트,phash_541,,val
437553,images/real/스트리트/437553.jpg,1,상의,상의,real,kfashion,,스트리트,phash_542,,test
1004641,images/real/톰보이/1004641.jpg,1,상의,상의|하의,real,kfashion,,톰보이,phash_543,,train
1100658,images/real/매니시/1100658.jpg,1,상의,상의|하의,real,kfashion,,매니시,phash_544,,val
150479,images/real/스트리트/150479.jpg,1,상의,상의|하의,real,kfashion,,스트리트,dongwon_082,,train
38108,images/real/스트리트/38108.jpg,1,상의,상의,real,kfashion,,스트리트,mercy_037,,train
1219357,images/real/스트리트/1219357.jpg,1,상의,상의|하의,real,kfashion,,스트리트,phash_545,,test
785588,images/real/오리엔탈/785588.jpg,1,상의,상의,real,kfashion,,오리엔탈,phash_546,,train
702705,images/real/밀리터리/702705.jpg,1,상의,상의,real,kfashion,,밀리터리,phash_547,,val
1322314,images/real/스트리트/1322314.jpg,1,상의,상의|하의,real,kfashion,,스트리트,phash_548,,test
1044984,images/real/스트리트/1044984.jpg,1,상의,상의|하의,real,kfashion,,스트리트,phash_549,,train
384583,images/real/스트리트/384583.jpg,1,상의,상의|하의,real,kfashion,,스트리트,u_152532352740039500,,train
1014796,images/real/스트리트/1014796.jpg,1,상의,상의|하의,real,kfashion,,스트리트,phash_550,,test
1211560,images/real/매니시/1211560.jpg,1,상의,상의|하의,real,kfashion,,매니시,phash_551,,train
525804,images/real/리조트/525804.jpg,1,상의,상의,real,kfashion,,리조트,phash_552,,val
1100727,images/real/스트리트/1100727.jpg,1,상의,상의|하의,real,kfashion,,스트리트,phash_553,,test
547487,images/real/스트리트/547487.jpg,1,상의,상의,real,kfashion,,스트리트,phash_554,,train
463285,images/real/스트리트/463285.jpg,1,상의,상의|하의,real,kfashion,,스트리트,phash_555,,val
609380,images/real/컨트리/609380.jpg,1,상의,상의,real,kfashion,,컨트리,u_154649497772225600,,test
1250833,images/real/소피스트케이티드/1250833.jpg,1,상의,상의|하의,real,kfashion,,소피스트케이티드,phash_556,,test
1281090,images/real/페미닌/1281090.jpg,1,상의,상의,real,kfashion,,페미닌,phash_557,,train
529910,images/real/스트리트/529910.jpg,1,상의,상의,real,kfashion,,스트리트,phash_558,,val
954884,images/real/스트리트/954884.jpg,1,상의,상의|하의,real,kfashion,,스트리트,phash_559,,test
395329,images/real/스트리트/395329.jpg,1,상의,상의|하의,real,kfashion,,스트리트,u_156333211411192300,,train
790733,images/real/히피/790733.jpg,1,상의,상의,real,kfashion,,히피,phash_560,,val
919467,images/real/페미닌/919467.jpg,1,상의,상의|하의,real,kfashion,,페미닌,phash_561,,test
467786,images/real/컨트리/467786.jpg,1,상의,상의|하의,real,kfashion,,컨트리,u_156403101495431900,,val
1219948,images/real/모던/1219948.jpg,1,상의,상의,real,kfashion,,모던,phash_562,,train
1044788,images/real/리조트/1044788.jpg,1,상의,상의|하의,real,kfashion,,리조트,phash_563,,val
1104582,images/real/컨트리/1104582.jpg,1,상의,상의|하의,real,kfashion,,컨트리,phash_564,,test
622287,images/real/스트리트/622287.jpg,1,상의,상의,real,kfashion,,스트리트,u_156626790983654100,,train
286889,images/real/스트리트/286889.jpg,1,상의,상의|하의,real,kfashion,,스트리트,Barcode_148,,train
675359,images/real/로맨틱/675359.jpg,1,상의,상의|하의,real,kfashion,,로맨틱,phash_565,,train
343895,images/real/모던/343895.jpg,1,상의,상의,real,kfashion,,모던,SWapparel_023,,train
1336691,images/real/스트리트/1336691.jpg,1,상의,상의|하의,real,kfashion,,스트리트,phash_566,,val
465643,images/real/로맨틱/465643.jpg,1,상의,상의,real,kfashion,,로맨틱,phash_567,,test
390777,images/real/스트리트/390777.jpg,1,상의,상의,real,kfashion,,스트리트,u_155548722872660400,,val
1053636,images/real/리조트/1053636.jpg,1,상의,상의|하의,real,kfashion,,리조트,phash_568,,train
1139240,images/real/스트리트/1139240.jpg,1,상의,상의,real,kfashion,,스트리트,phash_569,,val
1318445,images/real/페미닌/1318445.jpg,1,상의,상의|하의,real,kfashion,,페미닌,phash_570,,train
929714,images/real/컨트리/929714.jpg,1,상의,상의|하의,real,kfashion,,컨트리,phash_571,,val
409465,images/real/스트리트/409465.jpg,1,상의,상의,real,kfashion,,스트리트,phash_572,,test
1164876,images/real/스트리트/1164876.jpg,1,상의,상의|하의,real,kfashion,,스트리트,phash_573,,train
228736,images/real/컨트리/228736.jpg,1,상의,상의,real,kfashion,,컨트리,phash_574,,train
872938,images/real/페미닌/872938.jpg,1,상의,상의|하의,real,kfashion,,페미닌,phash_575,,val
341819,images/real/모던/341819.jpg,1,상의,상의|하의,real,kfashion,,모던,phash_576,,test
1308474,images/real/페미닌/1308474.jpg,1,상의,상의,real,kfashion,,페미닌,phash_577,,train
749243,images/real/스트리트/749243.jpg,1,상의,상의|하의,real,kfashion,,스트리트,phash_578,,val
981677,images/real/스트리트/981677.jpg,1,상의,상의|하의,real,kfashion,,스트리트,phash_579,,test
691880,images/real/스트리트/691880.jpg,1,상의,상의|하의,real,kfashion,,스트리트,phash_580,,val
617987,images/real/스트리트/617987.jpg,1,상의,상의,real,kfashion,,스트리트,phash_581,,test
702485,images/real/모던/702485.jpg,1,상의,상의,real,kfashion,,모던,phash_582,,train
1086378,images/real/스트리트/1086378.jpg,1,상의,상의|하의,real,kfashion,,스트리트,phash_583,,val
678657,images/real/스트리트/678657.jpg,1,상의,상의,real,kfashion,,스트리트,phash_584,,test
994201,images/real/스트리트/994201.jpg,1,상의,상의|하의,real,kfashion,,스트리트,phash_585,,train
967388,images/real/페미닌/967388.jpg,1,상의,상의,real,kfashion,,페미닌,phash_586,,val
462619,images/real/스트리트/462619.jpg,1,상의,상의,real,kfashion,,스트리트,phash_587,,test
946541,images/real/스트리트/946541.jpg,1,상의,상의|하의,real,kfashion,,스트리트,phash_588,,train
351172,images/real/클래식/351172.jpg,1,아우터,아우터|상의,real,kfashion,,클래식,phash_482,,train
418947,images/real/리조트/418947.jpg,1,아우터,아우터|하의,real,kfashion,,리조트,JEWERLY_084,,train
927021,images/real/스포티/927021.jpg,1,아우터,아우터|하의,real,kfashion,,스포티,phash_589,,train
420003,images/real/모던/420003.jpg,1,아우터,아우터,real,kfashion,,모던,phash_590,,train
408339,images/real/스트리트/408339.jpg,1,아우터,아우터|하의,real,kfashion,,스트리트,phash_591,,train
1588,images/real/스트리트/1588.jpg,1,아우터,아우터|상의|하의,real,kfashion,,스트리트,Rausch_043,,train
490490,images/real/스트리트/490490.jpg,1,아우터,아우터,real,kfashion,,스트리트,phash_592,,train
909943,images/real/모던/909943.jpg,1,아우터,아우터|상의|하의,real,kfashion,,모던,phash_593,,train
859377,images/real/스트리트/859377.jpg,1,아우터,아우터|하의,real,kfashion,,스트리트,phash_594,,train
1032039,images/real/클래식/1032039.jpg,1,아우터,아우터|상의,real,kfashion,,클래식,phash_595,,train
1113041,images/real/레트로/1113041.jpg,1,아우터,아우터|하의,real,kfashion,,레트로,phash_596,,train
244368,images/real/클래식/244368.jpg,1,아우터,아우터|상의,real,kfashion,,클래식,Mademoon_317,,train
676482,images/real/웨스턴/676482.jpg,1,아우터,아우터|하의,real,kfashion,,웨스턴,phash_597,,train
895420,images/real/스트리트/895420.jpg,1,아우터,아우터|하의,real,kfashion,,스트리트,phash_598,,train
695468,images/real/매니시/695468.jpg,1,아우터,아우터|하의,real,kfashion,,매니시,phash_599,,train
111904,images/real/스트리트/111904.jpg,1,아우터,아우터|상의|하의,real,kfashion,,스트리트,phash_600,,train
1100050,images/real/클래식/1100050.jpg,1,아우터,아우터|상의|하의,real,kfashion,,클래식,phash_601,,train
701451,images/real/스트리트/701451.jpg,1,아우터,아우터,real,kfashion,,스트리트,phash_602,,train
605104,images/real/페미닌/605104.jpg,1,아우터,아우터,real,kfashion,,페미닌,phash_603,,train
375308,images/real/컨트리/375308.jpg,1,아우터,아우터,real,kfashion,,컨트리,u_156713850818617100,,test
754753,images/real/페미닌/754753.jpg,1,아우터,아우터|하의,real,kfashion,,페미닌,phash_604,,train
979061,images/real/스트리트/979061.jpg,1,아우터,아우터|상의|하의,real,kfashion,,스트리트,phash_605,,train
415230,images/real/매니시/415230.jpg,1,아우터,아우터|하의,real,kfashion,,매니시,id_757,,train
1170750,images/real/스트리트/1170750.jpg,1,아우터,아우터|상의|하의,real,kfashion,,스트리트,phash_606,,train
228210,images/real/스트리트/228210.jpg,1,아우터,아우터,real,kfashion,,스트리트,penny_345,,train
327000,images/real/클래식/327000.jpg,1,아우터,아우터|상의,real,kfashion,,클래식,phash_607,,train
590796,images/real/섹시/590796.jpg,1,아우터,아우터,real,kfashion,,섹시,phash_608,,train
343205,images/real/스트리트/343205.jpg,1,아우터,아우터|상의|하의,real,kfashion,,스트리트,phash_609,,train
967168,images/real/스트리트/967168.jpg,1,아우터,아우터|하의,real,kfashion,,스트리트,phash_610,,train
1054992,images/real/컨트리/1054992.jpg,1,아우터,아우터|상의|하의,real,kfashion,,컨트리,phash_611,,train
1232644,images/real/밀리터리/1232644.jpg,1,아우터,아우터,real,kfashion,,밀리터리,phash_612,,train
1333390,images/real/리조트/1333390.jpg,1,아우터,아우터,real,kfashion,,리조트,phash_613,,train
854936,images/real/페미닌/854936.jpg,1,아우터,아우터|하의,real,kfashion,,페미닌,phash_614,,train
1156885,images/real/페미닌/1156885.jpg,1,아우터,아우터|하의,real,kfashion,,페미닌,phash_615,,train
1314336,images/real/스트리트/1314336.jpg,1,아우터,아우터|상의|하의,real,kfashion,,스트리트,RexGirl_082,,train
1028091,images/real/스트리트/1028091.jpg,1,아우터,아우터|하의,real,kfashion,,스트리트,phash_616,,train
377397,images/real/스트리트/377397.jpg,1,아우터,아우터,real,kfashion,,스트리트,u_157293839512485500,,test
355820,images/real/클래식/355820.jpg,1,아우터,아우터,real,kfashion,,클래식,u_157345368056028999,,train
671107,images/real/로맨틱/671107.jpg,1,아우터,아우터|하의,real,kfashion,,로맨틱,phash_617,,train
3701,images/real/클래식/3701.jpg,1,아우터,아우터|상의|하의,real,kfashion,,클래식,Amaker_028,,train
881615,images/real/스트리트/881615.jpg,1,아우터,아우터|상의|하의,real,kfashion,,스트리트,phash_618,,train
568403,images/real/모던/568403.jpg,1,아우터,아우터|하의,real,kfashion,,모던,phash_619,,train
1247174,images/real/스트리트/1247174.jpg,1,아우터,아우터,real,kfashion,,스트리트,phash_620,,train
884153,images/real/모던/884153.jpg,1,아우터,아우터,real,kfashion,,모던,phash_621,,train
585249,images/real/웨스턴/585249.jpg,1,아우터,아우터|상의|하의,real,kfashion,,웨스턴,phash_622,,train
961450,images/real/모던/961450.jpg,1,아우터,아우터,real,kfashion,,모던,phash_623,,train
1018605,images/real/스트리트/1018605.jpg,1,아우터,아우터|상의,real,kfashion,,스트리트,phash_624,,train
374814,images/real/컨트리/374814.jpg,1,아우터,아우터|상의|하의,real,kfashion,,컨트리,u_156645497063327999,,val
353273,images/real/스트리트/353273.jpg,1,아우터,아우터|상의|하의,real,kfashion,,스트리트,u_153542783756312399,,train
956065,images/real/컨트리/956065.jpg,1,아우터,아우터|상의,real,kfashion,,컨트리,phash_625,,train
274090,images/real/스트리트/274090.jpg,1,아우터,아우터|상의,real,kfashion,,스트리트,MUN_709,,train
900265,images/real/스트리트/900265.jpg,1,아우터,아우터|하의,real,kfashion,,스트리트,phash_626,,train
952195,images/real/젠더리스/952195.jpg,1,아우터,아우터|하의,real,kfashion,,젠더리스,phash_627,,train
324502,images/real/젠더리스/324502.jpg,1,아우터,아우터|상의|하의,real,kfashion,,젠더리스,sara_095,,train
1331292,images/real/스트리트/1331292.jpg,1,아우터,아우터|상의|하의,real,kfashion,,스트리트,phash_628,,train
374012,images/real/아방가르드/374012.jpg,1,아우터,아우터|상의,real,kfashion,,아방가르드,u_156110452812491100,,train
366148,images/real/클래식/366148.jpg,1,아우터,아우터|하의,real,kfashion,,클래식,phash_629,,train
760146,images/real/소피스트케이티드/760146.jpg,1,아우터,아우터|상의|하의,real,kfashion,,소피스트케이티드,phash_630,,train
772220,images/real/스트리트/772220.jpg,1,아우터,아우터|상의|하의,real,kfashion,,스트리트,phash_631,,train
1128016,images/real/스트리트/1128016.jpg,1,아우터,아우터,real,kfashion,,스트리트,phash_632,,train
78237,images/real/톰보이/78237.jpg,1,아우터,아우터|상의,real,kfashion,,톰보이,doorim_1253,,train
945342,images/real/컨트리/945342.jpg,1,아우터,아우터,real,kfashion,,컨트리,phash_633,,train
183810,images/real/소피스트케이티드/183810.jpg,1,아우터,아우터|상의|하의,real,kfashion,,소피스트케이티드,doorim_1271,,train
1248853,images/real/모던/1248853.jpg,1,아우터,아우터|하의,real,kfashion,,모던,phash_634,,train
28486,images/real/스트리트/28486.jpg,1,아우터,아우터,real,kfashion,,스트리트,marsh_002,,train
898524,images/real/스트리트/898524.jpg,1,아우터,아우터,real,kfashion,,스트리트,phash_635,,train
569137,images/real/스트리트/569137.jpg,1,아우터,아우터,real,kfashion,,스트리트,phash_636,,train
926800,images/real/컨트리/926800.jpg,1,아우터,아우터|하의,real,kfashion,,컨트리,phash_637,,train
228835,images/real/스트리트/228835.jpg,1,아우터,아우터,real,kfashion,,스트리트,pennyblue_156,,train
491304,images/real/레트로/491304.jpg,1,아우터,아우터|하의,real,kfashion,,레트로,phash_638,,train
320012,images/real/스트리트/320012.jpg,1,아우터,아우터|상의|하의,real,kfashion,,스트리트,id_780,,train
369228,images/real/스트리트/369228.jpg,1,아우터,아우터,real,kfashion,,스트리트,phash_639,,train
950515,images/real/클래식/950515.jpg,1,아우터,아우터,real,kfashion,,클래식,phash_640,,train
856009,images/real/클래식/856009.jpg,1,아우터,아우터|하의,real,kfashion,,클래식,phash_641,,train
1241027,images/real/컨트리/1241027.jpg,1,아우터,아우터,real,kfashion,,컨트리,phash_642,,train
939234,images/real/소피스트케이티드/939234.jpg,1,아우터,아우터|상의|하의,real,kfashion,,소피스트케이티드,phash_643,,train
99806,images/real/스트리트/99806.jpg,1,아우터,아우터|상의,real,kfashion,,스트리트,phash_644,,train
182711,images/real/클래식/182711.jpg,1,아우터,아우터,real,kfashion,,클래식,doorim_1200,,train
1037054,images/real/컨트리/1037054.jpg,1,아우터,아우터|상의|하의,real,kfashion,,컨트리,phash_645,,train
604230,images/real/스트리트/604230.jpg,1,아우터,아우터,real,kfashion,,스트리트,phash_646,,train
527847,images/real/스트리트/527847.jpg,1,아우터,아우터|상의|하의,real,kfashion,,스트리트,phash_647,,train
368067,images/real/클래식/368067.jpg,1,아우터,아우터|하의,real,kfashion,,클래식,phash_648,,train
270496,images/real/클래식/270496.jpg,1,아우터,아우터|상의|하의,real,kfashion,,클래식,Mimo_114,,train
752812,images/real/스트리트/752812.jpg,1,아우터,아우터|하의,real,kfashion,,스트리트,phash_649,,train
976375,images/real/스포티/976375.jpg,1,아우터,아우터|하의,real,kfashion,,스포티,phash_650,,train
488857,images/real/스트리트/488857.jpg,1,아우터,아우터|하의,real,kfashion,,스트리트,phash_651,,train
1126713,images/real/스트리트/1126713.jpg,1,아우터,아우터|하의,real,kfashion,,스트리트,phash_652,,train
1313413,images/real/스트리트/1313413.jpg,1,아우터,아우터|상의,real,kfashion,,스트리트,phash_653,,train
741833,images/real/클래식/741833.jpg,1,아우터,아우터|하의,real,kfashion,,클래식,phash_654,,train
770345,images/real/스트리트/770345.jpg,1,아우터,아우터|상의|하의,real,kfashion,,스트리트,phash_655,,train
1291205,images/real/스트리트/1291205.jpg,1,아우터,아우터|상의|하의,real,kfashion,,스트리트,phash_656,,train
889872,images/real/스트리트/889872.jpg,1,아우터,아우터|하의,real,kfashion,,스트리트,phash_657,,train
944503,images/real/리조트/944503.jpg,1,아우터,아우터|하의,real,kfashion,,리조트,phash_658,,train
420417,images/real/스트리트/420417.jpg,1,아우터,아우터,real,kfashion,,스트리트,phash_659,,train
355228,images/real/젠더리스/355228.jpg,1,아우터,아우터|상의|하의,real,kfashion,,젠더리스,u_157105743310771300,,test
764735,images/real/스트리트/764735.jpg,1,아우터,아우터|상의|하의,real,kfashion,,스트리트,phash_660,,train
781664,images/real/스트리트/781664.jpg,1,아우터,아우터|상의|하의,real,kfashion,,스트리트,phash_661,,train
1005787,images/real/스트리트/1005787.jpg,1,아우터,아우터|상의|하의,real,kfashion,,스트리트,phash_662,,train
3132,images/real/컨트리/3132.jpg,1,아우터,아우터|하의,real,kfashion,,컨트리,banhana_242,,train
432965,images/real/리조트/432965.jpg,1,아우터,아우터|하의,real,kfashion,,리조트,Tonenton_004,,train
366811,images/real/밀리터리/366811.jpg,1,아우터,아우터,real,kfashion,,밀리터리,phash_663,,train
606423,images/real/컨트리/606423.jpg,1,아우터,아우터,real,kfashion,,컨트리,phash_664,,train
992863,images/real/클래식/992863.jpg,1,아우터,아우터,real,kfashion,,클래식,phash_665,,train
525114,images/real/스트리트/525114.jpg,1,아우터,아우터|상의|하의,real,kfashion,,스트리트,phash_666,,train
686144,images/real/모던/686144.jpg,1,아우터,아우터,real,kfashion,,모던,phash_667,,train
977012,images/real/스트리트/977012.jpg,1,아우터,아우터|상의|하의,real,kfashion,,스트리트,phash_668,,train
670608,images/real/모던/670608.jpg,1,아우터,아우터|하의,real,kfashion,,모던,phash_669,,train
115907,images/real/클래식/115907.jpg,1,아우터,아우터,real,kfashion,,클래식,Oreore_014,,train
375713,images/real/아방가르드/375713.jpg,1,아우터,아우터,real,kfashion,,아방가르드,u_156757921142459300,,val
740845,images/real/로맨틱/740845.jpg,1,아우터,아우터|상의|하의,real,kfashion,,로맨틱,phash_670,,train
738797,images/real/소피스트케이티드/738797.jpg,1,아우터,아우터|상의|하의,real,kfashion,,소피스트케이티드,phash_671,,train
886877,images/real/스트리트/886877.jpg,1,아우터,아우터,real,kfashion,,스트리트,phash_672,,train
1020712,images/real/스트리트/1020712.jpg,1,아우터,아우터|하의,real,kfashion,,스트리트,phash_673,,train
167688,images/real/모던/167688.jpg,1,아우터,아우터|상의|하의,real,kfashion,,모던,PRS_808,,train
206828,images/real/젠더리스/206828.jpg,1,아우터,아우터,real,kfashion,,젠더리스,Forme_363,,train
212400,images/real/스트리트/212400.jpg,1,아우터,아우터,real,kfashion,,스트리트,habanjang_237,,train
558847,images/real/스트리트/558847.jpg,1,아우터,아우터,real,kfashion,,스트리트,phash_674,,train
66291,images/real/페미닌/66291.jpg,1,아우터,아우터|하의,real,kfashion,,페미닌,phash_675,,train
836055,images/real/스트리트/836055.jpg,1,아우터,아우터|하의,real,kfashion,,스트리트,phash_676,,train
274495,images/real/모던/274495.jpg,1,아우터,아우터,real,kfashion,,모던,MUN_736,,train
49918,images/real/스트리트/49918.jpg,1,아우터,아우터|상의,real,kfashion,,스트리트,banhana_045,,train
1298545,images/real/클래식/1298545.jpg,1,아우터,아우터|상의|하의,real,kfashion,,클래식,phash_677,,train
763086,images/real/스트리트/763086.jpg,1,아우터,아우터|하의,real,kfashion,,스트리트,phash_678,,train
418425,images/real/스트리트/418425.jpg,1,아우터,아우터|하의,real,kfashion,,스트리트,JEWERLY_048,,train
778260,images/real/페미닌/778260.jpg,1,아우터,아우터|상의,real,kfashion,,페미닌,phash_679,,train
1176657,images/real/컨트리/1176657.jpg,1,아우터,아우터|상의|하의,real,kfashion,,컨트리,phash_680,,train
240097,images/real/클래식/240097.jpg,1,아우터,아우터,real,kfashion,,클래식,Luisa_009,,train
371987,images/real/리조트/371987.jpg,1,아우터,아우터,real,kfashion,,리조트,u_155177578431189499,,test
314272,images/real/페미닌/314272.jpg,1,아우터,아우터|상의,real,kfashion,,페미닌,BLEE_210,,train
123283,images/real/모던/123283.jpg,1,아우터,아우터|하의,real,kfashion,,모던,TAKE_009,,train
1300610,images/real/스트리트/1300610.jpg,1,아우터,아우터|상의|하의,real,kfashion,,스트리트,phash_681,,train
880322,images/real/페미닌/880322.jpg,1,아우터,아우터|하의,real,kfashion,,페미닌,phash_682,,train
340763,images/real/스트리트/340763.jpg,1,아우터,아우터|상의,real,kfashion,,스트리트,phash_683,,train
1252101,images/real/스트리트/1252101.jpg,1,아우터,아우터|상의,real,kfashion,,스트리트,phash_684,,train
509901,images/real/모던/509901.jpg,1,아우터,아우터,real,kfashion,,모던,phash_685,,train
959684,images/real/스트리트/959684.jpg,1,아우터,아우터|하의,real,kfashion,,스트리트,phash_686,,train
608480,images/real/모던/608480.jpg,1,아우터,아우터,real,kfashion,,모던,phash_687,,train
955476,images/real/페미닌/955476.jpg,1,아우터,아우터|하의,real,kfashion,,페미닌,phash_688,,train
688218,images/real/모던/688218.jpg,1,아우터,아우터|상의|하의,real,kfashion,,모던,phash_689,,train
988593,images/real/스트리트/988593.jpg,1,아우터,아우터|상의,real,kfashion,,스트리트,phash_690,,train
1034021,images/real/스트리트/1034021.jpg,1,아우터,아우터|하의,real,kfashion,,스트리트,phash_691,,train
369945,images/real/스트리트/369945.jpg,1,아우터,아우터|상의,real,kfashion,,스트리트,phash_692,,train
1335899,images/real/리조트/1335899.jpg,1,아우터,아우터|상의|하의,real,kfashion,,리조트,phash_693,,train
1128198,images/real/매니시/1128198.jpg,1,아우터,아우터|상의,real,kfashion,,매니시,phash_694,,train
491169,images/real/스트리트/491169.jpg,1,아우터,아우터,real,kfashion,,스트리트,phash_695,,train
863478,images/real/매니시/863478.jpg,1,아우터,아우터|하의,real,kfashion,,매니시,phash_696,,train
355387,images/real/스트리트/355387.jpg,1,아우터,아우터|하의,real,kfashion,,스트리트,u_157121142313941799,,train
69252,images/real/스트리트/69252.jpg,1,아우터,아우터|상의,real,kfashion,,스트리트,phash_697,,train
743390,images/real/스트리트/743390.jpg,1,아우터,아우터|하의,real,kfashion,,스트리트,phash_698,,train
953158,images/real/스트리트/953158.jpg,1,아우터,아우터|상의|하의,real,kfashion,,스트리트,phash_699,,train
798794,images/real/소피스트케이티드/798794.jpg,1,아우터,아우터|상의|하의,real,kfashion,,소피스트케이티드,phash_700,,train
1331653,images/real/스트리트/1331653.jpg,1,아우터,아우터|상의|하의,real,kfashion,,스트리트,phash_701,,val
1232525,images/real/클래식/1232525.jpg,1,아우터,아우터,real,kfashion,,클래식,phash_702,,test
893006,images/real/스트리트/893006.jpg,1,아우터,아우터|하의,real,kfashion,,스트리트,phash_410,,train
606087,images/real/클래식/606087.jpg,1,아우터,아우터,real,kfashion,,클래식,phash_703,,train
1101258,images/real/스트리트/1101258.jpg,1,아우터,아우터|하의,real,kfashion,,스트리트,phash_704,,val
1042574,images/real/스트리트/1042574.jpg,1,아우터,아우터|하의,real,kfashion,,스트리트,phash_705,,test
1060486,images/real/스트리트/1060486.jpg,1,아우터,아우터|하의,real,kfashion,,스트리트,phash_706,,train
269429,images/real/모던/269429.jpg,1,아우터,아우터|상의,real,kfashion,,모던,Mimo_040,,train
1172364,images/real/페미닌/1172364.jpg,1,아우터,아우터|상의,real,kfashion,,페미닌,phash_707,,val
769464,images/real/스트리트/769464.jpg,1,아우터,아우터|상의,real,kfashion,,스트리트,phash_708,,test
3694,images/real/페미닌/3694.jpg,1,아우터,아우터,real,kfashion,,페미닌,Amaker_027,,train
1322674,images/real/스트리트/1322674.jpg,1,아우터,아우터|상의,real,kfashion,,스트리트,phash_709,,train
370375,images/real/컨트리/370375.jpg,1,아우터,아우터|상의|하의,real,kfashion,,컨트리,phash_710,,val
907321,images/real/클래식/907321.jpg,1,아우터,아우터,real,kfashion,,클래식,phash_711,,test
692523,images/real/소피스트케이티드/692523.jpg,1,아우터,아우터|상의|하의,real,kfashion,,소피스트케이티드,phash_712,,train
1284627,images/real/스트리트/1284627.jpg,1,아우터,아우터|상의|하의,real,kfashion,,스트리트,phash_713,,val
545690,images/real/웨스턴/545690.jpg,1,아우터,아우터,real,kfashion,,웨스턴,phash_714,,test
747902,images/real/프레피/747902.jpg,1,아우터,아우터|상의|하의,real,kfashion,,프레피,phash_715,,train
164047,images/real/스트리트/164047.jpg,1,아우터,아우터,real,kfashion,,스트리트,LIME_113,,train
1033596,images/real/웨스턴/1033596.jpg,1,아우터,아우터,real,kfashion,,웨스턴,phash_716,,val
168330,images/real/스트리트/168330.jpg,1,아우터,아우터|상의,real,kfashion,,스트리트,PRS_833,,train
169375,images/real/로맨틱/169375.jpg,1,아우터,아우터|상의,real,kfashion,,로맨틱,PRS_873,,train
118,images/real/젠더리스/118.jpg,1,아우터,아우터,real,kfashion,,젠더리스,Amaker_009,,train
342699,images/real/스트리트/342699.jpg,1,아우터,아우터|상의|하의,real,kfashion,,스트리트,SUN_036,,train
314683,images/real/클래식/314683.jpg,1,아우터,아우터,real,kfashion,,클래식,BLEE_239,,train
1027845,images/real/스트리트/1027845.jpg,1,아우터,아우터,real,kfashion,,스트리트,phash_717,,test
150734,images/real/모던/150734.jpg,1,아우터,아우터|상의,real,kfashion,,모던,Dongwon_099,,train
977832,images/real/스트리트/977832.jpg,1,아우터,아우터|하의,real,kfashion,,스트리트,phash_718,,train
605664,images/real/스트리트/605664.jpg,1,아우터,아우터|상의,real,kfashion,,스트리트,phash_719,,val
953935,images/real/클래식/953935.jpg,1,아우터,아우터,real,kfashion,,클래식,phash_720,,test
369749,images/real/스트리트/369749.jpg,1,아우터,아우터,real,kfashion,,스트리트,phash_721,,train
949957,images/real/프레피/949957.jpg,1,아우터,아우터|하의,real,kfashion,,프레피,phash_722,,val
933466,images/real/스트리트/933466.jpg,1,아우터,아우터,real,kfashion,,스트리트,phash_723,,test
147385,images/real/스트리트/147385.jpg,1,아우터,아우터|하의,real,kfashion,,스트리트,Dokae_1113,,train
375556,images/real/아방가르드/375556.jpg,1,아우터,아우터,real,kfashion,,아방가르드,u_156749177615859300,,train
372469,images/real/스트리트/372469.jpg,1,아우터,아우터|하의,real,kfashion,,스트리트,u_155323823547506700,,val
1149461,images/real/스트리트/1149461.jpg,1,아우터,아우터|상의|하의,real,kfashion,,스트리트,phash_724,,train
774389,images/real/스트리트/774389.jpg,1,아우터,아우터,real,kfashion,,스트리트,phash_725,,val
991792,images/real/젠더리스/991792.jpg,1,아우터,아우터|하의,real,kfashion,,젠더리스,phash_726,,test
767680,images/real/모던/767680.jpg,1,아우터,아우터,real,kfashion,,모던,phash_727,,train
1308857,images/real/스트리트/1308857.jpg,1,아우터,아우터|상의|하의,real,kfashion,,스트리트,phash_728,,val
764798,images/real/스트리트/764798.jpg,1,아우터,아우터,real,kfashion,,스트리트,phash_729,,test
741915,images/real/클래식/741915.jpg,1,아우터,아우터|하의,real,kfashion,,클래식,phash_730,,train
69490,images/real/스트리트/69490.jpg,1,아우터,아우터|상의,real,kfashion,,스트리트,Cocojo_021,,train
77835,images/real/클래식/77835.jpg,1,아우터,아우터,real,kfashion,,클래식,doorim_1227,,train
367320,images/real/스트리트/367320.jpg,1,아우터,아우터|하의,real,kfashion,,스트리트,phash_731,,train
366615,images/real/스트리트/366615.jpg,1,아우터,아우터,real,kfashion,,스트리트,phash_732,,val
1087986,images/real/리조트/1087986.jpg,1,아우터,아우터|상의|하의,real,kfashion,,리조트,phash_733,,test
826309,images/real/스트리트/826309.jpg,1,아우터,아우터|하의,real,kfashion,,스트리트,phash_734,,train
276809,images/real/스트리트/276809.jpg,1,아우터,아우터|상의|하의,real,kfashion,,스트리트,MUN_884,,train
1231904,images/real/로맨틱/1231904.jpg,1,아우터,아우터,real,kfashion,,로맨틱,phash_735,,val
251004,images/real/매니시/251004.jpg,1,아우터,아우터,real,kfashion,,매니시,Moda_254,,train
1108625,images/real/페미닌/1108625.jpg,1,아우터,아우터|상의|하의,real,kfashion,,페미닌,phash_736,,test
352518,images/real/컨트리/352518.jpg,1,아우터,아우터|상의,real,kfashion,,컨트리,u_150607072867866400,,train
334862,images/real/스트리트/334862.jpg,1,아우터,아우터,real,kfashion,,스트리트,phash_737,,train
1275757,images/real/스트리트/1275757.jpg,1,아우터,아우터|상의|하의,real,kfashion,,스트리트,phash_738,,val
1113432,images/real/페미닌/1113432.jpg,1,아우터,아우터,real,kfashion,,페미닌,phash_739,,test
660664,images/real/스트리트/660664.jpg,1,아우터,아우터|상의|하의,real,kfashion,,스트리트,phash_740,,train
122340,images/real/스트리트/122340.jpg,1,아우터,아우터|상의|하의,real,kfashion,,스트리트,POUND_039,,train
143809,images/real/프레피/143809.jpg,1,아우터,아우터|하의,real,kfashion,,프레피,Dokae_851,,train
1127505,images/real/스트리트/1127505.jpg,1,아우터,아우터,real,kfashion,,스트리트,phash_741,,val
502810,images/real/페미닌/502810.jpg,1,아우터,아우터|상의,real,kfashion,,페미닌,phash_742,,test
149211,images/real/스트리트/149211.jpg,1,아우터,아우터|상의|하의,real,kfashion,,스트리트,Dokae_1225,,train
197059,images/real/소피스트케이티드/197059.jpg,1,아우터,아우터|상의|하의,real,kfashion,,소피스트케이티드,Dduddu_372,,train
819633,images/real/페미닌/819633.jpg,1,아우터,아우터|상의|하의,real,kfashion,,페미닌,phash_743,,train
594741,images/real/모던/594741.jpg,1,아우터,아우터,real,kfashion,,모던,phash_744,,val
801545,images/real/페미닌/801545.jpg,1,아우터,아우터|상의|하의,real,kfashion,,페미닌,phash_745,,test
679101,images/real/리조트/679101.jpg,1,아우터,아우터|하의,real,kfashion,,리조트,phash_746,,train
376473,images/real/스트리트/376473.jpg,1,아우터,아우터|상의|하의,real,kfashion,,스트리트,u_157191407491316200,,val
977241,images/real/스트리트/977241.jpg,1,아우터,아우터|상의,real,kfashion,,스트리트,phash_747,,val
309442,images/real/리조트/309442.jpg,1,아우터,아우터,real,kfashion,,리조트,phash_748,,test
854327,images/real/클래식/854327.jpg,1,아우터,아우터,real,kfashion,,클래식,phash_749,,train
709734,images/real/스트리트/709734.jpg,1,아우터,아우터|하의,real,kfashion,,스트리트,phash_750,,val
810874,images/real/섹시/810874.jpg,1,아우터,아우터|하의,real,kfashion,,섹시,phash_751,,test
492359,images/real/모던/492359.jpg,1,아우터,아우터,real,kfashion,,모던,phash_752,,train
366459,images/real/스트리트/366459.jpg,1,아우터,아우터,real,kfashion,,스트리트,phash_753,,val
492742,images/real/스트리트/492742.jpg,1,아우터,아우터|상의|하의,real,kfashion,,스트리트,phash_754,,test
900268,images/real/스트리트/900268.jpg,1,아우터,아우터|하의,real,kfashion,,스트리트,phash_755,,train
1061182,images/real/스트리트/1061182.jpg,1,아우터,아우터,real,kfashion,,스트리트,phash_756,,val
1156502,images/real/스트리트/1156502.jpg,1,아우터,아우터|상의|하의,real,kfashion,,스트리트,phash_757,,test
998676,images/real/섹시/998676.jpg,1,아우터,아우터|상의|하의,real,kfashion,,섹시,phash_758,,train
206688,images/real/클래식/206688.jpg,1,아우터,아우터|하의,real,kfashion,,클래식,phash_759,,val
711110,images/real/스트리트/711110.jpg,1,아우터,아우터,real,kfashion,,스트리트,phash_760,,test
1231987,images/real/클래식/1231987.jpg,1,아우터,아우터|하의,real,kfashion,,클래식,phash_761,,train
577449,images/real/컨트리/577449.jpg,1,아우터,아우터,real,kfashion,,컨트리,phash_762,,val
270041,images/real/스트리트/270041.jpg,1,아우터,아우터,real,kfashion,,스트리트,Mimo_081,,train
1033017,images/real/스트리트/1033017.jpg,1,아우터,아우터|하의,real,kfashion,,스트리트,phash_763,,test
171807,images/real/스트리트/171807.jpg,1,아우터,아우터,real,kfashion,,스트리트,phash_764,,train
943818,images/real/젠더리스/943818.jpg,1,아우터,아우터,real,kfashion,,젠더리스,phash_765,,val
366482,images/real/스트리트/366482.jpg,1,아우터,아우터,real,kfashion,,스트리트,phash_766,,test
560002,images/real/스트리트/560002.jpg,1,아우터,아우터,real,kfashion,,스트리트,phash_767,,train
898340,images/real/모던/898340.jpg,1,아우터,아우터|하의,real,kfashion,,모던,phash_768,,val
166417,images/real/젠더리스/166417.jpg,1,아우터,아우터,real,kfashion,,젠더리스,PitAPat_006,,train
17471,images/real/모던/17471.jpg,1,아우터,아우터,real,kfashion,,모던,phash_769,,test
368745,images/real/소피스트케이티드/368745.jpg,1,아우터,아우터,real,kfashion,,소피스트케이티드,phash_770,,train
1247671,images/real/스트리트/1247671.jpg,1,아우터,아우터,real,kfashion,,스트리트,phash_771,,val
835678,images/real/스트리트/835678.jpg,1,아우터,아우터|하의,real,kfashion,,스트리트,phash_772,,test
420826,images/real/클래식/420826.jpg,1,아우터,아우터,real,kfashion,,클래식,phash_773,,train
711033,images/real/스트리트/711033.jpg,1,아우터,아우터,real,kfashion,,스트리트,phash_774,,val
506162,images/real/모던/506162.jpg,1,아우터,아우터|하의,real,kfashion,,모던,phash_775,,test
820458,images/real/스트리트/820458.jpg,1,아우터,아우터|하의,real,kfashion,,스트리트,phash_776,,train
689257,images/real/로맨틱/689257.jpg,1,아우터,아우터,real,kfashion,,로맨틱,phash_777,,val
210347,images/real/스트리트/210347.jpg,1,아우터,아우터,real,kfashion,,스트리트,phash_778,,test
150338,images/real/클래식/150338.jpg,1,아우터,아우터,real,kfashion,,클래식,dongwon_073,,train
164125,images/real/밀리터리/164125.jpg,1,아우터,아우터,real,kfashion,,밀리터리,LIME_127,,train
927009,images/real/스포티/927009.jpg,1,아우터,아우터|하의,real,kfashion,,스포티,phash_779,,train
720699,images/real/스트리트/720699.jpg,1,아우터,아우터|하의,real,kfashion,,스트리트,phash_780,,val
207405,images/real/스트리트/207405.jpg,1,아우터,아우터,real,kfashion,,스트리트,Forme_385,,train
926260,images/real/클래식/926260.jpg,1,아우터,아우터|상의|하의,real,kfashion,,클래식,phash_781,,test
764390,images/real/스트리트/764390.jpg,1,아우터,아우터|상의|하의,real,kfashion,,스트리트,phash_782,,train
884698,images/real/프레피/884698.jpg,1,아우터,아우터|하의,real,kfashion,,프레피,phash_783,,val
729712,images/real/스트리트/729712.jpg,1,아우터,아우터|상의|하의,real,kfashion,,스트리트,phash_784,,test
805645,images/real/모던/805645.jpg,1,아우터,아우터|하의,real,kfashion,,모던,phash_785,,train
1294454,images/real/스트리트/1294454.jpg,1,아우터,아우터|상의|하의,real,kfashion,,스트리트,phash_786,,val
291796,images/real/젠더리스/291796.jpg,1,아우터,아우터|상의|하의,real,kfashion,,젠더리스,BERTI_005,,train
1175004,images/real/리조트/1175004.jpg,1,아우터,아우터|상의,real,kfashion,,리조트,phash_787,,test
367358,images/real/페미닌/367358.jpg,1,아우터,아우터|하의,real,kfashion,,페미닌,u_157171363555536000,,train
493275,images/real/클래식/493275.jpg,1,아우터,아우터,real,kfashion,,클래식,phash_788,,train
494909,images/real/스트리트/494909.jpg,1,아우터,아우터|상의,real,kfashion,,스트리트,phash_789,,val
1173478,images/real/페미닌/1173478.jpg,1,아우터,아우터|상의,real,kfashion,,페미닌,phash_790,,test
1233238,images/real/스트리트/1233238.jpg,1,아우터,아우터|상의|하의,real,kfashion,,스트리트,phash_791,,train
1129005,images/real/모던/1129005.jpg,1,아우터,아우터|상의|하의,real,kfashion,,모던,phash_792,,val
997622,images/real/페미닌/997622.jpg,1,아우터,아우터|하의,real,kfashion,,페미닌,phash_793,,test
105642,images/real/젠더리스/105642.jpg,1,아우터,아우터,real,kfashion,,젠더리스,phash_794,,train
372499,images/real/스트리트/372499.jpg,1,아우터,아우터,real,kfashion,,스트리트,u_155323907991352700,,test
881919,images/real/스트리트/881919.jpg,1,아우터,아우터|하의,real,kfashion,,스트리트,phash_795,,val
941251,images/real/모던/941251.jpg,1,아우터,아우터,real,kfashion,,모던,phash_796,,test
314461,images/real/소피스트케이티드/314461.jpg,1,아우터,아우터|상의|하의,real,kfashion,,소피스트케이티드,BLEE_222,,train
1056757,images/real/매니시/1056757.jpg,1,아우터,아우터|상의|하의,real,kfashion,,매니시,phash_797,,train
45367,images/real/리조트/45367.jpg,1,아우터,아우터,real,kfashion,,리조트,phash_798,,val
373550,images/real/스트리트/373550.jpg,1,아우터,아우터|상의|하의,real,kfashion,,스트리트,u_155850866545847500,,test
213494,images/real/컨트리/213494.jpg,1,아우터,아우터|상의,real,kfashion,,컨트리,phash_799,,test
918978,images/real/모던/918978.jpg,1,아우터,아우터|하의,real,kfashion,,모던,phash_800,,train
594751,images/real/모던/594751.jpg,1,아우터,아우터,real,kfashion,,모던,phash_801,,val
1300741,images/real/스트리트/1300741.jpg,1,아우터,아우터|하의,real,kfashion,,스트리트,phash_802,,test
163717,images/real/클래식/163717.jpg,1,아우터,아우터,real,kfashion,,클래식,LIME_037,,train
1247820,images/real/소피스트케이티드/1247820.jpg,1,아우터,아우터,real,kfashion,,소피스트케이티드,phash_803,,train
796836,images/real/스트리트/796836.jpg,1,아우터,아우터|하의,real,kfashion,,스트리트,phash_804,,val
675794,images/real/스포티/675794.jpg,1,아우터,아우터|상의|하의,real,kfashion,,스포티,phash_805,,test
727227,images/real/스트리트/727227.jpg,1,아우터,아우터|상의|하의,real,kfashion,,스트리트,phash_806,,train
228272,images/real/클래식/228272.jpg,1,아우터,아우터|하의,real,kfashion,,클래식,penny_350,,train
922944,images/real/스트리트/922944.jpg,1,아우터,아우터|하의,real,kfashion,,스트리트,phash_807,,val
953534,images/real/클래식/953534.jpg,1,아우터,아우터|하의,real,kfashion,,클래식,phash_808,,test
1021581,images/real/스트리트/1021581.jpg,1,아우터,아우터|상의|하의,real,kfashion,,스트리트,phash_809,,train
898255,images/real/스트리트/898255.jpg,1,아우터,아우터|상의|하의,real,kfashion,,스트리트,phash_810,,val
622841,images/real/모던/622841.jpg,1,아우터,아우터|하의,real,kfashion,,모던,u_157171363555536000,,train
1224082,images/real/컨트리/1224082.jpg,1,아우터,아우터|상의|하의,real,kfashion,,컨트리,phash_811,,test
170511,images/real/페미닌/170511.jpg,1,아우터,아우터|상의|하의,real,kfashion,,페미닌,doorim_1242,,train
881802,images/real/스트리트/881802.jpg,1,아우터,아우터|하의,real,kfashion,,스트리트,phash_812,,train
310887,images/real/스트리트/310887.jpg,1,아우터,아우터,real,kfashion,,스트리트,KakaoTalk_20190223,,train
278871,images/real/리조트/278871.jpg,1,아우터,아우터|상의|하의,real,kfashion,,리조트,MUN_1022,,train
726551,images/real/스트리트/726551.jpg,1,아우터,아우터|하의,real,kfashion,,스트리트,phash_813,,val
1222319,images/real/스트리트/1222319.jpg,1,아우터,아우터,real,kfashion,,스트리트,phash_814,,test
986593,images/real/스트리트/986593.jpg,1,아우터,아우터|하의,real,kfashion,,스트리트,phash_815,,train
993234,images/real/스트리트/993234.jpg,1,아우터,아우터|상의|하의,real,kfashion,,스트리트,phash_700,,train
1306818,images/real/스트리트/1306818.jpg,1,아우터,아우터|상의,real,kfashion,,스트리트,phash_816,,val
704220,images/real/스트리트/704220.jpg,1,아우터,아우터|하의,real,kfashion,,스트리트,phash_817,,test
654109,images/real/모던/654109.jpg,1,아우터,아우터,real,kfashion,,모던,phash_818,,train
71407,images/real/스트리트/71407.jpg,1,아우터,아우터|상의|하의,real,kfashion,,스트리트,Common_073,,train
277650,images/real/클래식/277650.jpg,1,아우터,아우터|상의|하의,real,kfashion,,클래식,MUN_939,,train
694023,images/real/스트리트/694023.jpg,1,아우터,아우터,real,kfashion,,스트리트,phash_819,,val
1070784,images/real/모던/1070784.jpg,1,아우터,아우터|상의,real,kfashion,,모던,phash_820,,test
839172,images/real/스트리트/839172.jpg,1,아우터,아우터|하의,real,kfashion,,스트리트,phash_821,,train
28197,images/real/스트리트/28197.jpg,1,아우터,아우터,real,kfashion,,스트리트,MARIE_002,,train
1127324,images/real/스트리트/1127324.jpg,1,아우터,아우터,real,kfashion,,스트리트,phash_822,,val
123927,images/real/밀리터리/123927.jpg,1,아우터,아우터,real,kfashion,,밀리터리,Tirang_018,,train
926714,images/real/스포티/926714.jpg,1,아우터,아우터|하의,real,kfashion,,스포티,phash_823,,test
552420,images/real/모던/552420.jpg,1,아우터,아우터|하의,real,kfashion,,모던,phash_824,,train
1183170,images/real/스트리트/1183170.jpg,1,아우터,아우터|상의|하의,real,kfashion,,스트리트,phash_825,,val
1003809,images/real/힙합/1003809.jpg,1,아우터,아우터|하의,real,kfashion,,힙합,phash_826,,test
1142637,images/real/히피/1142637.jpg,1,아우터,아우터|상의|하의,real,kfashion,,히피,phash_827,,train
369686,images/real/톰보이/369686.jpg,1,아우터,아우터|상의|하의,real,kfashion,,톰보이,phash_828,,val
1053076,images/real/리조트/1053076.jpg,1,아우터,아우터|하의,real,kfashion,,리조트,phash_829,,test
352536,images/real/매니시/352536.jpg,1,아우터,아우터,real,kfashion,,매니시,u_150954934047842200,,val
54239,images/real/스트리트/54239.jpg,1,아우터,아우터|상의,real,kfashion,,스트리트,banhana_286,,train
1330003,images/real/스트리트/1330003.jpg,1,아우터,아우터|상의,real,kfashion,,스트리트,phash_830,,train
354679,images/real/밀리터리/354679.jpg,1,아우터,아우터,real,kfashion,,밀리터리,u_157000692531377100,,val
582199,images/real/클래식/582199.jpg,1,아우터,아우터,real,kfashion,,클래식,phash_831,,val
1172949,images/real/스트리트/1172949.jpg,1,아우터,아우터,real,kfashion,,스트리트,phash_832,,test
1237543,images/real/모던/1237543.jpg,1,아우터,아우터|상의|하의,real,kfashion,,모던,phash_833,,train
376249,images/real/클래식/376249.jpg,1,아우터,아우터,real,kfashion,,클래식,u_156956384530091400,,test
1176104,images/real/스트리트/1176104.jpg,1,아우터,아우터,real,kfashion,,스트리트,phash_834,,val
949424,images/real/클래식/949424.jpg,1,아우터,아우터,real,kfashion,,클래식,phash_835,,test
1220939,images/real/스트리트/1220939.jpg,1,아우터,아우터|상의|하의,real,kfashion,,스트리트,phash_836,,train
1287893,images/real/스트리트/1287893.jpg,1,아우터,아우터|상의|하의,real,kfashion,,스트리트,phash_837,,val
49914,images/real/스트리트/49914.jpg,1,아우터,아우터|상의,real,kfashion,,스트리트,banhana_045,,train
863183,images/real/소피스트케이티드/863183.jpg,1,아우터,아우터,real,kfashion,,소피스트케이티드,phash_838,,test
162523,images/real/톰보이/162523.jpg,1,아우터,아우터|하의,real,kfashion,,톰보이,phash_839,,train
527963,images/real/레트로/527963.jpg,1,아우터,아우터|상의|하의,real,kfashion,,레트로,phash_840,,val
30037,images/real/스트리트/30037.jpg,1,아우터,아우터|상의,real,kfashion,,스트리트,marsh_115,,train
760162,images/real/소피스트케이티드/760162.jpg,1,아우터,아우터|상의|하의,real,kfashion,,소피스트케이티드,phash_841,,test
1194129,images/real/섹시/1194129.jpg,1,아우터,아우터|상의,real,kfashion,,섹시,phash_842,,train
228279,images/real/클래식/228279.jpg,1,아우터,아우터|하의,real,kfashion,,클래식,phash_843,,val
149270,images/real/스트리트/149270.jpg,1,아우터,아우터,real,kfashion,,스트리트,dongwon_001,,train
1059729,images/real/스트리트/1059729.jpg,1,아우터,아우터|하의,real,kfashion,,스트리트,phash_844,,test
837210,images/real/모던/837210.jpg,1,아우터,아우터|상의,real,kfashion,,모던,phash_845,,train
1221798,images/real/리조트/1221798.jpg,1,아우터,아우터|하의,real,kfashion,,리조트,phash_846,,val
897281,images/real/섹시/897281.jpg,1,아우터,아우터|하의,real,kfashion,,섹시,phash_847,,test
723346,images/real/로맨틱/723346.jpg,1,아우터,아우터|하의,real,kfashion,,로맨틱,phash_848,,train
690058,images/real/스트리트/690058.jpg,1,아우터,아우터|상의|하의,real,kfashion,,스트리트,phash_849,,val
1311559,images/real/스트리트/1311559.jpg,1,아우터,아우터|상의,real,kfashion,,스트리트,phash_850,,test
961103,images/real/클래식/961103.jpg,1,아우터,아우터|하의,real,kfashion,,클래식,phash_851,,train
490796,images/real/스트리트/490796.jpg,1,아우터,아우터|상의|하의,real,kfashion,,스트리트,phash_852,,val
754093,images/real/로맨틱/754093.jpg,1,아우터,아우터|상의|하의,real,kfashion,,로맨틱,phash_853,,test
105888,images/real/스트리트/105888.jpg,1,아우터,아우터,real,kfashion,,스트리트,phash_854,,train
212960,images/real/스트리트/212960.jpg,1,아우터,아우터,real,kfashion,,스트리트,habanjang_273,,train
422216,images/real/매니시/422216.jpg,1,아우터,아우터,real,kfashion,,매니시,phash_855,,val
3752,images/real/밀리터리/3752.jpg,1,아우터,아우터,real,kfashion,,밀리터리,Amaker_031,,train
926101,images/real/스트리트/926101.jpg,1,아우터,아우터|상의|하의,real,kfashion,,스트리트,phash_856,,test
116104,images/real/클래식/116104.jpg,1,아우터,아우터,real,kfashion,,클래식,Oseed_010,,train
885658,images/real/모던/885658.jpg,1,아우터,아우터,real,kfashion,,모던,phash_857,,train
1130467,images/real/모던/1130467.jpg,1,아우터,아우터|하의,real,kfashion,,모던,phash_858,,val
582178,images/real/젠더리스/582178.jpg,1,아우터,아우터,real,kfashion,,젠더리스,phash_859,,test
113049,images/real/스포티/113049.jpg,1,아우터,아우터|상의|하의,real,kfashion,,스포티,phash_860,,train
70212,images/real/스트리트/70212.jpg,1,아우터,아우터|상의,real,kfashion,,스트리트,comes_007,,train
1029585,images/real/클래식/1029585.jpg,1,아우터,아우터|하의,real,kfashion,,클래식,phash_861,,val
1032814,images/real/톰보이/1032814.jpg,1,아우터,아우터|하의,real,kfashion,,톰보이,phash_862,,test
820390,images/real/모던/820390.jpg,1,아우터,아우터,real,kfashion,,모던,phash_863,,train
355553,images/real/스포티/355553.jpg,1,아우터,아우터|상의,real,kfashion,,스포티,u_157165103484879600,,val
703903,images/real/컨트리/703903.jpg,1,아우터,아우터,real,kfashion,,컨트리,phash_864,,val
1233583,images/real/스트리트/1233583.jpg,1,아우터,아우터|상의|하의,real,kfashion,,스트리트,phash_865,,test
143650,images/real/페미닌/143650.jpg,1,아우터,아우터,real,kfashion,,페미닌,Dokae_842,,train
923900,images/real/리조트/923900.jpg,1,아우터,아우터|상의|하의,real,kfashion,,리조트,phash_866,,train
1118120,images/real/클래식/1118120.jpg,1,아우터,아우터,real,kfashion,,클래식,phash_867,,val
372098,images/real/스트리트/372098.jpg,1,아우터,아우터,real,kfashion,,스트리트,u_155194541871250500,,train
820570,images/real/아방가르드/820570.jpg,1,아우터,아우터,real,kfashion,,아방가르드,phash_868,,test
201339,images/real/리조트/201339.jpg,1,아우터,아우터,real,kfashion,,리조트,FallingJ_021,,train
1096801,images/real/모던/1096801.jpg,1,아우터,아우터|상의|하의,real,kfashion,,모던,phash_869,,train
801236,images/real/젠더리스/801236.jpg,1,아우터,아우터|상의,real,kfashion,,젠더리스,phash_870,,val
847169,images/real/스트리트/847169.jpg,1,아우터,아우터,real,kfashion,,스트리트,phash_871,,test
942791,images/real/스트리트/942791.jpg,1,아우터,아우터|하의,real,kfashion,,스트리트,phash_872,,train
780464,images/real/모던/780464.jpg,1,아우터,아우터|하의,real,kfashion,,모던,phash_518,,train
1248438,images/real/컨트리/1248438.jpg,1,아우터,아우터|상의,real,kfashion,,컨트리,phash_873,,val
986940,images/real/스트리트/986940.jpg,1,아우터,아우터|상의|하의,real,kfashion,,스트리트,phash_874,,test
145007,images/real/모던/145007.jpg,1,아우터,아우터|상의|하의,real,kfashion,,모던,Dokae_934,,train
300558,images/real/모던/300558.jpg,1,아우터,아우터|상의|하의,real,kfashion,,모던,babyshu_078,,train
489245,images/real/스트리트/489245.jpg,1,아우터,아우터|상의|하의,real,kfashion,,스트리트,phash_875,,train
1137471,images/real/페미닌/1137471.jpg,1,아우터,아우터|하의,real,kfashion,,페미닌,phash_876,,val
89750,images/real/소피스트케이티드/89750.jpg,1,아우터,아우터|상의,real,kfashion,,소피스트케이티드,LIME_1865,,train
1152439,images/real/모던/1152439.jpg,1,아우터,아우터|상의|하의,real,kfashion,,모던,phash_877,,test
366769,images/real/밀리터리/366769.jpg,1,아우터,아우터|하의,real,kfashion,,밀리터리,phash_878,,train
277433,images/real/스트리트/277433.jpg,1,아우터,아우터,real,kfashion,,스트리트,MUN_925,,train
712358,images/real/페미닌/712358.jpg,1,아우터,아우터|상의|하의,real,kfashion,,페미닌,phash_879,,val
946010,images/real/페미닌/946010.jpg,1,아우터,아우터,real,kfashion,,페미닌,phash_880,,test
945391,images/real/클래식/945391.jpg,1,아우터,아우터|하의,real,kfashion,,클래식,phash_881,,train
323697,images/real/클래식/323697.jpg,1,아우터,아우터,real,kfashion,,클래식,sara_070,,test
491666,images/real/스트리트/491666.jpg,1,아우터,아우터|하의,real,kfashion,,스트리트,phash_882,,val
764150,images/real/스트리트/764150.jpg,1,아우터,아우터|상의|하의,real,kfashion,,스트리트,phash_883,,test
433185,images/real/톰보이/433185.jpg,1,아우터,아우터|상의,real,kfashion,,톰보이,Tonenton_018,,train
1223519,images/real/클래식/1223519.jpg,1,아우터,아우터|상의,real,kfashion,,클래식,phash_884,,train
363309,images/real/스트리트/363309.jpg,1,아우터,아우터|상의,real,kfashion,,스트리트,Jamong_988,,train
676015,images/real/스포티/676015.jpg,1,아우터,아우터|상의,real,kfashion,,스포티,phash_885,,val
818509,images/real/컨트리/818509.jpg,1,아우터,아우터,real,kfashion,,컨트리,phash_886,,test
1062053,images/real/페미닌/1062053.jpg,1,아우터,아우터|상의|하의,real,kfashion,,페미닌,phash_887,,train
952125,images/real/스트리트/952125.jpg,1,아우터,아우터|하의,real,kfashion,,스트리트,phash_888,,val
650017,images/real/모던/650017.jpg,1,아우터,아우터,real,kfashion,,모던,phash_889,,test
892098,images/real/모던/892098.jpg,1,아우터,아우터|상의|하의,real,kfashion,,모던,phash_890,,train
366492,images/real/클래식/366492.jpg,1,아우터,아우터,real,kfashion,,클래식,phash_891,,val
1217119,images/real/스트리트/1217119.jpg,1,아우터,아우터|상의|하의,real,kfashion,,스트리트,phash_892,,test
950837,images/real/스트리트/950837.jpg,1,아우터,아우터|하의,real,kfashion,,스트리트,phash_893,,train
321020,images/real/스포티/321020.jpg,1,아우터,아우터|상의,real,kfashion,,스포티,phash_894,,val
1256142,images/real/스트리트/1256142.jpg,1,아우터,아우터|상의|하의,real,kfashion,,스트리트,phash_895,,test
89670,images/real/스트리트/89670.jpg,1,아우터,아우터,real,kfashion,,스트리트,LIME_1862,,train
560072,images/real/스트리트/560072.jpg,1,아우터,아우터,real,kfashion,,스트리트,phash_896,,train
645485,images/real/스포티/645485.jpg,1,아우터,아우터,real,kfashion,,스포티,phash_897,,val
841850,images/real/스트리트/841850.jpg,1,아우터,아우터|하의,real,kfashion,,스트리트,phash_898,,test
903225,images/real/스트리트/903225.jpg,1,아우터,아우터|하의,real,kfashion,,스트리트,phash_899,,train
582495,images/real/모던/582495.jpg,1,아우터,아우터,real,kfashion,,모던,phash_900,,val
400464,images/real/스트리트/400464.jpg,1,아우터,아우터,real,kfashion,,스트리트,Awesomebly_010,,train
944543,images/real/스트리트/944543.jpg,1,아우터,아우터|하의,real,kfashion,,스트리트,phash_901,,test
400454,images/real/스트리트/400454.jpg,1,아우터,아우터,real,kfashion,,스트리트,Awesomebly_009,,train
166128,images/real/스트리트/166128.jpg,1,아우터,아우터,real,kfashion,,스트리트,Pd_002,,train
740134,images/real/스트리트/740134.jpg,1,아우터,아우터|하의,real,kfashion,,스트리트,phash_902,,train
1007376,images/real/스트리트/1007376.jpg,1,아우터,아우터|상의|하의,real,kfashion,,스트리트,phash_903,,val
43303,images/real/젠더리스/43303.jpg,1,아우터,아우터|하의,real,kfashion,,젠더리스,MUO_001,,train
1189369,images/real/모던/1189369.jpg,1,아우터,아우터|상의|하의,real,kfashion,,모던,phash_904,,test
546090,images/real/모던/546090.jpg,1,아우터,아우터,real,kfashion,,모던,phash_905,,train
369559,images/real/모던/369559.jpg,1,아우터,아우터,real,kfashion,,모던,phash_906,,val
568442,images/real/모던/568442.jpg,1,아우터,아우터|상의|하의,real,kfashion,,모던,phash_1258,,train
954982,images/real/스트리트/954982.jpg,1,아우터,아우터|상의,real,kfashion,,스트리트,phash_907,,test
593062,images/real/모던/593062.jpg,1,아우터,아우터|상의|하의,real,kfashion,,모던,phash_908,,train
733624,images/real/스트리트/733624.jpg,1,아우터,아우터|상의|하의,real,kfashion,,스트리트,phash_909,,val
1298510,images/real/섹시/1298510.jpg,1,아우터,아우터|상의|하의,real,kfashion,,섹시,phash_910,,test
418319,images/real/클래식/418319.jpg,1,아우터,아우터|하의,real,kfashion,,클래식,JEWERLY_041,,train
1049572,images/real/모던/1049572.jpg,1,아우터,아우터|상의|하의,real,kfashion,,모던,phash_911,,train
949457,images/real/클래식/949457.jpg,1,아우터,아우터,real,kfashion,,클래식,phash_912,,val
50571,images/real/클래식/50571.jpg,1,아우터,아우터|상의|하의,real,kfashion,,클래식,banhana_086,,train
50980,images/real/클래식/50980.jpg,1,아우터,아우터|하의,real,kfashion,,클래식,banhana_111,,train
509376,images/real/스트리트/509376.jpg,1,아우터,아우터|상의|하의,real,kfashion,,스트리트,phash_913,,test
123977,images/real/밀리터리/123977.jpg,1,아우터,아우터,real,kfashion,,밀리터리,Tirang_020,,train
890297,images/real/스트리트/890297.jpg,1,아우터,아우터|상의|하의,real,kfashion,,스트리트,phash_914,,train
664910,images/real/스트리트/664910.jpg,1,아우터,아우터,real,kfashion,,스트리트,phash_915,,val
929233,images/real/스트리트/929233.jpg,1,아우터,아우터|상의|하의,real,kfashion,,스트리트,phash_916,,test
377666,images/real/매니시/377666.jpg,1,아우터,아우터|하의,real,kfashion,,매니시,u_157369770063731200,,val
880290,images/real/톰보이/880290.jpg,1,아우터,아우터,real,kfashion,,톰보이,phash_917,,train
400429,images/real/스트리트/400429.jpg,1,아우터,아우터,real,kfashion,,스트리트,phash_918,,val
655112,images/real/스트리트/655112.jpg,1,아우터,아우터|상의|하의,real,kfashion,,스트리트,phash_919,,test
737636,images/real/모던/737636.jpg,1,아우터,아우터|상의|하의,real,kfashion,,모던,phash_48,,train
834339,images/real/클래식/834339.jpg,1,아우터,아우터,real,kfashion,,클래식,phash_920,,train
900379,images/real/컨트리/900379.jpg,1,아우터,아우터|상의|하의,real,kfashion,,컨트리,phash_921,,val
1190371,images/real/스트리트/1190371.jpg,1,아우터,아우터|상의|하의,real,kfashion,,스트리트,phash_922,,test
1023165,images/real/스트리트/1023165.jpg,1,아우터,아우터,real,kfashion,,스트리트,phash_923,,train
950858,images/real/젠더리스/950858.jpg,1,아우터,아우터|하의,real,kfashion,,젠더리스,phash_924,,val
1246902,images/real/스트리트/1246902.jpg,1,아우터,아우터|상의|하의,real,kfashion,,스트리트,phash_925,,test
802855,images/real/모던/802855.jpg,1,아우터,아우터,real,kfashion,,모던,phash_926,,train
648148,images/real/스트리트/648148.jpg,1,아우터,아우터,real,kfashion,,스트리트,phash_927,,val
418030,images/real/클래식/418030.jpg,1,아우터,아우터,real,kfashion,,클래식,JEWELRY_021,,train
715674,images/real/스트리트/715674.jpg,1,아우터,아우터,real,kfashion,,스트리트,phash_928,,test
897070,images/real/모던/897070.jpg,1,아우터,아우터|하의,real,kfashion,,모던,phash_929,,train
305818,images/real/스트리트/305818.jpg,1,아우터,아우터|상의|하의,real,kfashion,,스트리트,Blondie_120,,train
768000,images/real/클래식/768000.jpg,1,아우터,아우터|상의|하의,real,kfashion,,클래식,phash_930,,val
1248307,images/real/스트리트/1248307.jpg,1,아우터,아우터,real,kfashion,,스트리트,phash_931,,test
949634,images/real/스트리트/949634.jpg,1,아우터,아우터|하의,real,kfashion,,스트리트,phash_932,,train
492689,images/real/클래식/492689.jpg,1,아우터,아우터|상의,real,kfashion,,클래식,phash_933,,val
52856,images/real/페미닌/52856.jpg,1,아우터,아우터|상의,real,kfashion,,페미닌,phash_934,,test
1313385,images/real/페미닌/1313385.jpg,1,아우터,아우터|상의|하의,real,kfashion,,페미닌,phash_935,,train
418866,images/real/클래식/418866.jpg,1,아우터,아우터,real,kfashion,,클래식,JEWERLY_078,,train
1224678,images/real/리조트/1224678.jpg,1,아우터,아우터|상의,real,kfashion,,리조트,phash_936,,val
1161486,images/real/페미닌/1161486.jpg,1,아우터,아우터|상의|하의,real,kfashion,,페미닌,phash_937,,test
231863,images/real/스트리트/231863.jpg,1,아우터,아우터|상의|하의,real,kfashion,,스트리트,PURPLE_008,,train
1335900,images/real/리조트/1335900.jpg,1,아우터,아우터|상의|하의,real,kfashion,,리조트,phash_938,,train
1101374,images/real/스트리트/1101374.jpg,1,아우터,아우터|상의,real,kfashion,,스트리트,phash_939,,val
2738,images/real/스트리트/2738.jpg,1,아우터,아우터|하의,real,kfashion,,스트리트,phash_940,,test
376491,images/real/스트리트/376491.jpg,1,아우터,아우터|상의|하의,real,kfashion,,스트리트,u_157191501961459100,,test
568817,images/real/스트리트/568817.jpg,1,아우터,아우터,real,kfashion,,스트리트,phash_941,,train
65369,images/real/스트리트/65369.jpg,1,아우터,아우터,real,kfashion,,스트리트,jowon_008,,train
1163056,images/real/로맨틱/1163056.jpg,1,아우터,아우터|상의|하의,real,kfashion,,로맨틱,phash_942,,val
1102478,images/real/스트리트/1102478.jpg,1,아우터,아우터|하의,real,kfashion,,스트리트,phash_943,,test
694121,images/real/소피스트케이티드/694121.jpg,1,아우터,아우터|상의|하의,real,kfashion,,소피스트케이티드,phash_944,,train
606936,images/real/클래식/606936.jpg,1,아우터,아우터|하의,real,kfashion,,클래식,phash_945,,val
846370,images/real/스트리트/846370.jpg,1,아우터,아우터,real,kfashion,,스트리트,phash_946,,test
1248719,images/real/모던/1248719.jpg,1,아우터,아우터|상의,real,kfashion,,모던,phash_573,,train
492889,images/real/소피스트케이티드/492889.jpg,1,아우터,아우터|상의|하의,real,kfashion,,소피스트케이티드,phash_947,,train
949717,images/real/페미닌/949717.jpg,1,아우터,아우터,real,kfashion,,페미닌,phash_948,,val
169353,images/real/리조트/169353.jpg,1,아우터,아우터|상의,real,kfashion,,리조트,PRS_872,,train
553052,images/real/모던/553052.jpg,1,아우터,아우터,real,kfashion,,모던,phash_949,,test
1223371,images/real/클래식/1223371.jpg,1,아우터,아우터|상의|하의,real,kfashion,,클래식,phash_950,,train
1217301,images/real/스트리트/1217301.jpg,1,아우터,아우터|하의,real,kfashion,,스트리트,phash_951,,val
750922,images/real/스트리트/750922.jpg,1,아우터,아우터|하의,real,kfashion,,스트리트,phash_952,,test
924292,images/real/스트리트/924292.jpg,1,아우터,아우터|상의,real,kfashion,,스트리트,phash_953,,train
675795,images/real/스포티/675795.jpg,1,아우터,아우터|상의|하의,real,kfashion,,스포티,phash_954,,val
573848,images/real/스트리트/573848.jpg,1,아우터,아우터,real,kfashion,,스트리트,phash_955,,test
1027634,images/real/스트리트/1027634.jpg,1,아우터,아우터|하의,real,kfashion,,스트리트,phash_956,,train
725767,images/real/스트리트/725767.jpg,1,아우터,아우터|하의,real,kfashion,,스트리트,phash_957,,val
384168,images/real/스트리트/384168.jpg,1,아우터,아우터|상의,real,kfashion,,스트리트,u_152404197350681100,,test
491172,images/real/스트리트/491172.jpg,1,아우터,아우터,real,kfashion,,스트리트,phash_958,,test
665113,images/real/클래식/665113.jpg,1,아우터,아우터|하의,real,kfashion,,클래식,phash_959,,train
227376,images/real/톰보이/227376.jpg,1,아우터,아우터|상의,real,kfashion,,톰보이,penny_267,,train
366759,images/real/모던/366759.jpg,1,아우터,아우터,real,kfashion,,모던,phash_960,,val
490007,images/real/매니시/490007.jpg,1,아우터,아우터,real,kfashion,,매니시,phash_961,,test
1026706,images/real/스트리트/1026706.jpg,1,아우터,아우터|하의,real,kfashion,,스트리트,phash_962,,train
1027635,images/real/스트리트/1027635.jpg,1,아우터,아우터|하의,real,kfashion,,스트리트,phash_963,,val
318677,images/real/페미닌/318677.jpg,1,아우터,아우터|상의|하의,real,kfashion,,페미닌,id_697,,train
318794,images/real/매니시/318794.jpg,1,아우터,아우터|상의,real,kfashion,,매니시,id_706,,train
320196,images/real/모던/320196.jpg,1,아우터,아우터,real,kfashion,,모던,id_788,,train
268175,images/real/스트리트/268175.jpg,1,아우터,아우터|상의,real,kfashion,,스트리트,phash_964,,test
986156,images/real/스트리트/986156.jpg,1,아우터,아우터|하의,real,kfashion,,스트리트,phash_965,,train
932130,images/real/스트리트/932130.jpg,1,아우터,아우터|상의|하의,real,kfashion,,스트리트,phash_966,,val
1103342,images/real/컨트리/1103342.jpg,1,아우터,아우터|상의|하의,real,kfashion,,컨트리,phash_967,,test
1113435,images/real/페미닌/1113435.jpg,1,아우터,아우터,real,kfashion,,페미닌,phash_968,,train
979062,images/real/스트리트/979062.jpg,1,아우터,아우터|상의|하의,real,kfashion,,스트리트,girlis_778,,train
897451,images/real/스트리트/897451.jpg,1,아우터,아우터|상의|하의,real,kfashion,,스트리트,phash_969,,val
273567,images/real/스트리트/273567.jpg,1,아우터,아우터|상의|하의,real,kfashion,,스트리트,MUN_675,,train
1220610,images/real/스트리트/1220610.jpg,1,아우터,아우터|상의,real,kfashion,,스트리트,phash_970,,test
1026745,images/real/클래식/1026745.jpg,1,아우터,아우터|하의,real,kfashion,,클래식,phash_971,,train
885783,images/real/모던/885783.jpg,1,아우터,아우터|상의|하의,real,kfashion,,모던,phash_972,,val
604361,images/real/스트리트/604361.jpg,1,아우터,아우터|하의,real,kfashion,,스트리트,phash_973,,test
950706,images/real/스트리트/950706.jpg,1,아우터,아우터|하의,real,kfashion,,스트리트,phash_974,,train
847145,images/real/모던/847145.jpg,1,아우터,아우터,real,kfashion,,모던,phash_975,,val
320736,images/real/스트리트/320736.jpg,1,아우터,아우터|상의|하의,real,kfashion,,스트리트,id_809,,train
853044,images/real/키치/853044.jpg,1,아우터,아우터|상의,real,kfashion,,키치,phash_976,,test
1128911,images/real/컨트리/1128911.jpg,1,아우터,아우터|상의|하의,real,kfashion,,컨트리,phash_977,,train
1172830,images/real/클래식/1172830.jpg,1,아우터,아우터,real,kfashion,,클래식,phash_978,,val
376262,images/real/스트리트/376262.jpg,1,아우터,아우터,real,kfashion,,스트리트,u_156956394747770100,,train
1056946,images/real/매니시/1056946.jpg,1,아우터,아우터|하의,real,kfashion,,매니시,phash_979,,test
1231928,images/real/스트리트/1231928.jpg,1,아우터,아우터|상의,real,kfashion,,스트리트,phash_980,,train
821593,images/real/스트리트/821593.jpg,1,아우터,아우터,real,kfashion,,스트리트,phash_981,,val
78067,images/real/톰보이/78067.jpg,1,아우터,아우터,real,kfashion,,톰보이,doorim_1242,,train
764938,images/real/매니시/764938.jpg,1,아우터,아우터|상의|하의,real,kfashion,,매니시,phash_982,,test
1186619,images/real/로맨틱/1186619.jpg,1,아우터,아우터|상의|하의,real,kfashion,,로맨틱,phash_983,,train
1171544,images/real/스트리트/1171544.jpg,1,아우터,아우터|상의|하의,real,kfashion,,스트리트,phash_984,,val
371713,images/real/스트리트/371713.jpg,1,아우터,아우터|상의,real,kfashion,,스트리트,u_15717142885888900,,test
1180827,images/real/스트리트/1180827.jpg,1,아우터,아우터|상의|하의,real,kfashion,,스트리트,phash_985,,test
203952,images/real/소피스트케이티드/203952.jpg,1,아우터,아우터|상의|하의,real,kfashion,,소피스트케이티드,FLY_317,,train
168401,images/real/스트리트/168401.jpg,1,아우터,아우터,real,kfashion,,스트리트,PRS_836,,train
349341,images/real/스트리트/349341.jpg,1,아우터,아우터|상의,real,kfashion,,스트리트,Viv_142,,train
49629,images/real/스트리트/49629.jpg,1,아우터,아우터|상의,real,kfashion,,스트리트,banhana_030,,train
1027164,images/real/밀리터리/1027164.jpg,1,아우터,아우터,real,kfashion,,밀리터리,phash_986,,train
1193399,images/real/로맨틱/1193399.jpg,1,아우터,아우터|상의,real,kfashion,,로맨틱,phash_987,,val
366642,images/real/컨트리/366642.jpg,1,아우터,아우터,real,kfashion,,컨트리,phash_988,,test
953148,images/real/스트리트/953148.jpg,1,아우터,아우터|상의|하의,real,kfashion,,스트리트,phash_989,,train
106167,images/real/스트리트/106167.jpg,1,아우터,아우터|상의,real,kfashion,,스트리트,phash_990,,val
952322,images/real/밀리터리/952322.jpg,1,아우터,아우터,real,kfashion,,밀리터리,phash_991,,test
763736,images/real/스트리트/763736.jpg,1,아우터,아우터|상의|하의,real,kfashion,,스트리트,phash_992,,train
1248859,images/real/클래식/1248859.jpg,1,아우터,아우터|상의|하의,real,kfashion,,클래식,phash_993,,val
1275755,images/real/스트리트/1275755.jpg,1,아우터,아우터|상의|하의,real,kfashion,,스트리트,phash_994,,test
509727,images/real/컨트리/509727.jpg,1,아우터,아우터|하의,real,kfashion,,컨트리,phash_995,,train
422357,images/real/클래식/422357.jpg,1,아우터,아우터|하의,real,kfashion,,클래식,phash_996,,val
668661,images/real/스트리트/668661.jpg,1,아우터,아우터|하의,real,kfashion,,스트리트,phash_997,,test
1327609,images/real/모던/1327609.jpg,1,아우터,아우터|하의,real,kfashion,,모던,phash_998,,train
834929,images/real/스트리트/834929.jpg,1,아우터,아우터,real,kfashion,,스트리트,phash_999,,val
877051,images/real/리조트/877051.jpg,1,아우터,아우터|하의,real,kfashion,,리조트,phash_1000,,train
962656,images/real/스트리트/962656.jpg,1,아우터,아우터,real,kfashion,,스트리트,phash_1001,,train
948416,images/real/로맨틱/948416.jpg,1,아우터,아우터,real,kfashion,,로맨틱,phash_1002,,train
1129100,images/real/웨스턴/1129100.jpg,1,아우터,아우터|상의|하의,real,kfashion,,웨스턴,phash_1003,,train
247544,images/real/모던/247544.jpg,1,아우터,아우터|상의|하의,real,kfashion,,모던,Moda_107,,train
40246,images/real/스트리트/40246.jpg,1,아우터,아우터|상의|하의,real,kfashion,,스트리트,Eirene_057,,train
795402,images/real/클래식/795402.jpg,1,아우터,아우터|하의,real,kfashion,,클래식,phash_1004,,train
949860,images/real/스트리트/949860.jpg,1,아우터,아우터|하의,real,kfashion,,스트리트,phash_1005,,train
766720,images/real/클래식/766720.jpg,1,아우터,아우터,real,kfashion,,클래식,phash_1006,,train
862102,images/real/스트리트/862102.jpg,1,아우터,아우터|하의,real,kfashion,,스트리트,phash_1007,,train
42150,images/real/히피/42150.jpg,1,아우터,아우터|상의|하의,real,kfashion,,히피,MiniBus_031,,train
912057,images/real/스트리트/912057.jpg,1,아우터,아우터|하의,real,kfashion,,스트리트,phash_1008,,train
349365,images/real/스트리트/349365.jpg,1,아우터,아우터|상의,real,kfashion,,스트리트,Viv_142,,train
898341,images/real/모던/898341.jpg,1,아우터,아우터|하의,real,kfashion,,모던,phash_1009,,train
866318,images/real/스트리트/866318.jpg,1,아우터,아우터|하의,real,kfashion,,스트리트,phash_1010,,train
1035868,images/real/리조트/1035868.jpg,1,아우터,아우터,real,kfashion,,리조트,phash_1011,,train
491483,images/real/스트리트/491483.jpg,1,아우터,아우터,real,kfashion,,스트리트,phash_1012,,train
1053061,images/real/스트리트/1053061.jpg,1,아우터,아우터|하의,real,kfashion,,스트리트,phash_1013,,train
320984,images/real/페미닌/320984.jpg,1,아우터,아우터|상의,real,kfashion,,페미닌,id_820,,train
1246385,images/real/웨스턴/1246385.jpg,1,아우터,아우터|하의,real,kfashion,,웨스턴,phash_1014,,train
701474,images/real/스트리트/701474.jpg,1,아우터,아우터,real,kfashion,,스트리트,phash_1015,,train
420025,images/real/모던/420025.jpg,1,아우터,아우터|하의,real,kfashion,,모던,JEWERLY_156,,train
964082,images/real/스트리트/964082.jpg,1,아우터,아우터|하의,real,kfashion,,스트리트,phash_1016,,train
761973,images/real/모던/761973.jpg,1,아우터,아우터|하의,real,kfashion,,모던,phash_1017,,train
1328843,images/real/스트리트/1328843.jpg,1,아우터,아우터|상의,real,kfashion,,스트리트,phash_1018,,train
961924,images/real/스트리트/961924.jpg,1,아우터,아우터|하의,real,kfashion,,스트리트,phash_1019,,train
961110,images/real/클래식/961110.jpg,1,아우터,아우터|상의|하의,real,kfashion,,클래식,phash_1020,,train
845782,images/real/스트리트/845782.jpg,1,아우터,아우터|하의,real,kfashion,,스트리트,phash_1021,,train
1129702,images/real/클래식/1129702.jpg,1,아우터,아우터|상의|하의,real,kfashion,,클래식,phash_1022,,train
261019,images/real/모던/261019.jpg,1,아우터,아우터|상의|하의,real,kfashion,,모던,GramMeterGroove_050,,train
826296,images/real/스트리트/826296.jpg,1,아우터,아우터|하의,real,kfashion,,스트리트,phash_1023,,train
377127,images/real/스트리트/377127.jpg,1,아우터,아우터|상의|하의,real,kfashion,,스트리트,u_157250299678250900,,train
565991,images/real/스트리트/565991.jpg,1,아우터,아우터|하의,real,kfashion,,스트리트,phash_1024,,train
1233589,images/real/스트리트/1233589.jpg,1,아우터,아우터,real,kfashion,,스트리트,phash_1025,,train
53521,images/real/스트리트/53521.jpg,1,아우터,아우터|상의,real,kfashion,,스트리트,banhana_252,,train
1036095,images/real/스트리트/1036095.jpg,1,아우터,아우터,real,kfashion,,스트리트,phash_1026,,train
198112,images/real/모던/198112.jpg,1,아우터,아우터|하의,real,kfashion,,모던,Dduddu_412,,train
1016884,images/real/클래식/1016884.jpg,1,아우터,아우터|하의,real,kfashion,,클래식,phash_1027,,train
949735,images/real/페미닌/949735.jpg,1,아우터,아우터,real,kfashion,,페미닌,phash_1028,,train
886231,images/real/모던/886231.jpg,1,아우터,아우터|하의,real,kfashion,,모던,phash_1029,,train
1223535,images/real/클래식/1223535.jpg,1,아우터,아우터|상의|하의,real,kfashion,,클래식,phash_1030,,train
1000384,images/real/클래식/1000384.jpg,1,아우터,아우터,real,kfashion,,클래식,phash_1031,,train
1131047,images/real/스트리트/1131047.jpg,1,아우터,아우터|상의|하의,real,kfashion,,스트리트,phash_1032,,train
630396,images/real/스트리트/630396.jpg,1,아우터,아우터|상의|하의,real,kfashion,,스트리트,phash_1033,,train
653936,images/real/스트리트/653936.jpg,1,아우터,아우터|상의,real,kfashion,,스트리트,phash_1034,,train
867299,images/real/소피스트케이티드/867299.jpg,1,아우터,아우터|하의,real,kfashion,,소피스트케이티드,phash_386,,train
1307278,images/real/스트리트/1307278.jpg,1,아우터,아우터|하의,real,kfashion,,스트리트,phash_1035,,train
733193,images/real/모던/733193.jpg,1,아우터,아우터|상의|하의,real,kfashion,,모던,phash_1036,,train
835636,images/real/소피스트케이티드/835636.jpg,1,아우터,아우터|하의,real,kfashion,,소피스트케이티드,phash_1037,,train
170567,images/real/스트리트/170567.jpg,1,아우터,아우터,real,kfashion,,스트리트,phash_1038,,train
1141613,images/real/스트리트/1141613.jpg,1,아우터,아우터|상의,real,kfashion,,스트리트,phash_1039,,train
1057521,images/real/스트리트/1057521.jpg,1,아우터,아우터|상의|하의,real,kfashion,,스트리트,phash_1040,,train
1003757,images/real/페미닌/1003757.jpg,1,아우터,아우터|상의|하의,real,kfashion,,페미닌,phash_1041,,train
1007459,images/real/스트리트/1007459.jpg,1,아우터,아우터|상의|하의,real,kfashion,,스트리트,phash_1042,,train
178555,images/real/모던/178555.jpg,1,아우터,아우터|상의,real,kfashion,,모던,TimelessW_109,,train
1082751,images/real/스트리트/1082751.jpg,1,아우터,아우터|하의,real,kfashion,,스트리트,phash_1043,,train
804055,images/real/페미닌/804055.jpg,1,아우터,아우터|상의|하의,real,kfashion,,페미닌,phash_1044,,train
274243,images/real/컨트리/274243.jpg,1,아우터,아우터|하의,real,kfashion,,컨트리,MUN_719,,train
1030922,images/real/젠더리스/1030922.jpg,1,아우터,아우터|하의,real,kfashion,,젠더리스,phash_1045,,train
576576,images/real/클래식/576576.jpg,1,아우터,아우터,real,kfashion,,클래식,phash_1258,,train
847856,images/real/클래식/847856.jpg,1,아우터,아우터|상의|하의,real,kfashion,,클래식,phash_1046,,train
1216864,images/real/스포티/1216864.jpg,1,아우터,아우터|하의,real,kfashion,,스포티,phash_1047,,train
581383,images/real/클래식/581383.jpg,1,아우터,아우터|상의|하의,real,kfashion,,클래식,phash_1048,,train
99368,images/real/페미닌/99368.jpg,1,아우터,아우터|상의|하의,real,kfashion,,페미닌,Afrench_044,,train
722957,images/real/페미닌/722957.jpg,1,아우터,아우터|하의,real,kfashion,,페미닌,phash_1049,,train
490448,images/real/스트리트/490448.jpg,1,아우터,아우터,real,kfashion,,스트리트,phash_1050,,train
796549,images/real/페미닌/796549.jpg,1,아우터,아우터|상의|하의,real,kfashion,,페미닌,phash_1051,,train
418157,images/real/스트리트/418157.jpg,1,아우터,아우터|상의|하의,real,kfashion,,스트리트,JEWERLY_030,,train
1000363,images/real/스트리트/1000363.jpg,1,아우터,아우터,real,kfashion,,스트리트,phash_1052,,train
976790,images/real/스트리트/976790.jpg,1,아우터,아우터,real,kfashion,,스트리트,phash_1053,,train
1224151,images/real/모던/1224151.jpg,1,아우터,아우터|상의|하의,real,kfashion,,모던,phash_1054,,train
183942,images/real/젠더리스/183942.jpg,1,아우터,아우터|상의|하의,real,kfashion,,젠더리스,doorim_1279,,train
981314,images/real/스트리트/981314.jpg,1,아우터,아우터|상의,real,kfashion,,스트리트,phash_1055,,train
884846,images/real/페미닌/884846.jpg,1,아우터,아우터|하의,real,kfashion,,페미닌,phash_1056,,train
372848,images/real/스트리트/372848.jpg,1,아우터,아우터,real,kfashion,,스트리트,u_155487819138228700,,train
2771,images/real/스트리트/2771.jpg,1,아우터,아우터|하의,real,kfashion,,스트리트,MUO_003,,train
999478,images/real/클래식/999478.jpg,1,아우터,아우터|하의,real,kfashion,,클래식,phash_1057,,train
885164,images/real/매니시/885164.jpg,1,아우터,아우터|하의,real,kfashion,,매니시,phash_1058,,train
65727,images/real/스트리트/65727.jpg,1,아우터,아우터|하의,real,kfashion,,스트리트,Jrun_019,,train
900355,images/real/컨트리/900355.jpg,1,아우터,아우터|상의|하의,real,kfashion,,컨트리,phash_1059,,train
151011,images/real/모던/151011.jpg,1,아우터,아우터|상의,real,kfashion,,모던,Dongwon_118,,train
377199,images/real/스트리트/377199.jpg,1,아우터,아우터,real,kfashion,,스트리트,u_157284694912468400,,val
676353,images/real/웨스턴/676353.jpg,1,아우터,아우터|하의,real,kfashion,,웨스턴,phash_1060,,train
354502,images/real/스포티/354502.jpg,1,아우터,아우터,real,kfashion,,스포티,u_155115981439208700,,val
489659,images/real/리조트/489659.jpg,1,아우터,아우터|하의,real,kfashion,,리조트,phash_1061,,train
929561,images/real/매니시/929561.jpg,1,아우터,아우터|상의|하의,real,kfashion,,매니시,phash_1062,,train
720749,images/real/스트리트/720749.jpg,1,아우터,아우터|상의|하의,real,kfashion,,스트리트,phash_1063,,train
339520,images/real/스트리트/339520.jpg,1,아우터,아우터|상의,real,kfashion,,스트리트,phash_1064,,train
208172,images/real/모던/208172.jpg,1,아우터,아우터,real,kfashion,,모던,Forme_412,,train
506160,images/real/모던/506160.jpg,1,아우터,아우터|상의|하의,real,kfashion,,모던,phash_1065,,train
1346183,images/real/페미닌/1346183.jpg,1,아우터,아우터|상의|하의,real,kfashion,,페미닌,phash_1066,,train
106066,images/real/톰보이/106066.jpg,1,아우터,아우터,real,kfashion,,톰보이,phash_1067,,train
888310,images/real/컨트리/888310.jpg,1,아우터,아우터|상의|하의,real,kfashion,,컨트리,phash_1068,,train
774286,images/real/스트리트/774286.jpg,1,아우터,아우터,real,kfashion,,스트리트,phash_1069,,train
1011789,images/real/젠더리스/1011789.jpg,1,아우터,아우터,real,kfashion,,젠더리스,phash_1070,,train
860038,images/real/클래식/860038.jpg,1,아우터,아우터|하의,real,kfashion,,클래식,phash_1071,,train
376899,images/real/클래식/376899.jpg,1,아우터,아우터|상의,real,kfashion,,클래식,u_157234756872645200,,val
801647,images/real/리조트/801647.jpg,1,아우터,아우터|하의,real,kfashion,,리조트,phash_1072,,train
1311138,images/real/스포티/1311138.jpg,1,아우터,아우터,real,kfashion,,스포티,phash_1073,,train
737812,images/real/클래식/737812.jpg,1,아우터,아우터|하의,real,kfashion,,클래식,phash_1074,,train
1126508,images/real/스트리트/1126508.jpg,1,아우터,아우터,real,kfashion,,스트리트,phash_1075,,train
488532,images/real/스트리트/488532.jpg,1,아우터,아우터|상의|하의,real,kfashion,,스트리트,phash_1076,,train
1059528,images/real/페미닌/1059528.jpg,1,아우터,아우터,real,kfashion,,페미닌,phash_1077,,train
568674,images/real/젠더리스/568674.jpg,1,아우터,아우터|하의,real,kfashion,,젠더리스,phash_1078,,train
576558,images/real/컨트리/576558.jpg,1,아우터,아우터,real,kfashion,,컨트리,phash_1079,,train
1000153,images/real/스트리트/1000153.jpg,1,아우터,아우터,real,kfashion,,스트리트,phash_1080,,train
1127235,images/real/모던/1127235.jpg,1,아우터,아우터|하의,real,kfashion,,모던,phash_1081,,train
161324,images/real/스포티/161324.jpg,1,아우터,아우터|하의,real,kfashion,,스포티,HONGSTAR_029,,train
73729,images/real/모던/73729.jpg,1,아우터,아우터|상의|하의,real,kfashion,,모던,DAKS_1583,,train
601043,images/real/스트리트/601043.jpg,1,아우터,아우터|상의,real,kfashion,,스트리트,phash_1082,,train
348949,images/real/모던/348949.jpg,1,아우터,아우터|하의,real,kfashion,,모던,Viv_134,,train
745399,images/real/컨트리/745399.jpg,1,아우터,아우터|상의|하의,real,kfashion,,컨트리,phash_1083,,train
1055641,images/real/스트리트/1055641.jpg,1,아우터,아우터|상의,real,kfashion,,스트리트,phash_1084,,train
675553,images/real/리조트/675553.jpg,1,아우터,아우터|하의,real,kfashion,,리조트,phash_1085,,train
143272,images/real/스트리트/143272.jpg,1,아우터,아우터|하의,real,kfashion,,스트리트,Dokae_817,,train
966272,images/real/스트리트/966272.jpg,1,아우터,아우터|하의,real,kfashion,,스트리트,phash_1086,,train
976602,images/real/스트리트/976602.jpg,1,아우터,아우터|상의|하의,real,kfashion,,스트리트,phash_1087,,train
1129738,images/real/클래식/1129738.jpg,1,아우터,아우터|상의|하의,real,kfashion,,클래식,phash_1088,,train
1128271,images/real/클래식/1128271.jpg,1,아우터,아우터|하의,real,kfashion,,클래식,phash_1089,,train
1172649,images/real/페미닌/1172649.jpg,1,아우터,아우터|상의|하의,real,kfashion,,페미닌,phash_1090,,train
1028425,images/real/스트리트/1028425.jpg,1,아우터,아우터,real,kfashion,,스트리트,phash_1091,,train
708131,images/real/스트리트/708131.jpg,1,아우터,아우터|상의,real,kfashion,,스트리트,phash_1092,,train
734757,images/real/스트리트/734757.jpg,1,아우터,아우터|하의,real,kfashion,,스트리트,phash_1093,,train
320031,images/real/스트리트/320031.jpg,1,아우터,아우터|상의,real,kfashion,,스트리트,id_781,,train
788299,images/real/스트리트/788299.jpg,1,아우터,아우터|하의,real,kfashion,,스트리트,phash_1094,,train
884217,images/real/스트리트/884217.jpg,1,아우터,아우터,real,kfashion,,스트리트,phash_1095,,train
558555,images/real/스트리트/558555.jpg,1,아우터,아우터|상의|하의,real,kfashion,,스트리트,phash_1096,,train
546472,images/real/톰보이/546472.jpg,1,아우터,아우터,real,kfashion,,톰보이,phash_1097,,train
422127,images/real/매니시/422127.jpg,1,아우터,아우터,real,kfashion,,매니시,phash_1098,,train
877371,images/real/페미닌/877371.jpg,1,아우터,아우터,real,kfashion,,페미닌,phash_263,,train
544890,images/real/스트리트/544890.jpg,1,아우터,아우터,real,kfashion,,스트리트,phash_1099,,train
116121,images/real/모던/116121.jpg,1,아우터,아우터|하의,real,kfashion,,모던,Oseed_011,,train
509398,images/real/스트리트/509398.jpg,1,아우터,아우터|상의,real,kfashion,,스트리트,phash_1100,,train
577468,images/real/모던/577468.jpg,1,아우터,아우터,real,kfashion,,모던,phash_1101,,train
421283,images/real/클래식/421283.jpg,1,아우터,아우터,real,kfashion,,클래식,phash_1102,,train
785278,images/real/스트리트/785278.jpg,1,아우터,아우터,real,kfashion,,스트리트,phash_1103,,train
326539,images/real/스트리트/326539.jpg,1,아우터,아우터|상의,real,kfashion,,스트리트,siutim_1197,,val
155310,images/real/스트리트/155310.jpg,1,아우터,아우터|상의|하의,real,kfashion,,스트리트,FILMOGRAPHY_010,,train
1013777,images/real/페미닌/1013777.jpg,1,아우터,아우터|상의|하의,real,kfashion,,페미닌,phash_1104,,train
985770,images/real/소피스트케이티드/985770.jpg,1,아우터,아우터|상의|하의,real,kfashion,,소피스트케이티드,phash_1105,,train
540454,images/real/스트리트/540454.jpg,1,아우터,아우터|하의,real,kfashion,,스트리트,phash_1106,,train
319562,images/real/모던/319562.jpg,1,아우터,아우터|하의,real,kfashion,,모던,id_757,,train
892466,images/real/클래식/892466.jpg,1,아우터,아우터|하의,real,kfashion,,클래식,phash_1107,,train
373148,images/real/소피스트케이티드/373148.jpg,1,아우터,아우터|상의,real,kfashion,,소피스트케이티드,u_155591867252005599,,val
645211,images/real/스트리트/645211.jpg,1,아우터,아우터|상의|하의,real,kfashion,,스트리트,phash_1108,,train
377104,images/real/스트리트/377104.jpg,1,아우터,아우터|하의,real,kfashion,,스트리트,u_157250111425349600,,test
807301,images/real/스트리트/807301.jpg,1,아우터,아우터|하의,real,kfashion,,스트리트,phash_1109,,train
883353,images/real/밀리터리/883353.jpg,1,아우터,아우터,real,kfashion,,밀리터리,phash_1110,,train
1255229,images/real/톰보이/1255229.jpg,1,아우터,아우터,real,kfashion,,톰보이,phash_1111,,train
365750,images/real/모던/365750.jpg,1,아우터,아우터|상의|하의,real,kfashion,,모던,SAERO_397,,train
376767,images/real/스트리트/376767.jpg,1,아우터,아우터,real,kfashion,,스트리트,u_157223810738811000,,train
423355,images/real/클래식/423355.jpg,1,아우터,아우터|상의,real,kfashion,,클래식,phash_1112,,train
751404,images/real/스트리트/751404.jpg,1,아우터,아우터,real,kfashion,,스트리트,phash_1113,,train
498844,images/real/스트리트/498844.jpg,1,아우터,아우터|하의,real,kfashion,,스트리트,phash_1114,,train
567639,images/real/밀리터리/567639.jpg,1,아우터,아우터|상의|하의,real,kfashion,,밀리터리,phash_1115,,train
1170987,images/real/클래식/1170987.jpg,1,아우터,아우터|하의,real,kfashion,,클래식,phash_1116,,train
570845,images/real/모던/570845.jpg,1,아우터,아우터|하의,real,kfashion,,모던,phash_1258,,train
931326,images/real/스트리트/931326.jpg,1,아우터,아우터|상의|하의,real,kfashion,,스트리트,phash_1117,,train
947039,images/real/컨트리/947039.jpg,1,아우터,아우터|하의,real,kfashion,,컨트리,phash_1118,,train
701466,images/real/스트리트/701466.jpg,1,아우터,아우터,real,kfashion,,스트리트,phash_602,,train
890864,images/real/로맨틱/890864.jpg,1,아우터,아우터|상의|하의,real,kfashion,,로맨틱,phash_1119,,train
703971,images/real/스트리트/703971.jpg,1,아우터,아우터|하의,real,kfashion,,스트리트,phash_1120,,train
376440,images/real/스트리트/376440.jpg,1,아우터,아우터|하의,real,kfashion,,스트리트,u_157190292291724700,,train
1101324,images/real/스트리트/1101324.jpg,1,아우터,아우터|하의,real,kfashion,,스트리트,phash_1121,,train
1211611,images/real/스트리트/1211611.jpg,1,아우터,아우터|상의|하의,real,kfashion,,스트리트,phash_1122,,train
584086,images/real/스트리트/584086.jpg,1,아우터,아우터,real,kfashion,,스트리트,phash_1123,,train
111871,images/real/컨트리/111871.jpg,1,아우터,아우터,real,kfashion,,컨트리,phash_1124,,train
1129599,images/real/스트리트/1129599.jpg,1,아우터,아우터|상의|하의,real,kfashion,,스트리트,phash_1125,,train
1248571,images/real/스트리트/1248571.jpg,1,아우터,아우터|상의,real,kfashion,,스트리트,phash_1126,,train
228047,images/real/소피스트케이티드/228047.jpg,1,아우터,아우터,real,kfashion,,소피스트케이티드,penny_330,,train
1023700,images/real/스트리트/1023700.jpg,1,아우터,아우터|하의,real,kfashion,,스트리트,phash_1127,,train
215633,images/real/모던/215633.jpg,1,아우터,아우터|상의|하의,real,kfashion,,모던,Haemil_263,,train
367232,images/real/스트리트/367232.jpg,1,아우터,아우터,real,kfashion,,스트리트,phash_1128,,train
699538,images/real/모던/699538.jpg,1,아우터,아우터,real,kfashion,,모던,phash_1129,,train
926783,images/real/컨트리/926783.jpg,1,아우터,아우터|하의,real,kfashion,,컨트리,phash_1130,,train
207753,images/real/클래식/207753.jpg,1,아우터,아우터,real,kfashion,,클래식,phash_1131,,train
1171467,images/real/클래식/1171467.jpg,1,아우터,아우터|상의|하의,real,kfashion,,클래식,phash_1132,,train
506180,images/real/리조트/506180.jpg,1,아우터,아우터|상의|하의,real,kfashion,,리조트,phash_1133,,train
551890,images/real/스트리트/551890.jpg,1,아우터,아우터|하의,real,kfashion,,스트리트,phash_1258,,train
319919,images/real/페미닌/319919.jpg,1,아우터,아우터,real,kfashion,,페미닌,id_777,,train
684522,images/real/섹시/684522.jpg,1,아우터,아우터|상의|하의,real,kfashion,,섹시,phash_1134,,train
369784,images/real/톰보이/369784.jpg,1,아우터,아우터,real,kfashion,,톰보이,phash_1135,,train
75149,images/real/스트리트/75149.jpg,1,아우터,아우터|상의|하의,real,kfashion,,스트리트,DAKS_1644,,train
1020484,images/real/스트리트/1020484.jpg,1,아우터,아우터|상의,real,kfashion,,스트리트,phash_1136,,train
1031410,images/real/스트리트/1031410.jpg,1,아우터,아우터,real,kfashion,,스트리트,phash_1137,,train
1101803,images/real/스트리트/1101803.jpg,1,아우터,아우터|상의|하의,real,kfashion,,스트리트,phash_1138,,train
730940,images/real/페미닌/730940.jpg,1,아우터,아우터|상의|하의,real,kfashion,,페미닌,phash_1139,,train
1033489,images/real/스트리트/1033489.jpg,1,아우터,아우터|하의,real,kfashion,,스트리트,phash_1140,,train
966233,images/real/스트리트/966233.jpg,1,아우터,아우터|상의|하의,real,kfashion,,스트리트,phash_1141,,train
944546,images/real/리조트/944546.jpg,1,아우터,아우터|하의,real,kfashion,,리조트,phash_1142,,train
890426,images/real/스트리트/890426.jpg,1,아우터,아우터|하의,real,kfashion,,스트리트,phash_1143,,train
708290,images/real/스트리트/708290.jpg,1,아우터,아우터,real,kfashion,,스트리트,phash_1144,,train
1310146,images/real/스트리트/1310146.jpg,1,아우터,아우터,real,kfashion,,스트리트,phash_1145,,train
991222,images/real/스트리트/991222.jpg,1,아우터,아우터|하의,real,kfashion,,스트리트,phash_1146,,train
1178589,images/real/페미닌/1178589.jpg,1,아우터,아우터|상의|하의,real,kfashion,,페미닌,phash_1147,,train
327196,images/real/스트리트/327196.jpg,1,아우터,아우터|상의,real,kfashion,,스트리트,siutim_1220,,test
1231946,images/real/스포티/1231946.jpg,1,아우터,아우터|상의,real,kfashion,,스포티,phash_1148,,train
1295288,images/real/스트리트/1295288.jpg,1,아우터,아우터|하의,real,kfashion,,스트리트,phash_1149,,train
1073096,images/real/클래식/1073096.jpg,1,원피스,원피스,real,kfashion,,클래식,phash_1150,,train
810216,images/real/리조트/810216.jpg,1,원피스,원피스|아우터,real,kfashion,,리조트,phash_1151,,train
707600,images/real/모던/707600.jpg,1,원피스,원피스,real,kfashion,,모던,phash_1152,,train
934864,images/real/스트리트/934864.jpg,1,원피스,원피스,real,kfashion,,스트리트,phash_1153,,train
449407,images/real/리조트/449407.jpg,1,원피스,원피스,real,kfashion,,리조트,phash_1154,,train
1303977,images/real/스트리트/1303977.jpg,1,원피스,원피스,real,kfashion,,스트리트,phash_1155,,train
891471,images/real/페미닌/891471.jpg,1,원피스,원피스,real,kfashion,,페미닌,phash_1156,,train
1077694,images/real/페미닌/1077694.jpg,1,원피스,원피스,real,kfashion,,페미닌,phash_1157,,train
663511,images/real/스트리트/663511.jpg,1,원피스,원피스,real,kfashion,,스트리트,phash_1158,,train
854098,images/real/스트리트/854098.jpg,1,원피스,원피스,real,kfashion,,스트리트,phash_1159,,train
334205,images/real/모던/334205.jpg,1,원피스,원피스,real,kfashion,,모던,SOO_085,,train
206247,images/real/스트리트/206247.jpg,1,원피스,원피스|아우터,real,kfashion,,스트리트,Forme_341,,train
133660,images/real/컨트리/133660.jpg,1,원피스,원피스,real,kfashion,,컨트리,Gru_575,,train
804416,images/real/컨트리/804416.jpg,1,원피스,원피스,real,kfashion,,컨트리,phash_1160,,train
472686,images/real/스트리트/472686.jpg,1,원피스,원피스,real,kfashion,,스트리트,phash_1161,,train
175505,images/real/리조트/175505.jpg,1,원피스,원피스,real,kfashion,,리조트,TimelessC_068,,train
460429,images/real/리조트/460429.jpg,1,원피스,원피스,real,kfashion,,리조트,u_155798922453938800,,test
182114,images/real/페미닌/182114.jpg,1,원피스,원피스,real,kfashion,,페미닌,doorim_1162,,train
1229699,images/real/리조트/1229699.jpg,1,원피스,원피스|아우터,real,kfashion,,리조트,phash_1162,,train
917360,images/real/리조트/917360.jpg,1,원피스,원피스,real,kfashion,,리조트,phash_1163,,train
300788,images/real/로맨틱/300788.jpg,1,원피스,원피스,real,kfashion,,로맨틱,babyshu_093,,train
534442,images/real/페미닌/534442.jpg,1,원피스,원피스,real,kfashion,,페미닌,phash_1164,,train
956864,images/real/스포티/956864.jpg,1,원피스,원피스,real,kfashion,,스포티,phash_1165,,train
1328959,images/real/스트리트/1328959.jpg,1,원피스,원피스|상의|하의,real,kfashion,,스트리트,phash_1166,,train
888795,images/real/클래식/888795.jpg,1,원피스,원피스|아우터,real,kfashion,,클래식,phash_1167,,train
853303,images/real/로맨틱/853303.jpg,1,원피스,원피스,real,kfashion,,로맨틱,phash_1168,,train
453767,images/real/컨트리/453767.jpg,1,원피스,원피스,real,kfashion,,컨트리,phash_1169,,train
1053917,images/real/리조트/1053917.jpg,1,원피스,원피스,real,kfashion,,리조트,phash_1170,,train
421991,images/real/모던/421991.jpg,1,원피스,원피스,real,kfashion,,모던,phash_1171,,train
707186,images/real/로맨틱/707186.jpg,1,원피스,원피스,real,kfashion,,로맨틱,phash_1172,,train
169071,images/real/리조트/169071.jpg,1,원피스,원피스,real,kfashion,,리조트,PRS_861,,train
159493,images/real/모던/159493.jpg,1,원피스,원피스|하의,real,kfashion,,모던,HARYN_001,,train
738424,images/real/스트리트/738424.jpg,1,원피스,원피스,real,kfashion,,스트리트,phash_1173,,train
365605,images/real/컨트리/365605.jpg,1,원피스,원피스,real,kfashion,,컨트리,SAERO_383,,train
1306806,images/real/리조트/1306806.jpg,1,원피스,원피스|상의,real,kfashion,,리조트,phash_1174,,train
595759,images/real/스트리트/595759.jpg,1,원피스,원피스,real,kfashion,,스트리트,phash_1175,,train
776023,images/real/로맨틱/776023.jpg,1,원피스,원피스,real,kfashion,,로맨틱,phash_1176,,train
587182,images/real/리조트/587182.jpg,1,원피스,원피스|상의,real,kfashion,,리조트,phash_1177,,train
773311,images/real/스트리트/773311.jpg,1,원피스,원피스|상의|하의,real,kfashion,,스트리트,phash_1178,,train
1130203,images/real/스트리트/1130203.jpg,1,원피스,원피스|아우터,real,kfashion,,스트리트,phash_1179,,train
1203453,images/real/로맨틱/1203453.jpg,1,원피스,원피스,real,kfashion,,로맨틱,phash_1180,,train
469271,images/real/스트리트/469271.jpg,1,원피스,원피스,real,kfashion,,스트리트,u_156756259629826000,,train
313896,images/real/로맨틱/313896.jpg,1,원피스,원피스,real,kfashion,,로맨틱,BLEE_186,,train
350345,images/real/스트리트/350345.jpg,1,원피스,원피스,real,kfashion,,스트리트,Viv_161,,train
132658,images/real/컨트리/132658.jpg,1,원피스,원피스,real,kfashion,,컨트리,Gru_546,,train
134129,images/real/스트리트/134129.jpg,1,원피스,원피스|하의,real,kfashion,,스트리트,Gru_588,,train
782752,images/real/리조트/782752.jpg,1,원피스,원피스,real,kfashion,,리조트,phash_1181,,train
24419,images/real/스트리트/24419.jpg,1,원피스,원피스|상의|하의,real,kfashion,,스트리트,RexGirl_129,,train
69447,images/real/로맨틱/69447.jpg,1,원피스,원피스,real,kfashion,,로맨틱,phash_1182,,train
134464,images/real/스트리트/134464.jpg,1,원피스,원피스,real,kfashion,,스트리트,Gru_605,,train
626490,images/real/리조트/626490.jpg,1,원피스,원피스,real,kfashion,,리조트,phash_1183,,train
1205735,images/real/로맨틱/1205735.jpg,1,원피스,원피스,real,kfashion,,로맨틱,phash_1184,,train
97627,images/real/모던/97627.jpg,1,원피스,원피스,real,kfashion,,모던,2brand_080,,train
83221,images/real/로맨틱/83221.jpg,1,원피스,원피스|상의,real,kfashion,,로맨틱,girlis_676,,train
63823,images/real/페미닌/63823.jpg,1,원피스,원피스,real,kfashion,,페미닌,JoliJoli_025,,train
460233,images/real/소피스트케이티드/460233.jpg,1,원피스,원피스,real,kfashion,,소피스트케이티드,u_155748030296352000,,val
1298405,images/real/리조트/1298405.jpg,1,원피스,원피스,real,kfashion,,리조트,phash_1185,,train
1221608,images/real/리조트/1221608.jpg,1,원피스,원피스|아우터,real,kfashion,,리조트,phash_1186,,train
15456,images/real/로맨틱/15456.jpg,1,원피스,원피스,real,kfashion,,로맨틱,Loveit_004,,train
449742,images/real/모던/449742.jpg,1,원피스,원피스,real,kfashion,,모던,phash_1187,,train
972233,images/real/스트리트/972233.jpg,1,원피스,원피스,real,kfashion,,스트리트,phash_1188,,train
55729,images/real/히피/55729.jpg,1,원피스,원피스,real,kfashion,,히피,chaplin_297,,train
1233423,images/real/리조트/1233423.jpg,1,원피스,원피스,real,kfashion,,리조트,phash_1189,,train
934895,images/real/스트리트/934895.jpg,1,원피스,원피스,real,kfashion,,스트리트,phash_1190,,train
730134,images/real/스트리트/730134.jpg,1,원피스,원피스,real,kfashion,,스트리트,phash_1191,,train
259939,images/real/페미닌/259939.jpg,1,원피스,원피스|상의,real,kfashion,,페미닌,GramGroove_002,,train
561860,images/real/레트로/561860.jpg,1,원피스,원피스,real,kfashion,,레트로,phash_1192,,train
664440,images/real/로맨틱/664440.jpg,1,원피스,원피스,real,kfashion,,로맨틱,phash_1193,,train
1097671,images/real/로맨틱/1097671.jpg,1,원피스,원피스,real,kfashion,,로맨틱,phash_1194,,train
974378,images/real/리조트/974378.jpg,1,원피스,원피스,real,kfashion,,리조트,phash_1195,,train
535852,images/real/리조트/535852.jpg,1,원피스,원피스,real,kfashion,,리조트,phash_1196,,train
132009,images/real/리조트/132009.jpg,1,원피스,원피스,real,kfashion,,리조트,Gru_521,,train
532415,images/real/클래식/532415.jpg,1,원피스,원피스,real,kfashion,,클래식,phash_1197,,train
206166,images/real/페미닌/206166.jpg,1,원피스,원피스,real,kfashion,,페미닌,Forme_338,,train
810520,images/real/컨트리/810520.jpg,1,원피스,원피스,real,kfashion,,컨트리,phash_1198,,train
531762,images/real/스트리트/531762.jpg,1,원피스,원피스,real,kfashion,,스트리트,phash_1199,,train
914269,images/real/로맨틱/914269.jpg,1,원피스,원피스|상의,real,kfashion,,로맨틱,phash_335,,train
452310,images/real/모던/452310.jpg,1,원피스,원피스,real,kfashion,,모던,phash_1200,,train
792881,images/real/리조트/792881.jpg,1,원피스,원피스,real,kfashion,,리조트,phash_1201,,train
585449,images/real/모던/585449.jpg,1,원피스,원피스,real,kfashion,,모던,phash_1202,,train
101123,images/real/리조트/101123.jpg,1,원피스,원피스,real,kfashion,,리조트,Ave29Th_505,,train
255292,images/real/로맨틱/255292.jpg,1,원피스,원피스,real,kfashion,,로맨틱,phash_1203,,train
798232,images/real/리조트/798232.jpg,1,원피스,원피스,real,kfashion,,리조트,phash_1204,,train
473458,images/real/스트리트/473458.jpg,1,원피스,원피스,real,kfashion,,스트리트,phash_1205,,train
531823,images/real/페미닌/531823.jpg,1,원피스,원피스,real,kfashion,,페미닌,phash_1206,,train
333604,images/real/페미닌/333604.jpg,1,원피스,원피스,real,kfashion,,페미닌,SOO_048,,train
81722,images/real/스트리트/81722.jpg,1,원피스,원피스,real,kfashion,,스트리트,phash_1207,,train
453729,images/real/로맨틱/453729.jpg,1,원피스,원피스,real,kfashion,,로맨틱,phash_1208,,train
908378,images/real/로맨틱/908378.jpg,1,원피스,원피스,real,kfashion,,로맨틱,phash_1209,,train
1224939,images/real/컨트리/1224939.jpg,1,원피스,원피스,real,kfashion,,컨트리,phash_1210,,train
1324513,images/real/페미닌/1324513.jpg,1,원피스,원피스,real,kfashion,,페미닌,phash_1211,,train
1107690,images/real/클래식/1107690.jpg,1,원피스,원피스,real,kfashion,,클래식,phash_1212,,train
1075679,images/real/로맨틱/1075679.jpg,1,원피스,원피스,real,kfashion,,로맨틱,phash_1213,,train
451909,images/real/페미닌/451909.jpg,1,원피스,원피스|상의,real,kfashion,,페미닌,phash_1214,,train
449099,images/real/컨트리/449099.jpg,1,원피스,원피스|상의,real,kfashion,,컨트리,phash_1215,,train
1143784,images/real/페미닌/1143784.jpg,1,원피스,원피스,real,kfashion,,페미닌,phash_1216,,train
824897,images/real/리조트/824897.jpg,1,원피스,원피스,real,kfashion,,리조트,phash_1217,,train
128480,images/real/리조트/128480.jpg,1,원피스,원피스|상의,real,kfashion,,리조트,phash_1218,,train
471490,images/real/모던/471490.jpg,1,원피스,원피스,real,kfashion,,모던,phash_1219,,train
557938,images/real/스트리트/557938.jpg,1,원피스,원피스|상의,real,kfashion,,스트리트,phash_1220,,train
1201208,images/real/레트로/1201208.jpg,1,원피스,원피스,real,kfashion,,레트로,phash_1221,,train
253487,images/real/페미닌/253487.jpg,1,원피스,원피스,real,kfashion,,페미닌,Moda_336,,train
1195584,images/real/스트리트/1195584.jpg,1,원피스,원피스|상의,real,kfashion,,스트리트,phash_1222,,train
812855,images/real/리조트/812855.jpg,1,원피스,원피스,real,kfashion,,리조트,phash_1223,,train
107926,images/real/페미닌/107926.jpg,1,원피스,원피스,real,kfashion,,페미닌,phash_1224,,train
470561,images/real/스트리트/470561.jpg,1,원피스,원피스,real,kfashion,,스트리트,u_157172085185829500,,test
365389,images/real/리조트/365389.jpg,1,원피스,원피스|상의|하의,real,kfashion,,리조트,SAERO_367,,train
77964,images/real/페미닌/77964.jpg,1,원피스,원피스,real,kfashion,,페미닌,doorim_1235,,train
814745,images/real/페미닌/814745.jpg,1,원피스,원피스,real,kfashion,,페미닌,phash_1225,,train
729396,images/real/로맨틱/729396.jpg,1,원피스,원피스,real,kfashion,,로맨틱,phash_1226,,train
697587,images/real/컨트리/697587.jpg,1,원피스,원피스|상의,real,kfashion,,컨트리,phash_1227,,train
124331,images/real/스트리트/124331.jpg,1,원피스,원피스,real,kfashion,,스트리트,Tirang_035,,train
465842,images/real/로맨틱/465842.jpg,1,원피스,원피스,real,kfashion,,로맨틱,u_155969884477561900,,test
7581,images/real/컨트리/7581.jpg,1,원피스,원피스,real,kfashion,,컨트리,Thenew_017,,train
334195,images/real/클래식/334195.jpg,1,원피스,원피스|아우터,real,kfashion,,클래식,SOO_084,,train
240427,images/real/컨트리/240427.jpg,1,원피스,원피스,real,kfashion,,컨트리,Lunar_002,,train
253357,images/real/컨트리/253357.jpg,1,원피스,원피스,real,kfashion,,컨트리,Moda_331,,train
852825,images/real/클래식/852825.jpg,1,원피스,원피스,real,kfashion,,클래식,phash_1228,,train
110549,images/real/로맨틱/110549.jpg,1,원피스,원피스,real,kfashion,,로맨틱,girlis_944,,train
284619,images/real/스트리트/284619.jpg,1,원피스,원피스|상의,real,kfashion,,스트리트,Barcode_019,,train
962544,images/real/스트리트/962544.jpg,1,원피스,원피스|상의|하의,real,kfashion,,스트리트,phash_1229,,train
218073,images/real/로맨틱/218073.jpg,1,원피스,원피스,real,kfashion,,로맨틱,hanna_308,,train
469348,images/real/페미닌/469348.jpg,1,원피스,원피스,real,kfashion,,페미닌,u_156757972751529800,,val
252404,images/real/스트리트/252404.jpg,1,원피스,원피스,real,kfashion,,스트리트,Moda_301,,train
1338051,images/real/스트리트/1338051.jpg,1,원피스,원피스,real,kfashion,,스트리트,phash_730,,train
969232,images/real/리조트/969232.jpg,1,원피스,원피스,real,kfashion,,리조트,phash_1230,,train
1075383,images/real/로맨틱/1075383.jpg,1,원피스,원피스,real,kfashion,,로맨틱,phash_1231,,train
1205741,images/real/스트리트/1205741.jpg,1,원피스,원피스|상의,real,kfashion,,스트리트,phash_1232,,train
461662,images/real/로맨틱/461662.jpg,1,원피스,원피스,real,kfashion,,로맨틱,u_155963648914373100,,val
1054493,images/real/스트리트/1054493.jpg,1,원피스,원피스|상의,real,kfashion,,스트리트,phash_1233,,train
81986,images/real/리조트/81986.jpg,1,원피스,원피스,real,kfashion,,리조트,phash_1234,,train
702655,images/real/페미닌/702655.jpg,1,원피스,원피스,real,kfashion,,페미닌,phash_1235,,train
424309,images/real/페미닌/424309.jpg,1,원피스,원피스,real,kfashion,,페미닌,CAROL_033,,train
860815,images/real/로맨틱/860815.jpg,1,원피스,원피스,real,kfashion,,로맨틱,phash_1236,,train
1185358,images/real/페미닌/1185358.jpg,1,원피스,원피스|상의,real,kfashion,,페미닌,phash_1237,,train
275874,images/real/소피스트케이티드/275874.jpg,1,원피스,원피스,real,kfashion,,소피스트케이티드,MUN_822,,train
1159718,images/real/리조트/1159718.jpg,1,원피스,원피스,real,kfashion,,리조트,phash_1238,,train
220584,images/real/로맨틱/220584.jpg,1,원피스,원피스,real,kfashion,,로맨틱,Hanna_404,,train
117755,images/real/스트리트/117755.jpg,1,원피스,원피스,real,kfashion,,스트리트,phash_1239,,train
423489,images/real/클래식/423489.jpg,1,원피스,원피스,real,kfashion,,클래식,phash_1240,,train
844965,images/real/소피스트케이티드/844965.jpg,1,원피스,원피스,real,kfashion,,소피스트케이티드,phash_1241,,train
535512,images/real/페미닌/535512.jpg,1,원피스,원피스,real,kfashion,,페미닌,phash_1242,,train
27185,images/real/리조트/27185.jpg,1,원피스,원피스|상의,real,kfashion,,리조트,LIEGE_042,,train
951800,images/real/페미닌/951800.jpg,1,원피스,원피스,real,kfashion,,페미닌,phash_1243,,train
879430,images/real/스트리트/879430.jpg,1,원피스,원피스|아우터,real,kfashion,,스트리트,phash_1244,,train
475141,images/real/히피/475141.jpg,1,원피스,원피스,real,kfashion,,히피,phash_1245,,train
473454,images/real/스포티/473454.jpg,1,원피스,원피스,real,kfashion,,스포티,phash_1246,,train
451751,images/real/페미닌/451751.jpg,1,원피스,원피스,real,kfashion,,페미닌,phash_1247,,train
332240,images/real/리조트/332240.jpg,1,원피스,원피스,real,kfashion,,리조트,SONG_049,,train
1201319,images/real/리조트/1201319.jpg,1,원피스,원피스,real,kfashion,,리조트,phash_1248,,train
454550,images/real/로맨틱/454550.jpg,1,원피스,원피스,real,kfashion,,로맨틱,phash_1249,,train
823253,images/real/스트리트/823253.jpg,1,원피스,원피스,real,kfashion,,스트리트,phash_1250,,train
1342536,images/real/로맨틱/1342536.jpg,1,원피스,원피스,real,kfashion,,로맨틱,phash_1251,,train
545557,images/real/모던/545557.jpg,1,원피스,원피스,real,kfashion,,모던,phash_1252,,train
466174,images/real/리조트/466174.jpg,1,원피스,원피스,real,kfashion,,리조트,u_156040145286909900,,train
220104,images/real/로맨틱/220104.jpg,1,원피스,원피스,real,kfashion,,로맨틱,Hanna_386,,train
460130,images/real/리조트/460130.jpg,1,원피스,원피스,real,kfashion,,리조트,u_155738236024458800,,train
193706,images/real/로맨틱/193706.jpg,1,원피스,원피스,real,kfashion,,로맨틱,byhoney_159,,train
899225,images/real/모던/899225.jpg,1,원피스,원피스|상의,real,kfashion,,모던,phash_1253,,train
727318,images/real/모던/727318.jpg,1,원피스,원피스,real,kfashion,,모던,phash_1254,,train
449103,images/real/컨트리/449103.jpg,1,원피스,원피스|상의,real,kfashion,,컨트리,phash_1255,,train
363947,images/real/스트리트/363947.jpg,1,원피스,원피스,real,kfashion,,스트리트,Moko_022,,train
312677,images/real/클래식/312677.jpg,1,원피스,원피스,real,kfashion,,클래식,BLEE_106,,train
975243,images/real/스트리트/975243.jpg,1,원피스,원피스|상의,real,kfashion,,스트리트,phash_1256,,train
96838,images/real/리조트/96838.jpg,1,원피스,원피스,real,kfashion,,리조트,2brand_026,,train
1339843,images/real/로맨틱/1339843.jpg,1,원피스,원피스,real,kfashion,,로맨틱,phash_1257,,train
571134,images/real/페미닌/571134.jpg,1,원피스,원피스,real,kfashion,,페미닌,phash_1258,,train
433446,images/real/리조트/433446.jpg,1,원피스,원피스,real,kfashion,,리조트,phash_1259,,train
429547,images/real/모던/429547.jpg,1,원피스,원피스,real,kfashion,,모던,TimelessC_087,,train
1205660,images/real/스트리트/1205660.jpg,1,원피스,원피스,real,kfashion,,스트리트,phash_1260,,train
256021,images/real/로맨틱/256021.jpg,1,원피스,원피스,real,kfashion,,로맨틱,Reina_018,,train
695943,images/real/페미닌/695943.jpg,1,원피스,원피스,real,kfashion,,페미닌,phash_1261,,train
2264,images/real/소피스트케이티드/2264.jpg,1,원피스,원피스,real,kfashion,,소피스트케이티드,1ROHA_060,,train
166821,images/real/모던/166821.jpg,1,원피스,원피스,real,kfashion,,모던,PRS_782,,train
105313,images/real/리조트/105313.jpg,1,원피스,원피스,real,kfashion,,리조트,Mimo_076,,train
1305005,images/real/스트리트/1305005.jpg,1,원피스,원피스|상의,real,kfashion,,스트리트,phash_1262,,train
589966,images/real/스트리트/589966.jpg,1,원피스,원피스|하의,real,kfashion,,스트리트,phash_1263,,train
400779,images/real/스트리트/400779.jpg,1,원피스,원피스,real,kfashion,,스트리트,GOMOM_015,,train
654839,images/real/스트리트/654839.jpg,1,원피스,원피스|상의,real,kfashion,,스트리트,phash_1264,,train
249576,images/real/스트리트/249576.jpg,1,원피스,원피스,real,kfashion,,스트리트,Moda_202,,train
900969,images/real/소피스트케이티드/900969.jpg,1,원피스,원피스,real,kfashion,,소피스트케이티드,phash_1265,,train
362990,images/real/리조트/362990.jpg,1,원피스,원피스,real,kfashion,,리조트,Jamong_960,,train
1110082,images/real/컨트리/1110082.jpg,1,원피스,원피스,real,kfashion,,컨트리,phash_1266,,train
128859,images/real/히피/128859.jpg,1,원피스,원피스,real,kfashion,,히피,Wihtme_112,,train
1158102,images/real/컨트리/1158102.jpg,1,원피스,원피스,real,kfashion,,컨트리,phash_1267,,train
1296931,images/real/스트리트/1296931.jpg,1,원피스,원피스|상의,real,kfashion,,스트리트,phash_1268,,train
534996,images/real/컨트리/534996.jpg,1,원피스,원피스|아우터,real,kfashion,,컨트리,phash_1269,,train
1204742,images/real/모던/1204742.jpg,1,원피스,원피스,real,kfashion,,모던,phash_1270,,train
702354,images/real/로맨틱/702354.jpg,1,원피스,원피스,real,kfashion,,로맨틱,phash_1271,,train
535978,images/real/스트리트/535978.jpg,1,원피스,원피스,real,kfashion,,스트리트,id_809,,train
655115,images/real/로맨틱/655115.jpg,1,원피스,원피스,real,kfashion,,로맨틱,phash_1272,,train
566484,images/real/스트리트/566484.jpg,1,원피스,원피스|상의,real,kfashion,,스트리트,phash_1273,,train
164826,images/real/페미닌/164826.jpg,1,원피스,원피스,real,kfashion,,페미닌,LIME_247,,train
315333,images/real/리조트/315333.jpg,1,원피스,원피스,real,kfashion,,리조트,phash_1274,,train
422773,images/real/클래식/422773.jpg,1,원피스,원피스,real,kfashion,,클래식,phash_1275,,train
546686,images/real/모던/546686.jpg,1,원피스,원피스,real,kfashion,,모던,phash_1276,,train
1298370,images/real/섹시/1298370.jpg,1,원피스,원피스,real,kfashion,,섹시,phash_1277,,train
854240,images/real/로맨틱/854240.jpg,1,원피스,원피스,real,kfashion,,로맨틱,phash_1278,,train
682469,images/real/로맨틱/682469.jpg,1,원피스,원피스,real,kfashion,,로맨틱,phash_1279,,train
1335623,images/real/소피스트케이티드/1335623.jpg,1,원피스,원피스,real,kfashion,,소피스트케이티드,phash_1280,,train
756265,images/real/페미닌/756265.jpg,1,원피스,원피스|아우터,real,kfashion,,페미닌,phash_1281,,train
55498,images/real/모던/55498.jpg,1,원피스,원피스|아우터,real,kfashion,,모던,phash_1282,,train
608281,images/real/모던/608281.jpg,1,원피스,원피스,real,kfashion,,모던,phash_1283,,train
71513,images/real/스트리트/71513.jpg,1,원피스,원피스,real,kfashion,,스트리트,Common_080,,train
167573,images/real/페미닌/167573.jpg,1,원피스,원피스,real,kfashion,,페미닌,PRS_803,,train
537570,images/real/스트리트/537570.jpg,1,원피스,원피스,real,kfashion,,스트리트,phash_1284,,train
211788,images/real/리조트/211788.jpg,1,원피스,원피스,real,kfashion,,리조트,habanjang_199,,train
997214,images/real/페미닌/997214.jpg,1,원피스,원피스,real,kfashion,,페미닌,phash_1285,,train
696117,images/real/스트리트/696117.jpg,1,원피스,원피스|상의,real,kfashion,,스트리트,phash_1286,,train
1157884,images/real/스트리트/1157884.jpg,1,원피스,원피스,real,kfashion,,스트리트,phash_1287,,train
722195,images/real/스트리트/722195.jpg,1,원피스,원피스,real,kfashion,,스트리트,phash_1288,,train
196831,images/real/로맨틱/196831.jpg,1,원피스,원피스,real,kfashion,,로맨틱,Dduddu_364,,train
1181501,images/real/스트리트/1181501.jpg,1,원피스,원피스|아우터,real,kfashion,,스트리트,phash_1289,,train
253647,images/real/페미닌/253647.jpg,1,원피스,원피스,real,kfashion,,페미닌,Moda_342,,train
581278,images/real/스트리트/581278.jpg,1,원피스,원피스,real,kfashion,,스트리트,phash_1290,,train
175579,images/real/모던/175579.jpg,1,원피스,원피스,real,kfashion,,모던,phash_1291,,train
532932,images/real/페미닌/532932.jpg,1,원피스,원피스,real,kfashion,,페미닌,phash_1292,,train
41685,images/real/로맨틱/41685.jpg,1,원피스,원피스,real,kfashion,,로맨틱,MiniBus_001,,train
544379,images/real/로맨틱/544379.jpg,1,원피스,원피스,real,kfashion,,로맨틱,phash_1293,,train
837292,images/real/페미닌/837292.jpg,1,원피스,원피스,real,kfashion,,페미닌,phash_1294,,train
51475,images/real/페미닌/51475.jpg,1,원피스,원피스,real,kfashion,,페미닌,phash_1295,,train
452554,images/real/스트리트/452554.jpg,1,원피스,원피스,real,kfashion,,스트리트,phash_1296,,train
1254149,images/real/스트리트/1254149.jpg,1,원피스,원피스,real,kfashion,,스트리트,phash_1297,,train
361817,images/real/컨트리/361817.jpg,1,원피스,원피스,real,kfashion,,컨트리,phash_1298,,train
905430,images/real/페미닌/905430.jpg,1,원피스,원피스,real,kfashion,,페미닌,phash_1299,,train
167418,images/real/리조트/167418.jpg,1,원피스,원피스,real,kfashion,,리조트,PRS_798,,train
1290477,images/real/로맨틱/1290477.jpg,1,원피스,원피스,real,kfashion,,로맨틱,phash_1300,,train
1254888,images/real/리조트/1254888.jpg,1,원피스,원피스,real,kfashion,,리조트,phash_1301,,train
197286,images/real/페미닌/197286.jpg,1,원피스,원피스,real,kfashion,,페미닌,Dduddu_381,,train
888195,images/real/페미닌/888195.jpg,1,원피스,원피스,real,kfashion,,페미닌,phash_1302,,train
602895,images/real/스트리트/602895.jpg,1,원피스,원피스,real,kfashion,,스트리트,phash_1303,,train
1319757,images/real/로맨틱/1319757.jpg,1,원피스,원피스,real,kfashion,,로맨틱,phash_1304,,train
1073844,images/real/리조트/1073844.jpg,1,원피스,원피스,real,kfashion,,리조트,phash_1305,,train
461125,images/real/로맨틱/461125.jpg,1,원피스,원피스|상의|하의,real,kfashion,,로맨틱,u_155868609449830800,,test
783233,images/real/리조트/783233.jpg,1,원피스,원피스,real,kfashion,,리조트,phash_1306,,train
565865,images/real/페미닌/565865.jpg,1,원피스,원피스,real,kfashion,,페미닌,phash_1307,,train
1291068,images/real/스트리트/1291068.jpg,1,원피스,원피스,real,kfashion,,스트리트,phash_1308,,train
1253666,images/real/스트리트/1253666.jpg,1,원피스,원피스,real,kfashion,,스트리트,phash_1309,,train
213565,images/real/스트리트/213565.jpg,1,원피스,원피스|상의,real,kfashion,,스트리트,habanjang_312,,train
1071185,images/real/페미닌/1071185.jpg,1,원피스,원피스,real,kfashion,,페미닌,phash_1310,,train
1299214,images/real/로맨틱/1299214.jpg,1,원피스,원피스|상의,real,kfashion,,로맨틱,phash_1311,,train
182541,images/real/페미닌/182541.jpg,1,원피스,원피스,real,kfashion,,페미닌,doorim_1189,,train
1333669,images/real/리조트/1333669.jpg,1,원피스,원피스,real,kfashion,,리조트,phash_1312,,train
897382,images/real/페미닌/897382.jpg,1,원피스,원피스,real,kfashion,,페미닌,phash_1313,,train
749354,images/real/스트리트/749354.jpg,1,원피스,원피스,real,kfashion,,스트리트,phash_1314,,train
1328305,images/real/스트리트/1328305.jpg,1,원피스,원피스,real,kfashion,,스트리트,phash_1315,,train
1336213,images/real/스트리트/1336213.jpg,1,원피스,원피스,real,kfashion,,스트리트,phash_1316,,train
696130,images/real/스트리트/696130.jpg,1,원피스,원피스,real,kfashion,,스트리트,phash_1317,,train
60191,images/real/로맨틱/60191.jpg,1,원피스,원피스,real,kfashion,,로맨틱,phash_1318,,train
1118315,images/real/페미닌/1118315.jpg,1,원피스,원피스,real,kfashion,,페미닌,phash_1319,,train
122436,images/real/리조트/122436.jpg,1,원피스,원피스|상의,real,kfashion,,리조트,POUND_045,,train
861126,images/real/컨트리/861126.jpg,1,원피스,원피스,real,kfashion,,컨트리,phash_1320,,train
1295366,images/real/스트리트/1295366.jpg,1,원피스,원피스|상의,real,kfashion,,스트리트,phash_1321,,train
361841,images/real/스트리트/361841.jpg,1,원피스,원피스,real,kfashion,,스트리트,phash_1322,,train
85284,images/real/모던/85284.jpg,1,원피스,원피스|아우터|상의,real,kfashion,,모던,phash_1323,,train
627387,images/real/페미닌/627387.jpg,1,원피스,원피스,real,kfashion,,페미닌,phash_1324,,train
240334,images/real/모던/240334.jpg,1,원피스,원피스,real,kfashion,,모던,Luisa_018,,train
916590,images/real/리조트/916590.jpg,1,원피스,원피스,real,kfashion,,리조트,phash_1325,,train
933679,images/real/로맨틱/933679.jpg,1,원피스,원피스,real,kfashion,,로맨틱,phash_1326,,train
1200973,images/real/로맨틱/1200973.jpg,1,원피스,원피스,real,kfashion,,로맨틱,phash_1327,,train
358899,images/real/리조트/358899.jpg,1,원피스,원피스|상의|하의,real,kfashion,,리조트,Eroom_449,,train
1206643,images/real/컨트리/1206643.jpg,1,원피스,원피스,real,kfashion,,컨트리,phash_1328,,train
474527,images/real/컨트리/474527.jpg,1,원피스,원피스,real,kfashion,,컨트리,phash_1329,,train
260189,images/real/스트리트/260189.jpg,1,원피스,원피스|상의,real,kfashion,,스트리트,GramMeterGroove_017,,train
968857,images/real/키치/968857.jpg,1,원피스,원피스,real,kfashion,,키치,phash_1330,,train
981795,images/real/로맨틱/981795.jpg,1,원피스,원피스,real,kfashion,,로맨틱,phash_1331,,train
1073534,images/real/모던/1073534.jpg,1,원피스,원피스,real,kfashion,,모던,phash_1332,,train
103677,images/real/모던/103677.jpg,1,원피스,원피스,real,kfashion,,모던,phash_1333,,train
718126,images/real/스트리트/718126.jpg,1,원피스,원피스|아우터|상의|하의,real,kfashion,,스트리트,phash_1334,,train
533362,images/real/리조트/533362.jpg,1,원피스,원피스,real,kfashion,,리조트,phash_1335,,train
222809,images/real/페미닌/222809.jpg,1,원피스,원피스,real,kfashion,,페미닌,HONEYCOMB_032,,train
428966,images/real/모던/428966.jpg,1,원피스,원피스,real,kfashion,,모던,TimelessC_049,,train
278821,images/real/히피/278821.jpg,1,원피스,원피스,real,kfashion,,히피,MUN_1018,,train
936256,images/real/오리엔탈/936256.jpg,1,원피스,원피스,real,kfashion,,오리엔탈,phash_1336,,train
461035,images/real/리조트/461035.jpg,1,원피스,원피스,real,kfashion,,리조트,u_155868074090952700,,val
1018871,images/real/리조트/1018871.jpg,1,원피스,원피스,real,kfashion,,리조트,phash_1337,,train
1202654,images/real/리조트/1202654.jpg,1,원피스,원피스,real,kfashion,,리조트,phash_1338,,train
535746,images/real/로맨틱/535746.jpg,1,원피스,원피스,real,kfashion,,로맨틱,phash_1339,,train
776592,images/real/스트리트/776592.jpg,1,원피스,원피스,real,kfashion,,스트리트,phash_1340,,train
245455,images/real/리조트/245455.jpg,1,원피스,원피스,real,kfashion,,리조트,Mademoon_352,,train
70527,images/real/스트리트/70527.jpg,1,원피스,원피스,real,kfashion,,스트리트,Common_012,,train
744227,images/real/로맨틱/744227.jpg,1,원피스,원피스,real,kfashion,,로맨틱,phash_1341,,train
932527,images/real/페미닌/932527.jpg,1,원피스,원피스,real,kfashion,,페미닌,phash_1342,,train
537010,images/real/밀리터리/537010.jpg,1,원피스,원피스,real,kfashion,,밀리터리,phash_1343,,train
812345,images/real/페미닌/812345.jpg,1,원피스,원피스,real,kfashion,,페미닌,phash_1344,,train
1077164,images/real/스트리트/1077164.jpg,1,원피스,원피스,real,kfashion,,스트리트,phash_1345,,train
458270,images/real/로맨틱/458270.jpg,1,원피스,원피스,real,kfashion,,로맨틱,u_155381910716712800,,train
570512,images/real/클래식/570512.jpg,1,원피스,원피스,real,kfashion,,클래식,phash_1346,,train
275543,images/real/클래식/275543.jpg,1,원피스,원피스,real,kfashion,,클래식,phash_1347,,train
468053,images/real/모던/468053.jpg,1,원피스,원피스,real,kfashion,,모던,u_156472396014345200,,val
581242,images/real/모던/581242.jpg,1,원피스,원피스,real,kfashion,,모던,phash_1348,,train
152194,images/real/리조트/152194.jpg,1,원피스,원피스,real,kfashion,,리조트,phash_1349,,train
797803,images/real/힙합/797803.jpg,1,원피스,원피스,real,kfashion,,힙합,phash_1350,,train
516031,images/real/페미닌/516031.jpg,1,원피스,원피스,real,kfashion,,페미닌,phash_1351,,train
264232,images/real/리조트/264232.jpg,1,원피스,원피스,real,kfashion,,리조트,phash_1352,,train
1253433,images/real/스트리트/1253433.jpg,1,원피스,원피스,real,kfashion,,스트리트,phash_1353,,train
279229,images/real/컨트리/279229.jpg,1,원피스,원피스,real,kfashion,,컨트리,phash_1354,,train
624205,images/real/리조트/624205.jpg,1,원피스,원피스,real,kfashion,,리조트,phash_1355,,train
100662,images/real/리조트/100662.jpg,1,원피스,원피스|상의|하의,real,kfashion,,리조트,Ave29Th_475,,train
465883,images/real/리조트/465883.jpg,1,원피스,원피스,real,kfashion,,리조트,u_155970879084056400,,train
1233449,images/real/리조트/1233449.jpg,1,원피스,원피스|상의|하의,real,kfashion,,리조트,phash_1356,,train
791294,images/real/리조트/791294.jpg,1,원피스,원피스|상의,real,kfashion,,리조트,phash_1357,,train
1072240,images/real/컨트리/1072240.jpg,1,원피스,원피스|상의,real,kfashion,,컨트리,phash_1358,,train
1202395,images/real/로맨틱/1202395.jpg,1,원피스,원피스,real,kfashion,,로맨틱,phash_1359,,train
1244258,images/real/스트리트/1244258.jpg,1,원피스,원피스|상의|하의,real,kfashion,,스트리트,phash_1360,,train
852725,images/real/클래식/852725.jpg,1,원피스,원피스,real,kfashion,,클래식,phash_1361,,train
1105574,images/real/페미닌/1105574.jpg,1,원피스,원피스,real,kfashion,,페미닌,phash_1362,,val
1310986,images/real/스트리트/1310986.jpg,1,원피스,원피스,real,kfashion,,스트리트,phash_1363,,test
905501,images/real/스트리트/905501.jpg,1,원피스,원피스,real,kfashion,,스트리트,phash_1364,,train
649850,images/real/클래식/649850.jpg,1,원피스,원피스,real,kfashion,,클래식,phash_1365,,val
1101540,images/real/리조트/1101540.jpg,1,원피스,원피스,real,kfashion,,리조트,phash_1366,,test
222836,images/real/페미닌/222836.jpg,1,원피스,원피스|상의|하의,real,kfashion,,페미닌,HONEYCOMB_034,,train
738022,images/real/로맨틱/738022.jpg,1,원피스,원피스,real,kfashion,,로맨틱,phash_1367,,train
459130,images/real/로맨틱/459130.jpg,1,원피스,원피스,real,kfashion,,로맨틱,u_155548763361279200,,val
705886,images/real/모던/705886.jpg,1,원피스,원피스|아우터,real,kfashion,,모던,phash_1368,,val
363637,images/real/스트리트/363637.jpg,1,원피스,원피스,real,kfashion,,스트리트,Moko_001,,train
474556,images/real/스포티/474556.jpg,1,원피스,원피스,real,kfashion,,스포티,phash_1369,,test
746469,images/real/컨트리/746469.jpg,1,원피스,원피스,real,kfashion,,컨트리,phash_1370,,train
459822,images/real/스트리트/459822.jpg,1,원피스,원피스,real,kfashion,,스트리트,u_155686993124817300,,train
457939,images/real/스트리트/457939.jpg,1,원피스,원피스,real,kfashion,,스트리트,u_155315657728263000,,test
1142694,images/real/페미닌/1142694.jpg,1,원피스,원피스|아우터|상의,real,kfashion,,페미닌,phash_1371,,val
535434,images/real/로맨틱/535434.jpg,1,원피스,원피스,real,kfashion,,로맨틱,phash_1372,,test
1072936,images/real/리조트/1072936.jpg,1,원피스,원피스,real,kfashion,,리조트,phash_1373,,train
935906,images/real/모던/935906.jpg,1,원피스,원피스,real,kfashion,,모던,phash_1374,,val
534895,images/real/페미닌/534895.jpg,1,원피스,원피스,real,kfashion,,페미닌,phash_1375,,test
535823,images/real/로맨틱/535823.jpg,1,원피스,원피스,real,kfashion,,로맨틱,phash_1376,,train
750122,images/real/스트리트/750122.jpg,1,원피스,원피스,real,kfashion,,스트리트,phash_1377,,val
889498,images/real/스트리트/889498.jpg,1,원피스,원피스,real,kfashion,,스트리트,phash_1378,,test
913588,images/real/페미닌/913588.jpg,1,원피스,원피스,real,kfashion,,페미닌,phash_573,,train
471631,images/real/컨트리/471631.jpg,1,원피스,원피스,real,kfashion,,컨트리,phash_1379,,train
1052210,images/real/스트리트/1052210.jpg,1,원피스,원피스,real,kfashion,,스트리트,phash_1380,,val
1077317,images/real/리조트/1077317.jpg,1,원피스,원피스,real,kfashion,,리조트,phash_1381,,test
627185,images/real/클래식/627185.jpg,1,원피스,원피스,real,kfashion,,클래식,phash_1382,,train
533465,images/real/페미닌/533465.jpg,1,원피스,원피스,real,kfashion,,페미닌,phash_1383,,val
1222892,images/real/페미닌/1222892.jpg,1,원피스,원피스|아우터,real,kfashion,,페미닌,phash_1384,,test
332041,images/real/리조트/332041.jpg,1,원피스,원피스,real,kfashion,,리조트,SONG_036,,train
1096171,images/real/리조트/1096171.jpg,1,원피스,원피스,real,kfashion,,리조트,phash_1385,,train
569632,images/real/스트리트/569632.jpg,1,원피스,원피스,real,kfashion,,스트리트,phash_1386,,val
133647,images/real/컨트리/133647.jpg,1,원피스,원피스,real,kfashion,,컨트리,Gru_575,,train
358391,images/real/로맨틱/358391.jpg,1,원피스,원피스,real,kfashion,,로맨틱,phash_1387,,test
1050950,images/real/리조트/1050950.jpg,1,원피스,원피스,real,kfashion,,리조트,phash_1388,,train
475096,images/real/컨트리/475096.jpg,1,원피스,원피스,real,kfashion,,컨트리,phash_1389,,val
1333531,images/real/리조트/1333531.jpg,1,원피스,원피스,real,kfashion,,리조트,phash_1280,,train
594254,images/real/모던/594254.jpg,1,원피스,원피스,real,kfashion,,모던,phash_1390,,test
183581,images/real/리조트/183581.jpg,1,원피스,원피스|아우터|상의|하의,real,kfashion,,리조트,doorim_1256,,train
175425,images/real/리조트/175425.jpg,1,원피스,원피스,real,kfashion,,리조트,TimelessC_062,,train
466048,images/real/섹시/466048.jpg,1,원피스,원피스,real,kfashion,,섹시,u_156014856146999000,,test
647246,images/real/리조트/647246.jpg,1,원피스,원피스,real,kfashion,,리조트,phash_1391,,train
1071658,images/real/스트리트/1071658.jpg,1,원피스,원피스,real,kfashion,,스트리트,phash_1392,,val
527754,images/real/컨트리/527754.jpg,1,원피스,원피스|아우터,real,kfashion,,컨트리,phash_1393,,test
419444,images/real/모던/419444.jpg,1,원피스,원피스,real,kfashion,,모던,JEWERLY_118,,train
651886,images/real/로맨틱/651886.jpg,1,원피스,원피스,real,kfashion,,로맨틱,phash_1394,,train
919020,images/real/리조트/919020.jpg,1,원피스,원피스,real,kfashion,,리조트,phash_1395,,val
453886,images/real/리조트/453886.jpg,1,원피스,원피스,real,kfashion,,리조트,phash_1396,,test
467000,images/real/페미닌/467000.jpg,1,원피스,원피스,real,kfashion,,페미닌,u_156153582983997300,,test
588126,images/real/클래식/588126.jpg,1,원피스,원피스,real,kfashion,,클래식,phash_1397,,train
175465,images/real/모던/175465.jpg,1,원피스,원피스,real,kfashion,,모던,TimelessC_065,,train
1072485,images/real/리조트/1072485.jpg,1,원피스,원피스,real,kfashion,,리조트,phash_1398,,val
361022,images/real/페미닌/361022.jpg,1,원피스,원피스,real,kfashion,,페미닌,phash_1399,,test
590806,images/real/모던/590806.jpg,1,원피스,원피스,real,kfashion,,모던,phash_1400,,train
252764,images/real/페미닌/252764.jpg,1,원피스,원피스,real,kfashion,,페미닌,Moda_312,,train
1040354,images/real/클래식/1040354.jpg,1,원피스,원피스,real,kfashion,,클래식,phash_1401,,val
78599,images/real/로맨틱/78599.jpg,1,원피스,원피스,real,kfashion,,로맨틱,doorim_1277,,train
133374,images/real/컨트리/133374.jpg,1,원피스,원피스,real,kfashion,,컨트리,Gru_566,,train
534379,images/real/페미닌/534379.jpg,1,원피스,원피스,real,kfashion,,페미닌,phash_1402,,test
218150,images/real/리조트/218150.jpg,1,원피스,원피스,real,kfashion,,리조트,hanna_311,,train
1297670,images/real/페미닌/1297670.jpg,1,원피스,원피스,real,kfashion,,페미닌,phash_1403,,train
117660,images/real/페미닌/117660.jpg,1,원피스,원피스,real,kfashion,,페미닌,Otgage_090,,train
1336088,images/real/리조트/1336088.jpg,1,원피스,원피스,real,kfashion,,리조트,phash_1404,,val
227741,images/real/리조트/227741.jpg,1,원피스,원피스|상의|하의,real,kfashion,,리조트,phash_1405,,test
723981,images/real/페미닌/723981.jpg,1,원피스,원피스,real,kfashion,,페미닌,phash_1406,,train
350100,images/real/페미닌/350100.jpg,1,원피스,원피스|아우터,real,kfashion,,페미닌,phash_1407,,val
182557,images/real/페미닌/182557.jpg,1,원피스,원피스,real,kfashion,,페미닌,doorim_1190,,train
707614,images/real/소피스트케이티드/707614.jpg,1,원피스,원피스|상의|하의,real,kfashion,,소피스트케이티드,phash_42,,train
1004518,images/real/페미닌/1004518.jpg,1,원피스,원피스,real,kfashion,,페미닌,phash_1408,,test
183885,images/real/로맨틱/183885.jpg,1,원피스,원피스|아우터,real,kfashion,,로맨틱,doorim_1276,,train
1205960,images/real/로맨틱/1205960.jpg,1,원피스,원피스,real,kfashion,,로맨틱,phash_1409,,train
692773,images/real/로맨틱/692773.jpg,1,원피스,원피스,real,kfashion,,로맨틱,phash_1410,,val
222720,images/real/로맨틱/222720.jpg,1,원피스,원피스,real,kfashion,,로맨틱,phash_1411,,test
534561,images/real/페미닌/534561.jpg,1,원피스,원피스,real,kfashion,,페미닌,phash_1412,,train
1158133,images/real/페미닌/1158133.jpg,1,원피스,원피스|상의,real,kfashion,,페미닌,phash_1413,,val
1152564,images/real/모던/1152564.jpg,1,원피스,원피스,real,kfashion,,모던,phash_1414,,test
645557,images/real/페미닌/645557.jpg,1,원피스,원피스,real,kfashion,,페미닌,phash_1415,,train
474429,images/real/리조트/474429.jpg,1,원피스,원피스,real,kfashion,,리조트,phash_1416,,val
1105529,images/real/페미닌/1105529.jpg,1,원피스,원피스,real,kfashion,,페미닌,phash_1417,,test
470566,images/real/스트리트/470566.jpg,1,원피스,원피스,real,kfashion,,스트리트,u_157172085255485399,,train
279114,images/real/페미닌/279114.jpg,1,원피스,원피스,real,kfashion,,페미닌,MUN_1041,,train
531835,images/real/페미닌/531835.jpg,1,원피스,원피스,real,kfashion,,페미닌,phash_1418,,train
1253808,images/real/로맨틱/1253808.jpg,1,원피스,원피스,real,kfashion,,로맨틱,u_156325092148990300,,train
1173204,images/real/컨트리/1173204.jpg,1,원피스,원피스|아우터,real,kfashion,,컨트리,phash_1419,,val
421520,images/real/페미닌/421520.jpg,1,원피스,원피스,real,kfashion,,페미닌,phash_1420,,test
422971,images/real/클래식/422971.jpg,1,원피스,원피스,real,kfashion,,클래식,phash_1421,,train
460529,images/real/모던/460529.jpg,1,원피스,원피스,real,kfashion,,모던,u_155807151257860999,,train
534729,images/real/페미닌/534729.jpg,1,원피스,원피스,real,kfashion,,페미닌,phash_1422,,val
588350,images/real/모던/588350.jpg,1,원피스,원피스,real,kfashion,,모던,phash_1423,,test
453576,images/real/아방가르드/453576.jpg,1,원피스,원피스,real,kfashion,,아방가르드,phash_1424,,train
860207,images/real/리조트/860207.jpg,1,원피스,원피스,real,kfashion,,리조트,phash_1425,,val
955813,images/real/페미닌/955813.jpg,1,원피스,원피스|아우터|하의,real,kfashion,,페미닌,phash_1426,,test
452222,images/real/스트리트/452222.jpg,1,원피스,원피스,real,kfashion,,스트리트,phash_1427,,train
569452,images/real/모던/569452.jpg,1,원피스,원피스|아우터|상의,real,kfashion,,모던,phash_1428,,val
783080,images/real/스트리트/783080.jpg,1,원피스,원피스,real,kfashion,,스트리트,phash_1429,,test
533749,images/real/로맨틱/533749.jpg,1,원피스,원피스,real,kfashion,,로맨틱,phash_1430,,train
987298,images/real/페미닌/987298.jpg,1,원피스,원피스|상의,real,kfashion,,페미닌,phash_1431,,val
447210,images/real/로맨틱/447210.jpg,1,원피스,원피스,real,kfashion,,로맨틱,phash_1432,,test
159972,images/real/리조트/159972.jpg,1,원피스,원피스,real,kfashion,,리조트,HARYN_040,,train
649372,images/real/스트리트/649372.jpg,1,원피스,원피스,real,kfashion,,스트리트,phash_1433,,train
469732,images/real/스트리트/469732.jpg,1,원피스,원피스|상의,real,kfashion,,스트리트,u_156931400042961900,,train
562659,images/real/아방가르드/562659.jpg,1,원피스,원피스,real,kfashion,,아방가르드,IMG_9999,,train
878934,images/real/스트리트/878934.jpg,1,원피스,원피스,real,kfashion,,스트리트,phash_1434,,val
46777,images/real/리조트/46777.jpg,1,원피스,원피스,real,kfashion,,리조트,phash_1435,,test
947331,images/real/소피스트케이티드/947331.jpg,1,원피스,원피스,real,kfashion,,소피스트케이티드,phash_1436,,train
196030,images/real/페미닌/196030.jpg,1,원피스,원피스,real,kfashion,,페미닌,Dduddu_334,,train
1285296,images/real/리조트/1285296.jpg,1,원피스,원피스,real,kfashion,,리조트,phash_1437,,val
79573,images/real/모던/79573.jpg,1,원피스,원피스,real,kfashion,,모던,Gaudi_022,,train
100632,images/real/밀리터리/100632.jpg,1,원피스,원피스,real,kfashion,,밀리터리,Ave29Th_473,,train
1060000,images/real/스트리트/1060000.jpg,1,원피스,원피스,real,kfashion,,스트리트,phash_1438,,test
37230,images/real/스트리트/37230.jpg,1,원피스,원피스,real,kfashion,,스트리트,MAYJ_155,,train
1137945,images/real/리조트/1137945.jpg,1,원피스,원피스,real,kfashion,,리조트,phash_1439,,train
1319926,images/real/스트리트/1319926.jpg,1,원피스,원피스,real,kfashion,,스트리트,phash_1440,,val
447524,images/real/컨트리/447524.jpg,1,원피스,원피스|하의,real,kfashion,,컨트리,phash_1441,,test
968849,images/real/키치/968849.jpg,1,원피스,원피스,real,kfashion,,키치,phash_1442,,train
869711,images/real/로맨틱/869711.jpg,1,원피스,원피스,real,kfashion,,로맨틱,phash_1443,,val
985917,images/real/모던/985917.jpg,1,원피스,원피스,real,kfashion,,모던,phash_1444,,test
822962,images/real/리조트/822962.jpg,1,원피스,원피스,real,kfashion,,리조트,phash_1445,,train
896292,images/real/스트리트/896292.jpg,1,원피스,원피스|상의,real,kfashion,,스트리트,phash_1446,,val
1017237,images/real/리조트/1017237.jpg,1,원피스,원피스|상의,real,kfashion,,리조트,phash_1447,,test
1207249,images/real/모던/1207249.jpg,1,원피스,원피스,real,kfashion,,모던,phash_1448,,train
74213,images/real/스트리트/74213.jpg,1,원피스,원피스|상의,real,kfashion,,스트리트,DAKS_1604,,train
896235,images/real/리조트/896235.jpg,1,원피스,원피스,real,kfashion,,리조트,phash_1449,,val
1241284,images/real/리조트/1241284.jpg,1,원피스,원피스,real,kfashion,,리조트,phash_1450,,test
812161,images/real/로맨틱/812161.jpg,1,원피스,원피스,real,kfashion,,로맨틱,phash_1451,,train
292062,images/real/로맨틱/292062.jpg,1,원피스,원피스,real,kfashion,,로맨틱,BYBLING_016,,train
467976,images/real/모던/467976.jpg,1,원피스,원피스,real,kfashion,,모던,u_156455538292769000,,train
219011,images/real/스트리트/219011.jpg,1,원피스,원피스,real,kfashion,,스트리트,Hanna_345,,train
262049,images/real/페미닌/262049.jpg,1,원피스,원피스,real,kfashion,,페미닌,GramMeterGroove_112,,train
472052,images/real/스트리트/472052.jpg,1,원피스,원피스,real,kfashion,,스트리트,phash_1452,,val
904548,images/real/리조트/904548.jpg,1,원피스,원피스|아우터,real,kfashion,,리조트,phash_1453,,test
167285,images/real/리조트/167285.jpg,1,원피스,원피스,real,kfashion,,리조트,PRS_794,,train
1202563,images/real/소피스트케이티드/1202563.jpg,1,원피스,원피스|아우터,real,kfashion,,소피스트케이티드,phash_1454,,train
1159030,images/real/페미닌/1159030.jpg,1,원피스,원피스,real,kfashion,,페미닌,phash_1455,,val
796892,images/real/모던/796892.jpg,1,원피스,원피스,real,kfashion,,모던,phash_1456,,test
428656,images/real/리조트/428656.jpg,1,원피스,원피스,real,kfashion,,리조트,TimelessC_029,,train
167143,images/real/리조트/167143.jpg,1,원피스,원피스,real,kfashion,,리조트,PRS_790,,train
1201614,images/real/컨트리/1201614.jpg,1,원피스,원피스,real,kfashion,,컨트리,phash_1457,,train
447097,images/real/컨트리/447097.jpg,1,원피스,원피스,real,kfashion,,컨트리,phash_1458,,val
899163,images/real/스트리트/899163.jpg,1,원피스,원피스|상의,real,kfashion,,스트리트,phash_1459,,test
1204401,images/real/컨트리/1204401.jpg,1,원피스,원피스|상의,real,kfashion,,컨트리,phash_1460,,train
693719,images/real/모던/693719.jpg,1,원피스,원피스,real,kfashion,,모던,phash_1461,,val
1150939,images/real/컨트리/1150939.jpg,1,원피스,원피스|아우터,real,kfashion,,컨트리,phash_1462,,test
116850,images/real/로맨틱/116850.jpg,1,원피스,원피스,real,kfashion,,로맨틱,Otgage_047,,train
761592,images/real/로맨틱/761592.jpg,1,원피스,원피스|상의|하의,real,kfashion,,로맨틱,phash_1463,,train
332127,images/real/스트리트/332127.jpg,1,원피스,원피스,real,kfashion,,스트리트,SONG_042,,train
184299,images/real/컨트리/184299.jpg,1,원피스,원피스,real,kfashion,,컨트리,phash_1464,,val
818048,images/real/스트리트/818048.jpg,1,원피스,원피스,real,kfashion,,스트리트,phash_1465,,test
815000,images/real/리조트/815000.jpg,1,원피스,원피스,real,kfashion,,리조트,phash_1466,,train
534972,images/real/리조트/534972.jpg,1,원피스,원피스,real,kfashion,,리조트,phash_1467,,val
1202156,images/real/페미닌/1202156.jpg,1,원피스,원피스,real,kfashion,,페미닌,phash_1468,,test
1199913,images/real/스트리트/1199913.jpg,1,원피스,원피스,real,kfashion,,스트리트,phash_1469,,train
265245,images/real/로맨틱/265245.jpg,1,원피스,원피스,real,kfashion,,로맨틱,Milligram_043,,train
291962,images/real/로맨틱/291962.jpg,1,원피스,원피스,real,kfashion,,로맨틱,BYBLING_009,,train
306589,images/real/모던/306589.jpg,1,원피스,원피스|상의|하의,real,kfashion,,모던,Blondie_172,,train
1076668,images/real/컨트리/1076668.jpg,1,원피스,원피스|상의,real,kfashion,,컨트리,phash_1470,,val
1332887,images/real/페미닌/1332887.jpg,1,원피스,원피스,real,kfashion,,페미닌,phash_613,,train
686935,images/real/페미닌/686935.jpg,1,원피스,원피스,real,kfashion,,페미닌,phash_1471,,test
852766,images/real/페미닌/852766.jpg,1,원피스,원피스,real,kfashion,,페미닌,phash_1472,,train
966385,images/real/스트리트/966385.jpg,1,원피스,원피스,real,kfashion,,스트리트,phash_1473,,val
429360,images/real/모던/429360.jpg,1,원피스,원피스,real,kfashion,,모던,TimelessC_075,,train
1137062,images/real/클래식/1137062.jpg,1,원피스,원피스|아우터,real,kfashion,,클래식,phash_1474,,test
1008702,images/real/로맨틱/1008702.jpg,1,원피스,원피스|아우터|상의|하의,real,kfashion,,로맨틱,phash_1475,,train
876947,images/real/로맨틱/876947.jpg,1,원피스,원피스,real,kfashion,,로맨틱,phash_1476,,val
567448,images/real/스트리트/567448.jpg,1,원피스,원피스,real,kfashion,,스트리트,phash_1477,,test
1171636,images/real/리조트/1171636.jpg,1,원피스,원피스|아우터,real,kfashion,,리조트,phash_1478,,train
1150744,images/real/모던/1150744.jpg,1,원피스,원피스|아우터,real,kfashion,,모던,phash_1479,,val
1286215,images/real/스트리트/1286215.jpg,1,원피스,원피스,real,kfashion,,스트리트,phash_1480,,test
449539,images/real/스트리트/449539.jpg,1,원피스,원피스,real,kfashion,,스트리트,phash_1481,,train
1286523,images/real/스트리트/1286523.jpg,1,원피스,원피스,real,kfashion,,스트리트,phash_1482,,val
221072,images/real/로맨틱/221072.jpg,1,원피스,원피스,real,kfashion,,로맨틱,phash_1483,,test
42205,images/real/스트리트/42205.jpg,1,원피스,원피스|아우터|상의|하의,real,kfashion,,스트리트,MiniBus_035,,train
292691,images/real/로맨틱/292691.jpg,1,원피스,원피스|상의|하의,real,kfashion,,로맨틱,Byyoon_034,,train
1077226,images/real/페미닌/1077226.jpg,1,원피스,원피스,real,kfashion,,페미닌,phash_1484,,train
969824,images/real/키치/969824.jpg,1,원피스,원피스,real,kfashion,,키치,phash_1485,,val
45253,images/real/리조트/45253.jpg,1,원피스,원피스,real,kfashion,,리조트,Buying_104,,train
1253792,images/real/스트리트/1253792.jpg,1,원피스,원피스|상의,real,kfashion,,스트리트,phash_1486,,test
772926,images/real/클래식/772926.jpg,1,원피스,원피스,real,kfashion,,클래식,phash_1487,,train
454922,images/real/모던/454922.jpg,1,원피스,원피스,real,kfashion,,모던,phash_1488,,val
535280,images/real/로맨틱/535280.jpg,1,원피스,원피스,real,kfashion,,로맨틱,phash_1489,,test
246864,images/real/스트리트/246864.jpg,1,원피스,원피스,real,kfashion,,스트리트,Moda_049,,train
149109,images/real/컨트리/149109.jpg,1,원피스,원피스|상의|하의,real,kfashion,,컨트리,phash_1490,,train
753324,images/real/스트리트/753324.jpg,1,원피스,원피스,real,kfashion,,스트리트,phash_1491,,val
569890,images/real/클래식/569890.jpg,1,원피스,원피스,real,kfashion,,클래식,phash_1492,,test
261313,images/real/모던/261313.jpg,1,원피스,원피스,real,kfashion,,모던,phash_1493,,train
333796,images/real/페미닌/333796.jpg,1,원피스,원피스,real,kfashion,,페미닌,phash_1494,,val
913930,images/real/페미닌/913930.jpg,1,원피스,원피스,real,kfashion,,페미닌,phash_1495,,test
221586,images/real/페미닌/221586.jpg,1,원피스,원피스,real,kfashion,,페미닌,Hanna_446,,train
988957,images/real/로맨틱/988957.jpg,1,원피스,원피스,real,kfashion,,로맨틱,phash_1496,,train
1079438,images/real/리조트/1079438.jpg,1,원피스,원피스,real,kfashion,,리조트,phash_1497,,val
8114,images/real/로맨틱/8114.jpg,1,원피스,원피스,real,kfashion,,로맨틱,phash_1498,,test
334967,images/real/스트리트/334967.jpg,1,원피스,원피스,real,kfashion,,스트리트,SOO_133,,train
1338018,images/real/스트리트/1338018.jpg,1,원피스,원피스,real,kfashion,,스트리트,phash_1499,,train
903346,images/real/소피스트케이티드/903346.jpg,1,원피스,원피스,real,kfashion,,소피스트케이티드,phash_1500,,val
1202099,images/real/키치/1202099.jpg,1,원피스,원피스|상의,real,kfashion,,키치,phash_1501,,test
1285305,images/real/스트리트/1285305.jpg,1,원피스,원피스,real,kfashion,,스트리트,phash_1502,,train
1291468,images/real/리조트/1291468.jpg,1,원피스,원피스,real,kfashion,,리조트,phash_1503,,val
459182,images/real/리조트/459182.jpg,1,원피스,원피스,real,kfashion,,리조트,u_155565435042847700,,test
166465,images/real/페미닌/166465.jpg,1,원피스,원피스,real,kfashion,,페미닌,PRS_771,,train
297538,images/real/컨트리/297538.jpg,1,원피스,원피스,real,kfashion,,컨트리,VanillaLatte_019,,train
446590,images/real/스트리트/446590.jpg,1,원피스,원피스,real,kfashion,,스트리트,phash_1504,,test
1240756,images/real/컨트리/1240756.jpg,1,원피스,원피스,real,kfashion,,컨트리,phash_1505,,train
175141,images/real/로맨틱/175141.jpg,1,원피스,원피스,real,kfashion,,로맨틱,TimelessC_045,,train
222488,images/real/로맨틱/222488.jpg,1,원피스,원피스,real,kfashion,,로맨틱,HONEYCOMB_011,,train
164468,images/real/로맨틱/164468.jpg,1,원피스,원피스,real,kfashion,,로맨틱,LIME_193,,train
1206287,images/real/리조트/1206287.jpg,1,원피스,원피스,real,kfashion,,리조트,phash_1506,,val
311471,images/real/소피스트케이티드/311471.jpg,1,원피스,원피스,real,kfashion,,소피스트케이티드,BLEE_021,,train
976218,images/real/스트리트/976218.jpg,1,원피스,원피스|아우터,real,kfashion,,스트리트,phash_1507,,test
535094,images/real/컨트리/535094.jpg,1,원피스,원피스,real,kfashion,,컨트리,phash_1508,,train
815326,images/real/스트리트/815326.jpg,1,원피스,원피스|상의,real,kfashion,,스트리트,phash_1509,,val
1319676,images/real/리조트/1319676.jpg,1,원피스,원피스,real,kfashion,,리조트,phash_1510,,test
194541,images/real/페미닌/194541.jpg,1,원피스,원피스,real,kfashion,,페미닌,phash_1511,,train
450484,images/real/컨트리/450484.jpg,1,원피스,원피스,real,kfashion,,컨트리,phash_1512,,val
1240495,images/real/리조트/1240495.jpg,1,원피스,원피스,real,kfashion,,리조트,phash_1513,,test
1335639,images/real/소피스트케이티드/1335639.jpg,1,원피스,원피스,real,kfashion,,소피스트케이티드,phash_1514,,train
233293,images/real/페미닌/233293.jpg,1,원피스,원피스,real,kfashion,,페미닌,PURPLE_108,,train
971672,images/real/모던/971672.jpg,1,원피스,원피스,real,kfashion,,모던,phash_1515,,train
176044,images/real/리조트/176044.jpg,1,원피스,원피스,real,kfashion,,리조트,TimelessC_102,,train
331757,images/real/스트리트/331757.jpg,1,원피스,원피스|상의,real,kfashion,,스트리트,SONG_017,,train
267525,images/real/페미닌/267525.jpg,1,원피스,원피스,real,kfashion,,페미닌,Millimeter_193,,train
579177,images/real/모던/579177.jpg,1,원피스,원피스,real,kfashion,,모던,phash_1516,,val
131091,images/real/페미닌/131091.jpg,1,원피스,원피스,real,kfashion,,페미닌,Gru_488,,train
533393,images/real/소피스트케이티드/533393.jpg,1,원피스,원피스,real,kfashion,,소피스트케이티드,phash_1517,,test
239737,images/real/컨트리/239737.jpg,1,원피스,원피스,real,kfashion,,컨트리,Lollipop_070,,train
298115,images/real/컨트리/298115.jpg,1,원피스,원피스,real,kfashion,,컨트리,VanillaLatte_057,,train
989737,images/real/컨트리/989737.jpg,1,원피스,원피스,real,kfashion,,컨트리,phash_1518,,train
590647,images/real/오리엔탈/590647.jpg,1,원피스,원피스,real,kfashion,,오리엔탈,phash_1519,,val
861566,images/real/톰보이/861566.jpg,1,원피스,원피스|상의|하의,real,kfashion,,톰보이,phash_1520,,test
581187,images/real/모던/581187.jpg,1,원피스,원피스,real,kfashion,,모던,phash_1521,,train
994477,images/real/스트리트/994477.jpg,1,원피스,원피스|하의,real,kfashion,,스트리트,phash_1522,,val
1076553,images/real/로맨틱/1076553.jpg,1,원피스,원피스|아우터,real,kfashion,,로맨틱,phash_1523,,test
1306393,images/real/스트리트/1306393.jpg,1,원피스,원피스,real,kfashion,,스트리트,phash_1524,,train
223066,images/real/소피스트케이티드/223066.jpg,1,원피스,원피스|하의,real,kfashion,,소피스트케이티드,HONEYCOMB_049,,train
85898,images/real/페미닌/85898.jpg,1,원피스,원피스,real,kfashion,,페미닌,LIME_1402,,train
895560,images/real/로맨틱/895560.jpg,1,원피스,원피스,real,kfashion,,로맨틱,phash_1525,,val
470552,images/real/스트리트/470552.jpg,1,원피스,원피스,real,kfashion,,스트리트,u_157172077164744900,,val
1203062,images/real/페미닌/1203062.jpg,1,원피스,원피스,real,kfashion,,페미닌,phash_1526,,test
660837,images/real/모던/660837.jpg,1,원피스,원피스,real,kfashion,,모던,phash_1527,,train
98277,images/real/페미닌/98277.jpg,1,원피스,원피스,real,kfashion,,페미닌,ADE_005,,train
429438,images/real/페미닌/429438.jpg,1,원피스,원피스,real,kfashion,,페미닌,TimelessC_080,,train
1203265,images/real/로맨틱/1203265.jpg,1,원피스,원피스,real,kfashion,,로맨틱,phash_1528,,val
1325624,images/real/페미닌/1325624.jpg,1,원피스,원피스,real,kfashion,,페미닌,phash_1529,,test
989193,images/real/스트리트/989193.jpg,1,원피스,원피스,real,kfashion,,스트리트,phash_1530,,train
1200071,images/real/모던/1200071.jpg,1,원피스,원피스|상의,real,kfashion,,모던,phash_1531,,val
693257,images/real/페미닌/693257.jpg,1,원피스,원피스,real,kfashion,,페미닌,phash_1532,,test
116304,images/real/페미닌/116304.jpg,1,원피스,원피스,real,kfashion,,페미닌,Otgage_010,,train
1159014,images/real/페미닌/1159014.jpg,1,원피스,원피스,real,kfashion,,페미닌,phash_1533,,train
682737,images/real/리조트/682737.jpg,1,원피스,원피스,real,kfashion,,리조트,phash_1534,,val
293096,images/real/로맨틱/293096.jpg,1,원피스,원피스,real,kfashion,,로맨틱,shasha_916,,train
1202756,images/real/페미닌/1202756.jpg,1,원피스,원피스,real,kfashion,,페미닌,phash_1535,,test
890229,images/real/스포티/890229.jpg,1,원피스,원피스,real,kfashion,,스포티,phash_1536,,train
221244,images/real/리조트/221244.jpg,1,원피스,원피스,real,kfashion,,리조트,Hanna_432,,train
722584,images/real/컨트리/722584.jpg,1,원피스,원피스,real,kfashion,,컨트리,phash_1194,,train
428907,images/real/페미닌/428907.jpg,1,원피스,원피스,real,kfashion,,페미닌,TimelessC_046,,train
313502,images/real/페미닌/313502.jpg,1,원피스,원피스,real,kfashion,,페미닌,BLEE_160,,train
189877,images/real/스트리트/189877.jpg,1,원피스,원피스,real,kfashion,,스트리트,phash_1537,,val
130976,images/real/리조트/130976.jpg,1,원피스,원피스,real,kfashion,,리조트,Gru_484,,train
917969,images/real/페미닌/917969.jpg,1,원피스,원피스,real,kfashion,,페미닌,phash_1538,,test
827500,images/real/리조트/827500.jpg,1,원피스,원피스,real,kfashion,,리조트,phash_1539,,train
1293589,images/real/로맨틱/1293589.jpg,1,원피스,원피스,real,kfashion,,로맨틱,phash_1540,,val
1106803,images/real/페미닌/1106803.jpg,1,원피스,원피스,real,kfashion,,페미닌,phash_1541,,test
899675,images/real/로맨틱/899675.jpg,1,원피스,원피스,real,kfashion,,로맨틱,phash_1542,,train
430497,images/real/리조트/430497.jpg,1,원피스,원피스,real,kfashion,,리조트,phash_1543,,val
1097650,images/real/로맨틱/1097650.jpg,1,원피스,원피스,real,kfashion,,로맨틱,phash_1544,,test
664930,images/real/스트리트/664930.jpg,1,원피스,원피스|아우터,real,kfashion,,스트리트,phash_1545,,train
834094,images/real/모던/834094.jpg,1,원피스,원피스,real,kfashion,,모던,phash_1546,,val
472770,images/real/스트리트/472770.jpg,1,원피스,원피스,real,kfashion,,스트리트,phash_1547,,test
132710,images/real/리조트/132710.jpg,1,원피스,원피스,real,kfashion,,리조트,Gru_548,,train
461640,images/real/스트리트/461640.jpg,1,원피스,원피스,real,kfashion,,스트리트,u_155954809150905000,,train
450358,images/real/프레피/450358.jpg,1,원피스,원피스|상의,real,kfashion,,프레피,phash_1548,,train
467676,images/real/리조트/467676.jpg,1,원피스,원피스,real,kfashion,,리조트,u_156325092148990300,,train
45918,images/real/스트리트/45918.jpg,1,원피스,원피스,real,kfashion,,스트리트,VanillaSpoon_003,,train
1316327,images/real/컨트리/1316327.jpg,1,원피스,원피스,real,kfashion,,컨트리,phash_1549,,val
222544,images/real/페미닌/222544.jpg,1,원피스,원피스,real,kfashion,,페미닌,HONEYCOMB_015,,train
971225,images/real/스트리트/971225.jpg,1,원피스,원피스,real,kfashion,,스트리트,phash_1550,,test
452646,images/real/로맨틱/452646.jpg,1,원피스,원피스,real,kfashion,,로맨틱,phash_1551,,train
1224965,images/real/리조트/1224965.jpg,1,원피스,원피스,real,kfashion,,리조트,phash_1552,,val
509808,images/real/컨트리/509808.jpg,1,원피스,원피스|아우터|상의,real,kfashion,,컨트리,phash_1553,,test
47193,images/real/리조트/47193.jpg,1,원피스,원피스,real,kfashion,,리조트,VanillaSpoon_086,,train
818949,images/real/키치/818949.jpg,1,원피스,원피스,real,kfashion,,키치,phash_1554,,train
998903,images/real/섹시/998903.jpg,1,원피스,원피스|아우터,real,kfashion,,섹시,phash_1555,,val
771942,images/real/페미닌/771942.jpg,1,원피스,원피스,real,kfashion,,페미닌,phash_1556,,test
469372,images/real/스포티/469372.jpg,1,원피스,원피스,real,kfashion,,스포티,u_156769612459634900,,test
743554,images/real/컨트리/743554.jpg,1,원피스,원피스,real,kfashion,,컨트리,phash_410,,train
151995,images/real/스트리트/151995.jpg,1,원피스,원피스,real,kfashion,,스트리트,phash_1557,,train
834114,images/real/모던/834114.jpg,1,원피스,원피스,real,kfashion,,모던,phash_1558,,val
255426,images/real/리조트/255426.jpg,1,원피스,원피스,real,kfashion,,리조트,REIGN_004,,train
836710,images/real/스트리트/836710.jpg,1,원피스,원피스,real,kfashion,,스트리트,phash_1559,,test
1020153,images/real/클래식/1020153.jpg,1,원피스,원피스,real,kfashion,,클래식,phash_1560,,train
1016174,images/real/스트리트/1016174.jpg,1,원피스,원피스,real,kfashion,,스트리트,phash_1561,,val
43479,images/real/클래식/43479.jpg,1,원피스,원피스,real,kfashion,,클래식,phash_1562,,test
1202302,images/real/스트리트/1202302.jpg,1,원피스,원피스,real,kfashion,,스트리트,phash_1563,,train
871564,images/real/페미닌/871564.jpg,1,원피스,원피스,real,kfashion,,페미닌,phash_1564,,val
917976,images/real/페미닌/917976.jpg,1,원피스,원피스,real,kfashion,,페미닌,phash_1565,,test
537087,images/real/페미닌/537087.jpg,1,원피스,원피스,real,kfashion,,페미닌,phash_1566,,train
193750,images/real/히피/193750.jpg,1,원피스,원피스,real,kfashion,,히피,phash_1567,,val
114940,images/real/모던/114940.jpg,1,원피스,원피스,real,kfashion,,모던,phash_1568,,test
218797,images/real/페미닌/218797.jpg,1,원피스,원피스,real,kfashion,,페미닌,Hanna_336,,train
561513,images/real/아방가르드/561513.jpg,1,원피스,원피스,real,kfashion,,아방가르드,phash_1569,,train
447627,images/real/리조트/447627.jpg,1,원피스,원피스,real,kfashion,,리조트,phash_1570,,val
87281,images/real/리조트/87281.jpg,1,원피스,원피스|아우터,real,kfashion,,리조트,LIME_1455,,train
246889,images/real/모던/246889.jpg,1,원피스,원피스,real,kfashion,,모던,Moda_049,,train
1206283,images/real/키치/1206283.jpg,1,원피스,원피스,real,kfashion,,키치,phash_1571,,test
574879,images/real/모던/574879.jpg,1,원피스,원피스,real,kfashion,,모던,phash_1572,,train
629726,images/real/리조트/629726.jpg,1,원피스,원피스,real,kfashion,,리조트,phash_1573,,val
57120,images/real/모던/57120.jpg,1,원피스,원피스,real,kfashion,,모던,phash_1574,,test
457586,images/real/모던/457586.jpg,1,원피스,원피스,real,kfashion,,모던,u_155194733711534700,,val
471910,images/real/리조트/471910.jpg,1,원피스,원피스,real,kfashion,,리조트,phash_1575,,train
1129238,images/real/프레피/1129238.jpg,1,원피스,원피스|아우터|상의,real,kfashion,,프레피,phash_1576,,val
552584,images/real/오리엔탈/552584.jpg,1,원피스,원피스,real,kfashion,,오리엔탈,phash_1577,,test
941082,images/real/모던/941082.jpg,1,원피스,원피스|상의,real,kfashion,,모던,phash_1578,,train
739985,images/real/스포티/739985.jpg,1,원피스,원피스,real,kfashion,,스포티,phash_1579,,val
1108540,images/real/스트리트/1108540.jpg,1,원피스,원피스,real,kfashion,,스트리트,phash_1580,,test
771959,images/real/키치/771959.jpg,1,원피스,원피스,real,kfashion,,키치,phash_1581,,train
169258,images/real/모던/169258.jpg,1,원피스,원피스,real,kfashion,,모던,PRS_868,,train
452078,images/real/모던/452078.jpg,1,원피스,원피스,real,kfashion,,모던,phash_1582,,val
1012096,images/real/리조트/1012096.jpg,1,원피스,원피스,real,kfashion,,리조트,phash_1583,,test
1111109,images/real/페미닌/1111109.jpg,1,원피스,원피스,real,kfashion,,페미닌,phash_1584,,train
877434,images/real/페미닌/877434.jpg,1,원피스,원피스,real,kfashion,,페미닌,phash_1585,,val
313586,images/real/클래식/313586.jpg,1,원피스,원피스,real,kfashion,,클래식,BLEE_166,,train
18573,images/real/스트리트/18573.jpg,1,원피스,원피스|아우터|하의,real,kfashion,,스트리트,Ray_001,,train
34308,images/real/스트리트/34308.jpg,1,원피스,원피스,real,kfashion,,스트리트,MAYJ_072,,train
1056078,images/real/스트리트/1056078.jpg,1,원피스,원피스,real,kfashion,,스트리트,phash_1586,,test
1299127,images/real/리조트/1299127.jpg,1,원피스,원피스|아우터,real,kfashion,,리조트,phash_1587,,train
468206,images/real/모던/468206.jpg,1,원피스,원피스,real,kfashion,,모던,u_156595185762924500,,test
194315,images/real/로맨틱/194315.jpg,1,원피스,원피스,real,kfashion,,로맨틱,Dduddu_267,,train
451951,images/real/모던/451951.jpg,1,원피스,원피스,real,kfashion,,모던,phash_1588,,val
660751,images/real/로맨틱/660751.jpg,1,원피스,원피스|아우터,real,kfashion,,로맨틱,phash_1589,,test
1072404,images/real/스트리트/1072404.jpg,1,원피스,원피스,real,kfashion,,스트리트,phash_1590,,train
685210,images/real/스트리트/685210.jpg,1,원피스,원피스|상의,real,kfashion,,스트리트,phash_1591,,val
696014,images/real/페미닌/696014.jpg,1,원피스,원피스,real,kfashion,,페미닌,phash_1271,,train
97849,images/real/리조트/97849.jpg,1,원피스,원피스,real,kfashion,,리조트,2brand_097,,train
572643,images/real/스포티/572643.jpg,1,원피스,원피스,real,kfashion,,스포티,phash_1592,,test
532604,images/real/리조트/532604.jpg,1,원피스,원피스|아우터,real,kfashion,,리조트,phash_1593,,train
466437,images/real/리조트/466437.jpg,1,원피스,원피스,real,kfashion,,리조트,u_156075366481370100,,val
1284454,images/real/클래식/1284454.jpg,1,원피스,원피스,real,kfashion,,클래식,phash_1594,,val
1329219,images/real/모던/1329219.jpg,1,원피스,원피스,real,kfashion,,모던,phash_1595,,test
985597,images/real/키치/985597.jpg,1,원피스,원피스,real,kfashion,,키치,phash_1596,,train
55912,images/real/히피/55912.jpg,1,원피스,원피스,real,kfashion,,히피,chaplin_309,,train
1341404,images/real/모던/1341404.jpg,1,원피스,원피스,real,kfashion,,모던,phash_1597,,val
12098,images/real/리조트/12098.jpg,1,원피스,원피스,real,kfashion,,리조트,Doi_019,,train
892858,images/real/로맨틱/892858.jpg,1,원피스,원피스,real,kfashion,,로맨틱,phash_1598,,test
264370,images/real/페미닌/264370.jpg,1,원피스,원피스,real,kfashion,,페미닌,MILADY_001,,train
1206190,images/real/페미닌/1206190.jpg,1,원피스,원피스,real,kfashion,,페미닌,phash_1599,,train
810699,images/real/리조트/810699.jpg,1,원피스,원피스,real,kfashion,,리조트,phash_1600,,val
830132,images/real/리조트/830132.jpg,1,원피스,원피스,real,kfashion,,리조트,phash_1601,,test
292334,images/real/로맨틱/292334.jpg,1,원피스,원피스,real,kfashion,,로맨틱,Byyoon_010,,train
828590,images/real/페미닌/828590.jpg,1,원피스,원피스,real,kfashion,,페미닌,phash_1602,,train
937593,images/real/컨트리/937593.jpg,1,원피스,원피스,real,kfashion,,컨트리,phash_1603,,val
649469,images/real/리조트/649469.jpg,1,원피스,원피스|아우터,real,kfashion,,리조트,phash_1604,,test
516300,images/real/페미닌/516300.jpg,1,원피스,원피스,real,kfashion,,페미닌,phash_1605,,train
73943,images/real/리조트/73943.jpg,1,원피스,원피스,real,kfashion,,리조트,DAKS_1592,,train
303533,images/real/로맨틱/303533.jpg,1,원피스,원피스,real,kfashion,,로맨틱,Blacknavy_186,,train
83818,images/real/로맨틱/83818.jpg,1,원피스,원피스,real,kfashion,,로맨틱,girlis_860,,train
466039,images/real/스트리트/466039.jpg,1,원피스,원피스|하의,real,kfashion,,스트리트,u_156014815431679900,,val
2024,images/real/소피스트케이티드/2024.jpg,1,원피스,원피스,real,kfashion,,소피스트케이티드,1ROHA_045,,train
972217,images/real/스트리트/972217.jpg,1,원피스,원피스,real,kfashion,,스트리트,phash_1606,,val
83890,images/real/로맨틱/83890.jpg,1,원피스,원피스,real,kfashion,,로맨틱,girlis_928,,train
922384,images/real/페미닌/922384.jpg,1,원피스,원피스,real,kfashion,,페미닌,phash_1607,,test
121543,images/real/리조트/121543.jpg,1,원피스,원피스,real,kfashion,,리조트,Palace_109,,train
561795,images/real/레트로/561795.jpg,1,원피스,원피스,real,kfashion,,레트로,phash_1608,,train
580383,images/real/클래식/580383.jpg,1,원피스,원피스,real,kfashion,,클래식,phash_1609,,val
159711,images/real/리조트/159711.jpg,1,원피스,원피스,real,kfashion,,리조트,phash_1610,,test
453586,images/real/스트리트/453586.jpg,1,원피스,원피스,real,kfashion,,스트리트,phash_1611,,train
675457,images/real/페미닌/675457.jpg,1,원피스,원피스,real,kfashion,,페미닌,phash_1612,,val
1203419,images/real/스포티/1203419.jpg,1,원피스,원피스,real,kfashion,,스포티,phash_1613,,test
423077,images/real/스포티/423077.jpg,1,원피스,원피스,real,kfashion,,스포티,phash_1614,,train
64059,images/real/페미닌/64059.jpg,1,원피스,원피스,real,kfashion,,페미닌,JoliJoli_035,,train
460125,images/real/리조트/460125.jpg,1,원피스,원피스,real,kfashion,,리조트,u_155738235852612400,,test
450589,images/real/모던/450589.jpg,1,원피스,원피스,real,kfashion,,모던,phash_1615,,val
1284862,images/real/섹시/1284862.jpg,1,원피스,원피스,real,kfashion,,섹시,phash_1616,,test
428712,images/real/모던/428712.jpg,1,원피스,원피스,real,kfashion,,모던,TimelessC_033,,train
567842,images/real/페미닌/567842.jpg,1,원피스,원피스|하의,real,kfashion,,페미닌,phash_1617,,train
430389,images/real/로맨틱/430389.jpg,1,원피스,원피스,real,kfashion,,로맨틱,TimelessC_131,,train
756186,images/real/로맨틱/756186.jpg,1,원피스,원피스|상의,real,kfashion,,로맨틱,phash_1618,,val
662298,images/real/페미닌/662298.jpg,1,원피스,원피스,real,kfashion,,페미닌,phash_1619,,test
1120112,images/real/페미닌/1120112.jpg,1,원피스,원피스,real,kfashion,,페미닌,phash_1620,,train
724015,images/real/리조트/724015.jpg,1,원피스,원피스|아우터,real,kfashion,,리조트,phash_1621,,val
1099563,images/real/클래식/1099563.jpg,1,원피스,원피스,real,kfashion,,클래식,phash_1622,,test
1368,images/real/로맨틱/1368.jpg,1,원피스,원피스,real,kfashion,,로맨틱,phash_1623,,train
271648,images/real/리조트/271648.jpg,1,원피스,원피스,real,kfashion,,리조트,phash_1624,,val
471142,images/real/스트리트/471142.jpg,1,원피스,원피스,real,kfashion,,스트리트,u_157372329333393000,,val
272903,images/real/리조트/272903.jpg,1,원피스,원피스,real,kfashion,,리조트,MUN_633,,train
1339489,images/real/로맨틱/1339489.jpg,1,원피스,원피스,real,kfashion,,로맨틱,phash_1625,,test
35637,images/real/스트리트/35637.jpg,1,원피스,원피스|상의,real,kfashion,,스트리트,MAYJ_110,,train
1077451,images/real/컨트리/1077451.jpg,1,원피스,원피스,real,kfashion,,컨트리,phash_1626,,train
359335,images/real/리조트/359335.jpg,1,원피스,원피스,real,kfashion,,리조트,Eroom_479,,train
460083,images/real/모던/460083.jpg,1,원피스,원피스,real,kfashion,,모던,u_155730641553032000,,val
137871,images/real/로맨틱/137871.jpg,1,원피스,원피스,real,kfashion,,로맨틱,CAROL_015,,train
1022420,images/real/로맨틱/1022420.jpg,1,원피스,원피스,real,kfashion,,로맨틱,phash_1627,,val
574597,images/real/모던/574597.jpg,1,원피스,원피스,real,kfashion,,모던,phash_1628,,test
1073687,images/real/페미닌/1073687.jpg,1,원피스,원피스,real,kfashion,,페미닌,phash_1629,,train
167904,images/real/페미닌/167904.jpg,1,원피스,원피스,real,kfashion,,페미닌,PRS_816,,train
874493,images/real/로맨틱/874493.jpg,1,원피스,원피스,real,kfashion,,로맨틱,phash_1630,,val
453645,images/real/소피스트케이티드/453645.jpg,1,원피스,원피스,real,kfashion,,소피스트케이티드,phash_1631,,test
419912,images/real/모던/419912.jpg,1,원피스,원피스,real,kfashion,,모던,phash_1632,,train
788692,images/real/스트리트/788692.jpg,1,원피스,원피스|상의,real,kfashion,,스트리트,phash_1633,,val
534512,images/real/페미닌/534512.jpg,1,원피스,원피스,real,kfashion,,페미닌,phash_1634,,test
313778,images/real/클래식/313778.jpg,1,원피스,원피스,real,kfashion,,클래식,BLEE_178,,train
722650,images/real/컨트리/722650.jpg,1,원피스,원피스|상의,real,kfashion,,컨트리,phash_1635,,train
1059139,images/real/컨트리/1059139.jpg,1,원피스,원피스,real,kfashion,,컨트리,phash_1636,,val
1176325,images/real/리조트/1176325.jpg,1,원피스,원피스,real,kfashion,,리조트,phash_1637,,test
149026,images/real/컨트리/149026.jpg,1,원피스,원피스,real,kfashion,,컨트리,Dokae_1214,,train
916977,images/real/스트리트/916977.jpg,1,원피스,원피스|상의,real,kfashion,,스트리트,phash_1638,,train
159566,images/real/모던/159566.jpg,1,원피스,원피스,real,kfashion,,모던,phash_1639,,val
448303,images/real/리조트/448303.jpg,1,원피스,원피스,real,kfashion,,리조트,phash_1640,,test
932461,images/real/로맨틱/932461.jpg,1,원피스,원피스,real,kfashion,,로맨틱,phash_1641,,train
216911,images/real/소피스트케이티드/216911.jpg,1,원피스,원피스,real,kfashion,,소피스트케이티드,Haemil_307,,train
176042,images/real/리조트/176042.jpg,1,원피스,원피스,real,kfashion,,리조트,TimelessC_102,,train
830454,images/real/스트리트/830454.jpg,1,원피스,원피스,real,kfashion,,스트리트,phash_1642,,val
59127,images/real/페미닌/59127.jpg,1,원피스,원피스|상의,real,kfashion,,페미닌,Gstudio_059,,train
986966,images/real/리조트/986966.jpg,1,원피스,원피스,real,kfashion,,리조트,phash_1643,,test
358998,images/real/리조트/358998.jpg,1,원피스,원피스|상의,real,kfashion,,리조트,Eroom_456,,train
1072916,images/real/로맨틱/1072916.jpg,1,원피스,원피스,real,kfashion,,로맨틱,phash_1644,,train
63348,images/real/소피스트케이티드/63348.jpg,1,원피스,원피스,real,kfashion,,소피스트케이티드,JoliJoli_006,,train
554086,images/real/모던/554086.jpg,1,원피스,원피스,real,kfashion,,모던,phash_1645,,val
1072945,images/real/페미닌/1072945.jpg,1,원피스,원피스,real,kfashion,,페미닌,phash_1646,,test
863349,images/real/페미닌/863349.jpg,1,원피스,원피스,real,kfashion,,페미닌,phash_1647,,train
448465,images/real/리조트/448465.jpg,1,원피스,원피스,real,kfashion,,리조트,phash_1648,,val
272624,images/real/리조트/272624.jpg,1,원피스,원피스,real,kfashion,,리조트,MUN_614,,train
221151,images/real/페미닌/221151.jpg,1,원피스,원피스,real,kfashion,,페미닌,Hanna_428,,train
531531,images/real/페미닌/531531.jpg,1,원피스,원피스,real,kfashion,,페미닌,phash_1649,,test
451380,images/real/스트리트/451380.jpg,1,원피스,원피스,real,kfashion,,스트리트,phash_1650,,train
551452,images/real/스트리트/551452.jpg,1,원피스,원피스,real,kfashion,,스트리트,phash_1258,,train
448235,images/real/컨트리/448235.jpg,1,원피스,원피스,real,kfashion,,컨트리,phash_1651,,val
1335625,images/real/소피스트케이티드/1335625.jpg,1,원피스,원피스,real,kfashion,,소피스트케이티드,phash_1514,,train
738347,images/real/로맨틱/738347.jpg,1,원피스,원피스,real,kfashion,,로맨틱,phash_1652,,test
441294,images/real/스트리트/441294.jpg,1,원피스,원피스,real,kfashion,,스트리트,phash_1653,,train
824622,images/real/페미닌/824622.jpg,1,원피스,원피스|상의,real,kfashion,,페미닌,phash_1654,,val
797088,images/real/로맨틱/797088.jpg,1,원피스,원피스,real,kfashion,,로맨틱,phash_1655,,test
348408,images/real/리조트/348408.jpg,1,원피스,원피스,real,kfashion,,리조트,Viv_115,,train
1241148,images/real/리조트/1241148.jpg,1,원피스,원피스,real,kfashion,,리조트,phash_1656,,train
423078,images/real/스포티/423078.jpg,1,원피스,원피스,real,kfashion,,스포티,phash_1657,,val
649893,images/real/섹시/649893.jpg,1,원피스,원피스,real,kfashion,,섹시,phash_1658,,test
89998,images/real/리조트/89998.jpg,1,원피스,원피스,real,kfashion,,리조트,LIME_1874,,train
775881,images/real/레트로/775881.jpg,1,원피스,원피스,real,kfashion,,레트로,phash_1659,,train
1057848,images/real/모던/1057848.jpg,1,원피스,원피스|상의,real,kfashion,,모던,phash_1660,,val
214286,images/real/스트리트/214286.jpg,1,원피스,원피스|아우터,real,kfashion,,스트리트,Haemil_187,,train
781486,images/real/리조트/781486.jpg,1,원피스,원피스|상의,real,kfashion,,리조트,phash_1661,,test
721249,images/real/스트리트/721249.jpg,1,원피스,원피스,real,kfashion,,스트리트,phash_1662,,train
120562,images/real/모던/120562.jpg,1,원피스,원피스,real,kfashion,,모던,Palace_042,,train
195823,images/real/소피스트케이티드/195823.jpg,1,원피스,원피스,real,kfashion,,소피스트케이티드,Dduddu_326,,train
588201,images/real/모던/588201.jpg,1,원피스,원피스,real,kfashion,,모던,phash_1663,,val
1200661,images/real/페미닌/1200661.jpg,1,원피스,원피스,real,kfashion,,페미닌,phash_1664,,test
330571,images/real/컨트리/330571.jpg,1,하의,하의,real,kfashion,,컨트리,Skin_204,,train
142046,images/real/로맨틱/142046.jpg,1,하의,하의,real,kfashion,,로맨틱,phash_1665,,train
1265380,images/real/스트리트/1265380.jpg,1,하의,하의,real,kfashion,,스트리트,phash_1666,,train
1212308,images/real/힙합/1212308.jpg,1,하의,하의,real,kfashion,,힙합,phash_1667,,train
282381,images/real/스트리트/282381.jpg,1,하의,하의,real,kfashion,,스트리트,BandM_085,,train
1231966,images/real/스트리트/1231966.jpg,1,하의,하의,real,kfashion,,스트리트,phash_1668,,train
357785,images/real/리조트/357785.jpg,1,하의,하의,real,kfashion,,리조트,phash_1669,,train
317803,images/real/모던/317803.jpg,1,하의,하의,real,kfashion,,모던,id_633,,train
708963,images/real/스트리트/708963.jpg,1,하의,하의,real,kfashion,,스트리트,phash_1670,,train
185079,images/real/스트리트/185079.jpg,1,하의,하의,real,kfashion,,스트리트,TONGJO_012,,train
257141,images/real/소피스트케이티드/257141.jpg,1,하의,하의,real,kfashion,,소피스트케이티드,Reina_059,,train
357399,images/real/스트리트/357399.jpg,1,하의,하의,real,kfashion,,스트리트,barrica_170,,train
89645,images/real/스트리트/89645.jpg,1,하의,하의,real,kfashion,,스트리트,LIME_1861,,train
202900,images/real/스트리트/202900.jpg,1,하의,하의,real,kfashion,,스트리트,fly_022,,train
281396,images/real/모던/281396.jpg,1,하의,하의,real,kfashion,,모던,BandM_053,,train
66279,images/real/페미닌/66279.jpg,1,하의,하의,real,kfashion,,페미닌,phash_1671,,train
140695,images/real/스트리트/140695.jpg,1,하의,하의,real,kfashion,,스트리트,phash_1672,,train
295098,images/real/스트리트/295098.jpg,1,하의,하의,real,kfashion,,스트리트,phash_1673,,train
1133475,images/real/페미닌/1133475.jpg,1,하의,하의,real,kfashion,,페미닌,phash_1674,,train
1208352,images/real/스트리트/1208352.jpg,1,하의,하의,real,kfashion,,스트리트,phash_1675,,train
1207693,images/real/스트리트/1207693.jpg,1,하의,하의,real,kfashion,,스트리트,phash_1676,,train
1134501,images/real/밀리터리/1134501.jpg,1,하의,하의,real,kfashion,,밀리터리,phash_1677,,train
765777,images/real/스트리트/765777.jpg,1,하의,하의,real,kfashion,,스트리트,phash_1678,,train
20780,images/real/소피스트케이티드/20780.jpg,1,하의,하의,real,kfashion,,소피스트케이티드,Recipe_116,,train
55262,images/real/스트리트/55262.jpg,1,하의,하의,real,kfashion,,스트리트,Blueice_020,,train
239056,images/real/톰보이/239056.jpg,1,하의,하의,real,kfashion,,톰보이,phash_1679,,train
296388,images/real/스트리트/296388.jpg,1,하의,하의,real,kfashion,,스트리트,phash_1680,,train
425930,images/real/스트리트/425930.jpg,1,하의,하의,real,kfashion,,스트리트,phash_1681,,train
1264276,images/real/젠더리스/1264276.jpg,1,하의,하의,real,kfashion,,젠더리스,phash_1682,,train
727158,images/real/스트리트/727158.jpg,1,하의,하의,real,kfashion,,스트리트,phash_1683,,train
1292661,images/real/스포티/1292661.jpg,1,하의,하의,real,kfashion,,스포티,phash_1684,,train
1207378,images/real/스트리트/1207378.jpg,1,하의,하의,real,kfashion,,스트리트,phash_1685,,train
1258931,images/real/스트리트/1258931.jpg,1,하의,하의,real,kfashion,,스트리트,phash_1686,,train
926948,images/real/클래식/926948.jpg,1,하의,하의,real,kfashion,,클래식,phash_1687,,train
240523,images/real/매니시/240523.jpg,1,하의,하의,real,kfashion,,매니시,phash_1688,,train
962969,images/real/스트리트/962969.jpg,1,하의,하의,real,kfashion,,스트리트,phash_1689,,train
519273,images/real/스트리트/519273.jpg,1,하의,하의,real,kfashion,,스트리트,phash_1690,,train
9723,images/real/스트리트/9723.jpg,1,하의,하의,real,kfashion,,스트리트,dodre_135,,train
283602,images/real/스트리트/283602.jpg,1,하의,하의,real,kfashion,,스트리트,BandM_122,,train
1100669,images/real/매니시/1100669.jpg,1,하의,하의,real,kfashion,,매니시,phash_1691,,train
125264,images/real/컨트리/125264.jpg,1,하의,하의,real,kfashion,,컨트리,Tiwana_024,,train
226210,images/real/모던/226210.jpg,1,하의,하의,real,kfashion,,모던,Labelle_175,,train
356189,images/real/리조트/356189.jpg,1,하의,하의,real,kfashion,,리조트,barrica_100,,train
1006646,images/real/젠더리스/1006646.jpg,1,하의,하의,real,kfashion,,젠더리스,phash_1692,,train
904760,images/real/스트리트/904760.jpg,1,하의,하의,real,kfashion,,스트리트,phash_1693,,train
1132705,images/real/스트리트/1132705.jpg,1,하의,하의,real,kfashion,,스트리트,phash_1694,,train
330374,images/real/컨트리/330374.jpg,1,하의,하의,real,kfashion,,컨트리,Skin_191,,train
1271346,images/real/스포티/1271346.jpg,1,하의,하의,real,kfashion,,스포티,phash_1695,,train
17320,images/real/소피스트케이티드/17320.jpg,1,하의,하의,real,kfashion,,소피스트케이티드,Lehcloset_113,,train
742306,images/real/소피스트케이티드/742306.jpg,1,하의,하의,real,kfashion,,소피스트케이티드,phash_1696,,train
230555,images/real/스트리트/230555.jpg,1,하의,하의,real,kfashion,,스트리트,Pinocchio_050,,train
953760,images/real/스트리트/953760.jpg,1,하의,하의,real,kfashion,,스트리트,phash_1697,,train
505089,images/real/스트리트/505089.jpg,1,하의,하의,real,kfashion,,스트리트,phash_1698,,train
259091,images/real/모던/259091.jpg,1,하의,하의,real,kfashion,,모던,phash_1699,,train
1134669,images/real/스트리트/1134669.jpg,1,하의,하의,real,kfashion,,스트리트,phash_1700,,train
1346127,images/real/클래식/1346127.jpg,1,하의,하의,real,kfashion,,클래식,phash_1701,,train
830701,images/real/스트리트/830701.jpg,1,하의,하의,real,kfashion,,스트리트,phash_1702,,train
1100458,images/real/모던/1100458.jpg,1,하의,하의,real,kfashion,,모던,phash_1703,,train
924740,images/real/스트리트/924740.jpg,1,하의,하의,real,kfashion,,스트리트,phash_1704,,train
517715,images/real/스트리트/517715.jpg,1,하의,하의,real,kfashion,,스트리트,phash_1705,,train
288670,images/real/리조트/288670.jpg,1,하의,하의,real,kfashion,,리조트,Barcode_217,,train
538610,images/real/스트리트/538610.jpg,1,하의,하의,real,kfashion,,스트리트,phash_1706,,train
950135,images/real/모던/950135.jpg,1,하의,하의,real,kfashion,,모던,phash_1707,,train
933790,images/real/스트리트/933790.jpg,1,하의,하의,real,kfashion,,스트리트,phash_1708,,train
425729,images/real/스트리트/425729.jpg,1,하의,하의,real,kfashion,,스트리트,vicky_032,,train
60734,images/real/스트리트/60734.jpg,1,하의,하의,real,kfashion,,스트리트,Gstudio_121,,train
1250092,images/real/컨트리/1250092.jpg,1,하의,하의,real,kfashion,,컨트리,phash_1709,,train
305228,images/real/리조트/305228.jpg,1,하의,하의,real,kfashion,,리조트,phash_1710,,train
506968,images/real/젠더리스/506968.jpg,1,하의,하의,real,kfashion,,젠더리스,phash_1711,,train
676976,images/real/스트리트/676976.jpg,1,하의,하의,real,kfashion,,스트리트,phash_1712,,train
18886,images/real/스트리트/18886.jpg,1,하의,하의,real,kfashion,,스트리트,Recipe_009,,train
747539,images/real/로맨틱/747539.jpg,1,하의,하의,real,kfashion,,로맨틱,phash_1713,,train
337704,images/real/스트리트/337704.jpg,1,하의,하의,real,kfashion,,스트리트,phash_1714,,train
1262262,images/real/스트리트/1262262.jpg,1,하의,하의,real,kfashion,,스트리트,phash_1715,,train
430601,images/real/레트로/430601.jpg,1,하의,하의,real,kfashion,,레트로,TimelessC_139,,train
1207161,images/real/스트리트/1207161.jpg,1,하의,하의,real,kfashion,,스트리트,phash_1716,,train
102325,images/real/클래식/102325.jpg,1,하의,하의,real,kfashion,,클래식,phash_1717,,train
80485,images/real/리조트/80485.jpg,1,하의,하의,real,kfashion,,리조트,phash_1718,,train
200889,images/real/리조트/200889.jpg,1,하의,하의,real,kfashion,,리조트,dressk_002,,train
494233,images/real/스트리트/494233.jpg,1,하의,하의,real,kfashion,,스트리트,phash_1719,,train
25296,images/real/스트리트/25296.jpg,1,하의,하의,real,kfashion,,스트리트,RexGirl_167,,train
414388,images/real/리조트/414388.jpg,1,하의,하의,real,kfashion,,리조트,phash_1720,,train
493532,images/real/스포티/493532.jpg,1,하의,하의,real,kfashion,,스포티,phash_1721,,train
329737,images/real/리조트/329737.jpg,1,하의,하의,real,kfashion,,리조트,phash_1722,,train
521840,images/real/리조트/521840.jpg,1,하의,하의,real,kfashion,,리조트,phash_1723,,train
729677,images/real/스트리트/729677.jpg,1,하의,하의,real,kfashion,,스트리트,phash_1724,,train
120664,images/real/리조트/120664.jpg,1,하의,하의,real,kfashion,,리조트,Palace_049,,train
134811,images/real/스트리트/134811.jpg,1,하의,하의,real,kfashion,,스트리트,iljuk_113,,train
364523,images/real/스트리트/364523.jpg,1,하의,하의,real,kfashion,,스트리트,Moko_063,,train
1079188,images/real/스트리트/1079188.jpg,1,하의,하의,real,kfashion,,스트리트,phash_1725,,train
424663,images/real/밀리터리/424663.jpg,1,하의,하의,real,kfashion,,밀리터리,phash_1726,,train
81481,images/real/페미닌/81481.jpg,1,하의,하의,real,kfashion,,페미닌,phash_1727,,train
939040,images/real/페미닌/939040.jpg,1,하의,하의,real,kfashion,,페미닌,phash_1728,,train
427855,images/real/스트리트/427855.jpg,1,하의,하의,real,kfashion,,스트리트,GAIRIN_053,,train
296568,images/real/스트리트/296568.jpg,1,하의,하의,real,kfashion,,스트리트,phash_1729,,train
326069,images/real/스트리트/326069.jpg,1,하의,하의,real,kfashion,,스트리트,siutim_1178,,val
520103,images/real/스트리트/520103.jpg,1,하의,하의,real,kfashion,,스트리트,phash_1730,,train
301677,images/real/스트리트/301677.jpg,1,하의,하의,real,kfashion,,스트리트,babyshu_126,,train
296938,images/real/스트리트/296938.jpg,1,하의,하의,real,kfashion,,스트리트,phash_1731,,train
155800,images/real/매니시/155800.jpg,1,하의,하의,real,kfashion,,매니시,Fithari_024,,train
258636,images/real/스포티/258636.jpg,1,하의,하의,real,kfashion,,스포티,REMOCON_007,,train
984872,images/real/모던/984872.jpg,1,하의,하의,real,kfashion,,모던,phash_1732,,train
92150,images/real/히피/92150.jpg,1,하의,하의,real,kfashion,,히피,LIME_1954,,train
258691,images/real/스트리트/258691.jpg,1,하의,하의,real,kfashion,,스트리트,REMOCON_011,,train
329081,images/real/모던/329081.jpg,1,하의,하의,real,kfashion,,모던,Skin_106,,train
1061240,images/real/스트리트/1061240.jpg,1,하의,하의,real,kfashion,,스트리트,phash_1733,,train
1283280,images/real/스포티/1283280.jpg,1,하의,하의,real,kfashion,,스포티,vicky_032,,train
336342,images/real/스트리트/336342.jpg,1,하의,하의,real,kfashion,,스트리트,STEP_068,,train
9760,images/real/스트리트/9760.jpg,1,하의,하의,real,kfashion,,스트리트,dodre_137,,train
754661,images/real/모던/754661.jpg,1,하의,하의,real,kfashion,,모던,phash_1734,,train
1209284,images/real/스트리트/1209284.jpg,1,하의,하의,real,kfashion,,스트리트,phash_1735,,train
521633,images/real/레트로/521633.jpg,1,하의,하의,real,kfashion,,레트로,phash_1736,,train
828788,images/real/로맨틱/828788.jpg,1,하의,하의,real,kfashion,,로맨틱,phash_1737,,train
152023,images/real/스트리트/152023.jpg,1,하의,하의,real,kfashion,,스트리트,phash_1738,,train
687305,images/real/스트리트/687305.jpg,1,하의,하의,real,kfashion,,스트리트,phash_1739,,train
1061341,images/real/아방가르드/1061341.jpg,1,하의,하의,real,kfashion,,아방가르드,phash_1740,,train
496898,images/real/스트리트/496898.jpg,1,하의,하의,real,kfashion,,스트리트,phash_1741,,train
998432,images/real/스트리트/998432.jpg,1,하의,하의,real,kfashion,,스트리트,phash_1742,,train
309336,images/real/스트리트/309336.jpg,1,하의,하의,real,kfashion,,스트리트,Boddari_094,,train
1213258,images/real/스트리트/1213258.jpg,1,하의,하의,real,kfashion,,스트리트,phash_1743,,train
1258948,images/real/스트리트/1258948.jpg,1,하의,하의,real,kfashion,,스트리트,phash_1744,,train
646833,images/real/스트리트/646833.jpg,1,하의,하의,real,kfashion,,스트리트,phash_1745,,train
25510,images/real/스트리트/25510.jpg,1,하의,하의,real,kfashion,,스트리트,RexGirl_175,,train
21913,images/real/소피스트케이티드/21913.jpg,1,하의,하의,real,kfashion,,소피스트케이티드,phash_1746,,train
1272970,images/real/스트리트/1272970.jpg,1,하의,하의,real,kfashion,,스트리트,phash_1747,,train
1086291,images/real/스트리트/1086291.jpg,1,하의,하의,real,kfashion,,스트리트,phash_1748,,train
239194,images/real/모던/239194.jpg,1,하의,하의,real,kfashion,,모던,Lollipop_034,,train
1213922,images/real/리조트/1213922.jpg,1,하의,하의,real,kfashion,,리조트,phash_1749,,train
427500,images/real/스트리트/427500.jpg,1,하의,하의,real,kfashion,,스트리트,phash_1750,,train
1135531,images/real/페미닌/1135531.jpg,1,하의,하의,real,kfashion,,페미닌,phash_1751,,train
308288,images/real/로맨틱/308288.jpg,1,하의,하의,real,kfashion,,로맨틱,Boddari_053,,train
1243708,images/real/스트리트/1243708.jpg,1,하의,하의,real,kfashion,,스트리트,phash_1752,,train
1134891,images/real/스트리트/1134891.jpg,1,하의,하의,real,kfashion,,스트리트,phash_1753,,train
46295,images/real/리조트/46295.jpg,1,하의,하의,real,kfashion,,리조트,VanillaSpoon_028,,train
1269820,images/real/모던/1269820.jpg,1,하의,하의,real,kfashion,,모던,phash_1754,,train
742390,images/real/클래식/742390.jpg,1,하의,하의,real,kfashion,,클래식,phash_1755,,train
1231664,images/real/리조트/1231664.jpg,1,하의,하의,real,kfashion,,리조트,phash_1756,,train
519037,images/real/스트리트/519037.jpg,1,하의,하의,real,kfashion,,스트리트,phash_1757,,train
1345790,images/real/키치/1345790.jpg,1,하의,하의,real,kfashion,,키치,phash_1758,,train
226193,images/real/리조트/226193.jpg,1,하의,하의,real,kfashion,,리조트,phash_1759,,train
1257531,images/real/스트리트/1257531.jpg,1,하의,하의,real,kfashion,,스트리트,phash_1760,,train
18234,images/real/리조트/18234.jpg,1,하의,하의,real,kfashion,,리조트,Logue_027,,train
356048,images/real/스트리트/356048.jpg,1,하의,하의,real,kfashion,,스트리트,phash_1761,,train
502006,images/real/스트리트/502006.jpg,1,하의,하의,real,kfashion,,스트리트,phash_1762,,train
1223856,images/real/스트리트/1223856.jpg,1,하의,하의,real,kfashion,,스트리트,phash_1763,,train
284104,images/real/스포티/284104.jpg,1,하의,하의,real,kfashion,,스포티,BandM_135,,train
1200119,images/real/스트리트/1200119.jpg,1,하의,하의,real,kfashion,,스트리트,phash_1764,,train
291687,images/real/리조트/291687.jpg,1,하의,하의,real,kfashion,,리조트,Barcode_323,,train
103866,images/real/소피스트케이티드/103866.jpg,1,하의,하의,real,kfashion,,소피스트케이티드,phash_1765,,train
901425,images/real/스트리트/901425.jpg,1,하의,하의,real,kfashion,,스트리트,phash_1766,,train
139035,images/real/스트리트/139035.jpg,1,하의,하의,real,kfashion,,스트리트,BYBLING_009,,train
1223816,images/real/스트리트/1223816.jpg,1,하의,하의,real,kfashion,,스트리트,phash_1767,,train
72883,images/real/컨트리/72883.jpg,1,하의,하의,real,kfashion,,컨트리,phash_1768,,train
222106,images/real/스트리트/222106.jpg,1,하의,하의,real,kfashion,,스트리트,phash_1769,,train
960048,images/real/컨트리/960048.jpg,1,하의,하의,real,kfashion,,컨트리,phash_1770,,train
1346302,images/real/키치/1346302.jpg,1,하의,하의,real,kfashion,,키치,phash_1771,,train
22473,images/real/스트리트/22473.jpg,1,하의,하의,real,kfashion,,스트리트,phash_1772,,train
1236353,images/real/스트리트/1236353.jpg,1,하의,하의,real,kfashion,,스트리트,phash_1773,,train
157414,images/real/스트리트/157414.jpg,1,하의,하의,real,kfashion,,스트리트,FromRina_007,,train
1209074,images/real/소피스트케이티드/1209074.jpg,1,하의,하의,real,kfashion,,소피스트케이티드,phash_1774,,train
957379,images/real/스트리트/957379.jpg,1,하의,하의,real,kfashion,,스트리트,phash_1775,,train
1208417,images/real/스트리트/1208417.jpg,1,하의,하의,real,kfashion,,스트리트,phash_1776,,train
424608,images/real/스트리트/424608.jpg,1,하의,하의,real,kfashion,,스트리트,phash_1777,,train
155679,images/real/스트리트/155679.jpg,1,하의,하의,real,kfashion,,스트리트,Fithari_015,,train
1272811,images/real/스트리트/1272811.jpg,1,하의,하의,real,kfashion,,스트리트,phash_1778,,train
331026,images/real/리조트/331026.jpg,1,하의,하의,real,kfashion,,리조트,Skin_236,,train
345227,images/real/젠더리스/345227.jpg,1,하의,하의,real,kfashion,,젠더리스,vicky_077,,train
344550,images/real/클래식/344550.jpg,1,하의,하의,real,kfashion,,클래식,vicky_032,,train
1052238,images/real/스트리트/1052238.jpg,1,하의,하의,real,kfashion,,스트리트,phash_1779,,train
156537,images/real/페미닌/156537.jpg,1,하의,하의,real,kfashion,,페미닌,phash_1780,,train
497703,images/real/스트리트/497703.jpg,1,하의,하의,real,kfashion,,스트리트,phash_1781,,train
305734,images/real/젠더리스/305734.jpg,1,하의,하의,real,kfashion,,젠더리스,phash_1782,,train
877973,images/real/스트리트/877973.jpg,1,하의,하의,real,kfashion,,스트리트,phash_1783,,train
213696,images/real/리조트/213696.jpg,1,하의,하의,real,kfashion,,리조트,phash_1784,,train
25276,images/real/스트리트/25276.jpg,1,하의,하의,real,kfashion,,스트리트,RexGirl_166,,train
872980,images/real/페미닌/872980.jpg,1,하의,하의,real,kfashion,,페미닌,phash_1785,,train
318994,images/real/스트리트/318994.jpg,1,하의,하의,real,kfashion,,스트리트,phash_1786,,train
962067,images/real/스트리트/962067.jpg,1,하의,하의,real,kfashion,,스트리트,phash_1787,,train
222060,images/real/스트리트/222060.jpg,1,하의,하의,real,kfashion,,스트리트,phash_1788,,train
426062,images/real/스트리트/426062.jpg,1,하의,하의,real,kfashion,,스트리트,phash_1789,,train
362505,images/real/스트리트/362505.jpg,1,하의,하의,real,kfashion,,스트리트,phash_1790,,train
140492,images/real/소피스트케이티드/140492.jpg,1,하의,하의,real,kfashion,,소피스트케이티드,phash_1791,,train
155434,images/real/스트리트/155434.jpg,1,하의,하의,real,kfashion,,스트리트,FILMOGRAPHY_018,,train
297183,images/real/스트리트/297183.jpg,1,하의,하의,real,kfashion,,스트리트,phash_1792,,train
1082475,images/real/스트리트/1082475.jpg,1,하의,하의,real,kfashion,,스트리트,vicky_140,,train
153153,images/real/스포티/153153.jpg,1,하의,하의,real,kfashion,,스포티,phash_1793,,train
735867,images/real/스트리트/735867.jpg,1,하의,하의,real,kfashion,,스트리트,phash_1794,,train
1249174,images/real/스트리트/1249174.jpg,1,하의,하의,real,kfashion,,스트리트,phash_1795,,train
1210208,images/real/스트리트/1210208.jpg,1,하의,하의,real,kfashion,,스트리트,phash_1796,,train
155827,images/real/스트리트/155827.jpg,1,하의,하의,real,kfashion,,스트리트,phash_1797,,train
1259814,images/real/소피스트케이티드/1259814.jpg,1,하의,하의,real,kfashion,,소피스트케이티드,phash_1798,,train
688745,images/real/스트리트/688745.jpg,1,하의,하의,real,kfashion,,스트리트,phash_1799,,train
305133,images/real/리조트/305133.jpg,1,하의,하의,real,kfashion,,리조트,Blondie_065,,train
1164781,images/real/컨트리/1164781.jpg,1,하의,하의,real,kfashion,,컨트리,phash_1800,,train
41501,images/real/스트리트/41501.jpg,1,하의,하의,real,kfashion,,스트리트,phash_1801,,train
426119,images/real/스트리트/426119.jpg,1,하의,하의,real,kfashion,,스트리트,phash_1802,,train
345344,images/real/젠더리스/345344.jpg,1,하의,하의,real,kfashion,,젠더리스,Fithari_014,,train
9843,images/real/스트리트/9843.jpg,1,하의,하의,real,kfashion,,스트리트,dodre_139,,train
140766,images/real/밀리터리/140766.jpg,1,하의,하의,real,kfashion,,밀리터리,phash_1803,,train
330586,images/real/스트리트/330586.jpg,1,하의,하의,real,kfashion,,스트리트,Skin_205,,train
1257044,images/real/스트리트/1257044.jpg,1,하의,하의,real,kfashion,,스트리트,phash_1804,,train
1262530,images/real/스트리트/1262530.jpg,1,하의,하의,real,kfashion,,스트리트,phash_1805,,train
1133806,images/real/스트리트/1133806.jpg,1,하의,하의,real,kfashion,,스트리트,phash_1806,,train
23100,images/real/스트리트/23100.jpg,1,하의,하의,real,kfashion,,스트리트,RexGirl_062,,train
956837,images/real/페미닌/956837.jpg,1,하의,하의,real,kfashion,,페미닌,phash_1807,,train
1265313,images/real/매니시/1265313.jpg,1,하의,하의,real,kfashion,,매니시,phash_1808,,train
521719,images/real/스트리트/521719.jpg,1,하의,하의,real,kfashion,,스트리트,phash_1809,,train
295854,images/real/스트리트/295854.jpg,1,하의,하의,real,kfashion,,스트리트,phash_1810,,train
1136910,images/real/모던/1136910.jpg,1,하의,하의,real,kfashion,,모던,phash_1811,,train
1264561,images/real/스포티/1264561.jpg,1,하의,하의,real,kfashion,,스포티,phash_1812,,train
1089083,images/real/스트리트/1089083.jpg,1,하의,하의,real,kfashion,,스트리트,phash_1813,,train
249063,images/real/리조트/249063.jpg,1,하의,하의,real,kfashion,,리조트,phash_1814,,train
1269395,images/real/스트리트/1269395.jpg,1,하의,하의,real,kfashion,,스트리트,phash_1815,,train
301136,images/real/스트리트/301136.jpg,1,하의,하의,real,kfashion,,스트리트,babyshu_106,,train
204404,images/real/톰보이/204404.jpg,1,하의,하의,real,kfashion,,톰보이,FLY_334,,train
1249619,images/real/톰보이/1249619.jpg,1,하의,하의,real,kfashion,,톰보이,phash_1816,,train
1339757,images/real/리조트/1339757.jpg,1,하의,하의,real,kfashion,,리조트,phash_1817,,train
772823,images/real/리조트/772823.jpg,1,하의,하의,real,kfashion,,리조트,phash_1818,,train
1086064,images/real/스트리트/1086064.jpg,1,하의,하의,real,kfashion,,스트리트,phash_1819,,train
19932,images/real/클래식/19932.jpg,1,하의,하의,real,kfashion,,클래식,phash_1820,,train
518739,images/real/젠더리스/518739.jpg,1,하의,하의,real,kfashion,,젠더리스,phash_1821,,train
1184411,images/real/스트리트/1184411.jpg,1,하의,하의,real,kfashion,,스트리트,phash_1822,,train
769432,images/real/스트리트/769432.jpg,1,하의,하의,real,kfashion,,스트리트,phash_1823,,train
1139991,images/real/스트리트/1139991.jpg,1,하의,하의,real,kfashion,,스트리트,phash_1824,,train
231556,images/real/스트리트/231556.jpg,1,하의,하의,real,kfashion,,스트리트,Pinocchio_117,,train
159069,images/real/스트리트/159069.jpg,1,하의,하의,real,kfashion,,스트리트,GAIRIN_050,,train
301641,images/real/로맨틱/301641.jpg,1,하의,하의,real,kfashion,,로맨틱,babyshu_124,,train
1151688,images/real/스트리트/1151688.jpg,1,하의,하의,real,kfashion,,스트리트,phash_1825,,train
1088664,images/real/스트리트/1088664.jpg,1,하의,하의,real,kfashion,,스트리트,phash_1826,,train
281336,images/real/모던/281336.jpg,1,하의,하의,real,kfashion,,모던,BandM_050,,train
767324,images/real/스트리트/767324.jpg,1,하의,하의,real,kfashion,,스트리트,phash_1827,,train
1256959,images/real/스트리트/1256959.jpg,1,하의,하의,real,kfashion,,스트리트,phash_1828,,train
140066,images/real/톰보이/140066.jpg,1,하의,하의,real,kfashion,,톰보이,phash_1829,,train
1134311,images/real/스트리트/1134311.jpg,1,하의,하의,real,kfashion,,스트리트,phash_1830,,val
342103,images/real/스트리트/342103.jpg,1,하의,하의,real,kfashion,,스트리트,phash_1831,,test
123691,images/real/스트리트/123691.jpg,1,하의,하의,real,kfashion,,스트리트,phash_1832,,train
18296,images/real/젠더리스/18296.jpg,1,하의,하의,real,kfashion,,젠더리스,Logue_032,,train
225373,images/real/스트리트/225373.jpg,1,하의,하의,real,kfashion,,스트리트,Labelle_119,,train
1314973,images/real/스트리트/1314973.jpg,1,하의,하의,real,kfashion,,스트리트,phash_1833,,val
317704,images/real/스트리트/317704.jpg,1,하의,하의,real,kfashion,,스트리트,phash_1834,,test
710160,images/real/스트리트/710160.jpg,1,하의,하의,real,kfashion,,스트리트,phash_1835,,train
1136681,images/real/스포티/1136681.jpg,1,하의,하의,real,kfashion,,스포티,phash_1836,,val
1217821,images/real/프레피/1217821.jpg,1,하의,하의,real,kfashion,,프레피,phash_1837,,test
282238,images/real/스트리트/282238.jpg,1,하의,하의,real,kfashion,,스트리트,BandM_081,,train
18998,images/real/스트리트/18998.jpg,1,하의,하의,real,kfashion,,스트리트,Recipe_018,,train
1265381,images/real/스트리트/1265381.jpg,1,하의,하의,real,kfashion,,스트리트,phash_1838,,train
282411,images/real/스트리트/282411.jpg,1,하의,하의,real,kfashion,,스트리트,BandM_086,,train
929425,images/real/스트리트/929425.jpg,1,하의,하의,real,kfashion,,스트리트,phash_1839,,val
8834,images/real/스트리트/8834.jpg,1,하의,하의,real,kfashion,,스트리트,dodre_089,,train
710049,images/real/스트리트/710049.jpg,1,하의,하의,real,kfashion,,스트리트,phash_1840,,test
1262252,images/real/모던/1262252.jpg,1,하의,하의,real,kfashion,,모던,phash_1841,,train
724157,images/real/스트리트/724157.jpg,1,하의,하의,real,kfashion,,스트리트,phash_17,,train
22418,images/real/스트리트/22418.jpg,1,하의,하의,real,kfashion,,스트리트,RexGirl_009,,train
1133719,images/real/스트리트/1133719.jpg,1,하의,하의,real,kfashion,,스트리트,phash_1842,,val
295772,images/real/스트리트/295772.jpg,1,하의,하의,real,kfashion,,스트리트,vicky_032,,train
204144,images/real/스트리트/204144.jpg,1,하의,하의,real,kfashion,,스트리트,phash_1843,,test
424792,images/real/스트리트/424792.jpg,1,하의,하의,real,kfashion,,스트리트,phash_1844,,train
203859,images/real/리조트/203859.jpg,1,하의,하의,real,kfashion,,리조트,FLY_313,,train
1207189,images/real/컨트리/1207189.jpg,1,하의,하의,real,kfashion,,컨트리,phash_1845,,val
1208544,images/real/스트리트/1208544.jpg,1,하의,하의,real,kfashion,,스트리트,phash_1846,,test
1269768,images/real/소피스트케이티드/1269768.jpg,1,하의,하의,real,kfashion,,소피스트케이티드,phash_1847,,train
331006,images/real/로맨틱/331006.jpg,1,하의,하의,real,kfashion,,로맨틱,phash_1848,,val
1265002,images/real/스트리트/1265002.jpg,1,하의,하의,real,kfashion,,스트리트,phash_1849,,test
22131,images/real/젠더리스/22131.jpg,1,하의,하의,real,kfashion,,젠더리스,phash_1850,,train
15668,images/real/클래식/15668.jpg,1,하의,하의,real,kfashion,,클래식,Loveit_018,,train
1100298,images/real/클래식/1100298.jpg,1,하의,하의,real,kfashion,,클래식,phash_1851,,val
426492,images/real/스트리트/426492.jpg,1,하의,하의,real,kfashion,,스트리트,phash_1852,,test
140720,images/real/스트리트/140720.jpg,1,하의,하의,real,kfashion,,스트리트,phash_1853,,train
20240,images/real/소피스트케이티드/20240.jpg,1,하의,하의,real,kfashion,,소피스트케이티드,Recipe_092,,train
1109011,images/real/스트리트/1109011.jpg,1,하의,하의,real,kfashion,,스트리트,phash_1854,,val
230923,images/real/스트리트/230923.jpg,1,하의,하의,real,kfashion,,스트리트,Pinocchio_075,,train
1213455,images/real/스트리트/1213455.jpg,1,하의,하의,real,kfashion,,스트리트,phash_1855,,test
312048,images/real/스트리트/312048.jpg,1,하의,하의,real,kfashion,,스트리트,BLEE_061,,train
323350,images/real/컨트리/323350.jpg,1,하의,하의,real,kfashion,,컨트리,sara_044,,test
1257970,images/real/스트리트/1257970.jpg,1,하의,하의,real,kfashion,,스트리트,phash_1856,,train
887898,images/real/스트리트/887898.jpg,1,하의,하의,real,kfashion,,스트리트,phash_1857,,val
135394,images/real/젠더리스/135394.jpg,1,하의,하의,real,kfashion,,젠더리스,iljuk_128,,train
517965,images/real/힙합/517965.jpg,1,하의,하의,real,kfashion,,힙합,phash_1858,,test
23929,images/real/스트리트/23929.jpg,1,하의,하의,real,kfashion,,스트리트,RexGirl_107,,train
1263357,images/real/스트리트/1263357.jpg,1,하의,하의,real,kfashion,,스트리트,phash_1859,,train
830591,images/real/스트리트/830591.jpg,1,하의,하의,real,kfashion,,스트리트,phash_1860,,val
816949,images/real/페미닌/816949.jpg,1,하의,하의,real,kfashion,,페미닌,phash_1861,,test
843270,images/real/스트리트/843270.jpg,1,하의,하의,real,kfashion,,스트리트,DAKS_1660,,train
648110,images/real/스트리트/648110.jpg,1,하의,하의,real,kfashion,,스트리트,phash_1862,,train
1006540,images/real/스트리트/1006540.jpg,1,하의,하의,real,kfashion,,스트리트,phash_1863,,val
270171,images/real/스트리트/270171.jpg,1,하의,하의,real,kfashion,,스트리트,phash_1864,,test
1017616,images/real/스트리트/1017616.jpg,1,하의,하의,real,kfashion,,스트리트,phash_1865,,train
103670,images/real/소피스트케이티드/103670.jpg,1,하의,하의,real,kfashion,,소피스트케이티드,phash_1866,,val
263183,images/real/오리엔탈/263183.jpg,1,하의,하의,real,kfashion,,오리엔탈,phash_1867,,test
8302,images/real/스트리트/8302.jpg,1,하의,하의,real,kfashion,,스트리트,phash_1868,,train
1082559,images/real/스트리트/1082559.jpg,1,하의,하의,real,kfashion,,스트리트,phash_1869,,val
518611,images/real/스포티/518611.jpg,1,하의,하의,real,kfashion,,스포티,phash_1870,,test
824567,images/real/페미닌/824567.jpg,1,하의,하의,real,kfashion,,페미닌,phash_1871,,train
327603,images/real/리조트/327603.jpg,1,하의,하의,real,kfashion,,리조트,phash_1872,,val
9606,images/real/스트리트/9606.jpg,1,하의,하의,real,kfashion,,스트리트,dodre_129,,train
1231839,images/real/리조트/1231839.jpg,1,하의,하의,real,kfashion,,리조트,phash_1873,,test
87839,images/real/리조트/87839.jpg,1,하의,하의,real,kfashion,,리조트,LIME_1476,,train
22569,images/real/리조트/22569.jpg,1,하의,하의,real,kfashion,,리조트,RexGirl_021,,train
1160059,images/real/로맨틱/1160059.jpg,1,하의,하의,real,kfashion,,로맨틱,phash_1874,,train
408551,images/real/스트리트/408551.jpg,1,하의,하의,real,kfashion,,스트리트,phash_1875,,val
205150,images/real/섹시/205150.jpg,1,하의,하의,real,kfashion,,섹시,phash_1876,,test
265759,images/real/페미닌/265759.jpg,1,하의,하의,real,kfashion,,페미닌,Milligram_077,,train
1215034,images/real/스트리트/1215034.jpg,1,하의,하의,real,kfashion,,스트리트,phash_1877,,train
505260,images/real/리조트/505260.jpg,1,하의,하의,real,kfashion,,리조트,phash_1878,,val
196436,images/real/소피스트케이티드/196436.jpg,1,하의,하의,real,kfashion,,소피스트케이티드,Dduddu_349,,train
1216634,images/real/로맨틱/1216634.jpg,1,하의,하의,real,kfashion,,로맨틱,phash_1879,,test
1207494,images/real/스트리트/1207494.jpg,1,하의,하의,real,kfashion,,스트리트,phash_1880,,train
90490,images/real/스트리트/90490.jpg,1,하의,하의,real,kfashion,,스트리트,phash_1881,,val
58790,images/real/스트리트/58790.jpg,1,하의,하의,real,kfashion,,스트리트,Gstudio_045,,train
296302,images/real/스트리트/296302.jpg,1,하의,하의,real,kfashion,,스트리트,phash_1882,,test
330819,images/real/리조트/330819.jpg,1,하의,하의,real,kfashion,,리조트,Skin_221,,train
1214016,images/real/페미닌/1214016.jpg,1,하의,하의,real,kfashion,,페미닌,phash_1883,,train
505984,images/real/페미닌/505984.jpg,1,하의,하의,real,kfashion,,페미닌,phash_1884,,val
1163161,images/real/페미닌/1163161.jpg,1,하의,하의,real,kfashion,,페미닌,phash_1885,,test
794689,images/real/스트리트/794689.jpg,1,하의,하의,real,kfashion,,스트리트,phash_1886,,train
827135,images/real/스트리트/827135.jpg,1,하의,하의,real,kfashion,,스트리트,phash_1887,,val
315852,images/real/로맨틱/315852.jpg,1,하의,하의,real,kfashion,,로맨틱,BLOOM_011,,train
1160776,images/real/로맨틱/1160776.jpg,1,하의,하의,real,kfashion,,로맨틱,phash_1888,,test
998854,images/real/스트리트/998854.jpg,1,하의,하의,real,kfashion,,스트리트,phash_1889,,train
18087,images/real/젠더리스/18087.jpg,1,하의,하의,real,kfashion,,젠더리스,phash_1890,,val
404904,images/real/스트리트/404904.jpg,1,하의,하의,real,kfashion,,스트리트,phash_1891,,test
154164,images/real/로맨틱/154164.jpg,1,하의,하의,real,kfashion,,로맨틱,phash_1892,,train
364714,images/real/로맨틱/364714.jpg,1,하의,하의,real,kfashion,,로맨틱,SAERO_319,,train
982258,images/real/스트리트/982258.jpg,1,하의,하의,real,kfashion,,스트리트,phash_1893,,val
1272711,images/real/스트리트/1272711.jpg,1,하의,하의,real,kfashion,,스트리트,phash_1894,,test
1265400,images/real/스포티/1265400.jpg,1,하의,하의,real,kfashion,,스포티,phash_1895,,train
1346312,images/real/스트리트/1346312.jpg,1,하의,하의,real,kfashion,,스트리트,phash_1896,,val
430282,images/real/로맨틱/430282.jpg,1,하의,하의,real,kfashion,,로맨틱,TimelessC_126,,train
894964,images/real/스트리트/894964.jpg,1,하의,하의,real,kfashion,,스트리트,phash_1897,,test
498610,images/real/스트리트/498610.jpg,1,하의,하의,real,kfashion,,스트리트,phash_1898,,train
10658,images/real/스트리트/10658.jpg,1,하의,하의,real,kfashion,,스트리트,dodre_169,,train
158585,images/real/모던/158585.jpg,1,하의,하의,real,kfashion,,모던,GAIRIN_017,,train
1257799,images/real/모던/1257799.jpg,1,하의,하의,real,kfashion,,모던,phash_1899,,val
962055,images/real/스트리트/962055.jpg,1,하의,하의,real,kfashion,,스트리트,phash_1900,,test
135648,images/real/소피스트케이티드/135648.jpg,1,하의,하의,real,kfashion,,소피스트케이티드,iljuk_138,,train
1090894,images/real/스트리트/1090894.jpg,1,하의,하의,real,kfashion,,스트리트,phash_1901,,train
1217930,images/real/페미닌/1217930.jpg,1,하의,하의,real,kfashion,,페미닌,phash_1902,,val
964685,images/real/스트리트/964685.jpg,1,하의,하의,real,kfashion,,스트리트,phash_1903,,train
1261164,images/real/스트리트/1261164.jpg,1,하의,하의,real,kfashion,,스트리트,phash_1904,,test
280735,images/real/스트리트/280735.jpg,1,하의,하의,real,kfashion,,스트리트,BandM_019,,train
1268657,images/real/스트리트/1268657.jpg,1,하의,하의,real,kfashion,,스트리트,phash_1905,,train
343030,images/real/스트리트/343030.jpg,1,하의,하의,real,kfashion,,스트리트,Sunnylike_198,,train
1262210,images/real/매니시/1262210.jpg,1,하의,하의,real,kfashion,,매니시,phash_1906,,val
296278,images/real/스트리트/296278.jpg,1,하의,하의,real,kfashion,,스트리트,phash_1907,,test
357601,images/real/스트리트/357601.jpg,1,하의,하의,real,kfashion,,스트리트,phash_1908,,train
628567,images/real/스트리트/628567.jpg,1,하의,하의,real,kfashion,,스트리트,phash_1909,,val
1266515,images/real/컨트리/1266515.jpg,1,하의,하의,real,kfashion,,컨트리,phash_300,,train
1257150,images/real/스트리트/1257150.jpg,1,하의,하의,real,kfashion,,스트리트,phash_1910,,test
1210369,images/real/스트리트/1210369.jpg,1,하의,하의,real,kfashion,,스트리트,phash_1911,,train
155502,images/real/스트리트/155502.jpg,1,하의,하의,real,kfashion,,스트리트,Fithari_003,,train
159416,images/real/매니시/159416.jpg,1,하의,하의,real,kfashion,,매니시,GAIRIN_074,,train
1258043,images/real/힙합/1258043.jpg,1,하의,하의,real,kfashion,,힙합,phash_1912,,val
956436,images/real/프레피/956436.jpg,1,하의,하의,real,kfashion,,프레피,phash_1913,,test
120130,images/real/리조트/120130.jpg,1,하의,하의,real,kfashion,,리조트,phash_1914,,train
1164324,images/real/모던/1164324.jpg,1,하의,하의,real,kfashion,,모던,phash_1915,,val
357319,images/real/스트리트/357319.jpg,1,하의,하의,real,kfashion,,스트리트,barrica_168,,train
309145,images/real/스트리트/309145.jpg,1,하의,하의,real,kfashion,,스트리트,Boddari_087,,train
203526,images/real/젠더리스/203526.jpg,1,하의,하의,real,kfashion,,젠더리스,FLY_300,,train
755684,images/real/스트리트/755684.jpg,1,하의,하의,real,kfashion,,스트리트,phash_1916,,test
291167,images/real/리조트/291167.jpg,1,하의,하의,real,kfashion,,리조트,Barcode_309,,train
504150,images/real/페미닌/504150.jpg,1,하의,하의,real,kfashion,,페미닌,phash_1917,,train
1217267,images/real/로맨틱/1217267.jpg,1,하의,하의,real,kfashion,,로맨틱,phash_1918,,val
102991,images/real/스트리트/102991.jpg,1,하의,하의,real,kfashion,,스트리트,phash_1919,,test
258864,images/real/매니시/258864.jpg,1,하의,하의,real,kfashion,,매니시,phash_1920,,train
889180,images/real/스트리트/889180.jpg,1,하의,하의,real,kfashion,,스트리트,phash_1921,,val
499541,images/real/스트리트/499541.jpg,1,하의,하의,real,kfashion,,스트리트,phash_1922,,test
898563,images/real/페미닌/898563.jpg,1,하의,하의,real,kfashion,,페미닌,phash_1923,,train
231204,images/real/스트리트/231204.jpg,1,하의,하의,real,kfashion,,스트리트,Pinocchio_094,,train
1294098,images/real/컨트리/1294098.jpg,1,하의,하의,real,kfashion,,컨트리,phash_1924,,val
1215323,images/real/모던/1215323.jpg,1,하의,하의,real,kfashion,,모던,phash_1925,,test
9718,images/real/스트리트/9718.jpg,1,하의,하의,real,kfashion,,스트리트,dodre_135,,train
152754,images/real/리조트/152754.jpg,1,하의,하의,real,kfashion,,리조트,phash_1926,,train
1213321,images/real/스트리트/1213321.jpg,1,하의,하의,real,kfashion,,스트리트,phash_1927,,val
1149731,images/real/스트리트/1149731.jpg,1,하의,하의,real,kfashion,,스트리트,phash_1928,,test
161948,images/real/컨트리/161948.jpg,1,하의,하의,real,kfashion,,컨트리,HONGSTAR_054,,train
750349,images/real/스트리트/750349.jpg,1,하의,하의,real,kfashion,,스트리트,phash_1929,,train
1270582,images/real/스트리트/1270582.jpg,1,하의,하의,real,kfashion,,스트리트,phash_1930,,val
212317,images/real/리조트/212317.jpg,1,하의,하의,real,kfashion,,리조트,habanjang_232,,train
87955,images/real/리조트/87955.jpg,1,하의,하의,real,kfashion,,리조트,phash_1931,,test
1283767,images/real/스트리트/1283767.jpg,1,하의,하의,real,kfashion,,스트리트,phash_1932,,train
770405,images/real/스포티/770405.jpg,1,하의,하의,real,kfashion,,스포티,phash_1933,,val
1249266,images/real/컨트리/1249266.jpg,1,하의,하의,real,kfashion,,컨트리,phash_1934,,test
1225177,images/real/리조트/1225177.jpg,1,하의,하의,real,kfashion,,리조트,phash_1935,,train
10679,images/real/스트리트/10679.jpg,1,하의,하의,real,kfashion,,스트리트,dodre_169,,train
205220,images/real/스트리트/205220.jpg,1,하의,하의,real,kfashion,,스트리트,FLY_365,,train
312467,images/real/로맨틱/312467.jpg,1,하의,하의,real,kfashion,,로맨틱,phash_1936,,val
1135750,images/real/스트리트/1135750.jpg,1,하의,하의,real,kfashion,,스트리트,phash_1937,,train
19752,images/real/클래식/19752.jpg,1,하의,하의,real,kfashion,,클래식,Recipe_071,,train
1259497,images/real/소피스트케이티드/1259497.jpg,1,하의,하의,real,kfashion,,소피스트케이티드,phash_1938,,test
343600,images/real/스트리트/343600.jpg,1,하의,하의,real,kfashion,,스트리트,Sunnylike_221,,train
99215,images/real/리조트/99215.jpg,1,하의,하의,real,kfashion,,리조트,Afrench_032,,train
153527,images/real/스트리트/153527.jpg,1,하의,하의,real,kfashion,,스트리트,phash_1939,,train
427878,images/real/소피스트케이티드/427878.jpg,1,하의,하의,real,kfashion,,소피스트케이티드,phash_1940,,val
1250142,images/real/컨트리/1250142.jpg,1,하의,하의,real,kfashion,,컨트리,phash_1941,,test
1239701,images/real/스트리트/1239701.jpg,1,하의,하의,real,kfashion,,스트리트,phash_1942,,train
161487,images/real/컨트리/161487.jpg,1,하의,하의,real,kfashion,,컨트리,HONGSTAR_036,,train
331924,images/real/스트리트/331924.jpg,1,하의,하의,real,kfashion,,스트리트,SONG_028,,train
359112,images/real/스포티/359112.jpg,1,하의,하의,real,kfashion,,스포티,phash_1943,,val
231294,images/real/스트리트/231294.jpg,1,하의,하의,real,kfashion,,스트리트,Pinocchio_100,,train
328306,images/real/스트리트/328306.jpg,1,하의,하의,real,kfashion,,스트리트,Skin_054,,train
103668,images/real/소피스트케이티드/103668.jpg,1,하의,하의,real,kfashion,,소피스트케이티드,phash_1944,,test
1211908,images/real/매니시/1211908.jpg,1,하의,하의,real,kfashion,,매니시,phash_1945,,train
8912,images/real/스트리트/8912.jpg,1,하의,하의,real,kfashion,,스트리트,dodre_095,,train
25449,images/real/스트리트/25449.jpg,1,하의,하의,real,kfashion,,스트리트,phash_1946,,val
27466,images/real/리조트/27466.jpg,1,하의,하의,real,kfashion,,리조트,MAR_016,,train
1261530,images/real/모던/1261530.jpg,1,하의,하의,real,kfashion,,모던,phash_634,,train
500899,images/real/스트리트/500899.jpg,1,하의,하의,real,kfashion,,스트리트,phash_1947,,test
1216537,images/real/스트리트/1216537.jpg,1,하의,하의,real,kfashion,,스트리트,phash_1948,,train
921373,images/real/리조트/921373.jpg,1,하의,하의,real,kfashion,,리조트,phash_1949,,val
245154,images/real/스트리트/245154.jpg,1,하의,하의,real,kfashion,,스트리트,Mademoon_343,,train
21733,images/real/톰보이/21733.jpg,1,하의,하의,real,kfashion,,톰보이,Recipe_157,,train
1096482,images/real/페미닌/1096482.jpg,1,하의,하의,real,kfashion,,페미닌,phash_1950,,test
923075,images/real/클래식/923075.jpg,1,하의,하의,real,kfashion,,클래식,phash_1951,,train
342914,images/real/스트리트/342914.jpg,1,하의,하의,real,kfashion,,스트리트,Sunnylike_194,,train
230192,images/real/스트리트/230192.jpg,1,하의,하의,real,kfashion,,스트리트,Pinocchio_025,,train
1133859,images/real/리조트/1133859.jpg,1,하의,하의,real,kfashion,,리조트,phash_1952,,val
340146,images/real/페미닌/340146.jpg,1,하의,하의,real,kfashion,,페미닌,phash_1953,,test
1272276,images/real/스트리트/1272276.jpg,1,하의,하의,real,kfashion,,스트리트,phash_1954,,train
522396,images/real/스트리트/522396.jpg,1,하의,하의,real,kfashion,,스트리트,phash_1955,,val
843271,images/real/스트리트/843271.jpg,1,하의,하의,real,kfashion,,스트리트,Jamong_057,,train
1211389,images/real/스트리트/1211389.jpg,1,하의,하의,real,kfashion,,스트리트,phash_1956,,test
281090,images/real/스트리트/281090.jpg,1,하의,하의,real,kfashion,,스트리트,BandM_039,,train
20734,images/real/젠더리스/20734.jpg,1,하의,하의,real,kfashion,,젠더리스,phash_1957,,train
296879,images/real/스트리트/296879.jpg,1,하의,하의,real,kfashion,,스트리트,phash_1958,,val
498936,images/real/스트리트/498936.jpg,1,하의,하의,real,kfashion,,스트리트,phash_1959,,test
1083989,images/real/스트리트/1083989.jpg,1,하의,하의,real,kfashion,,스트리트,phash_1960,,train
19455,images/real/클래식/19455.jpg,1,하의,하의,real,kfashion,,클래식,Recipe_057,,train
315628,images/real/스트리트/315628.jpg,1,하의,하의,real,kfashion,,스트리트,Skin_189,,train
346120,images/real/매니시/346120.jpg,1,하의,하의,real,kfashion,,매니시,phash_1961,,val
1215165,images/real/페미닌/1215165.jpg,1,하의,하의,real,kfashion,,페미닌,phash_1962,,test
140781,images/real/스트리트/140781.jpg,1,하의,하의,real,kfashion,,스트리트,phash_1963,,train
1258507,images/real/스트리트/1258507.jpg,1,하의,하의,real,kfashion,,스트리트,phash_1964,,val
85003,images/real/리조트/85003.jpg,1,하의,하의,real,kfashion,,리조트,LIME_1368,,train
246777,images/real/매니시/246777.jpg,1,하의,하의,real,kfashion,,매니시,MAYONE_045,,train
1269212,images/real/스트리트/1269212.jpg,1,하의,하의,real,kfashion,,스트리트,phash_1965,,test
21700,images/real/소피스트케이티드/21700.jpg,1,하의,하의,real,kfashion,,소피스트케이티드,phash_1966,,train
315559,images/real/스트리트/315559.jpg,1,하의,하의,real,kfashion,,스트리트,Bliss_004,,train
330846,images/real/페미닌/330846.jpg,1,하의,하의,real,kfashion,,페미닌,Skin_223,,train
217106,images/real/소피스트케이티드/217106.jpg,1,하의,하의,real,kfashion,,소피스트케이티드,phash_1967,,train
335364,images/real/스트리트/335364.jpg,1,하의,하의,real,kfashion,,스트리트,STEP_004,,train
212861,images/real/스트리트/212861.jpg,1,하의,하의,real,kfashion,,스트리트,habanjang_267,,train
283074,images/real/스트리트/283074.jpg,1,하의,하의,real,kfashion,,스트리트,BandM_106,,train
158398,images/real/모던/158398.jpg,1,하의,하의,real,kfashion,,모던,GAIRIN_004,,train
1131765,images/real/모던/1131765.jpg,1,하의,하의,real,kfashion,,모던,phash_1968,,val
103198,images/real/로맨틱/103198.jpg,1,하의,하의,real,kfashion,,로맨틱,phash_1969,,test
18936,images/real/스트리트/18936.jpg,1,하의,하의,real,kfashion,,스트리트,Recipe_013,,train
517257,images/real/스트리트/517257.jpg,1,하의,하의,real,kfashion,,스트리트,phash_1970,,train
282541,images/real/스트리트/282541.jpg,1,하의,하의,real,kfashion,,스트리트,BandM_089,,train
127010,images/real/스트리트/127010.jpg,1,하의,하의,real,kfashion,,스트리트,Washborn_002,,train
1273042,images/real/모던/1273042.jpg,1,하의,하의,real,kfashion,,모던,phash_1971,,train
962034,images/real/모던/962034.jpg,1,하의,하의,real,kfashion,,모던,phash_1972,,val
519699,images/real/매니시/519699.jpg,1,하의,하의,real,kfashion,,매니시,phash_1973,,test
1085615,images/real/스트리트/1085615.jpg,1,하의,하의,real,kfashion,,스트리트,phash_1974,,train
498694,images/real/스트리트/498694.jpg,1,하의,하의,real,kfashion,,스트리트,phash_1975,,val
520229,images/real/스트리트/520229.jpg,1,하의,하의,real,kfashion,,스트리트,phash_1976,,test
345284,images/real/젠더리스/345284.jpg,1,하의,하의,real,kfashion,,젠더리스,phash_1977,,train
237933,images/real/젠더리스/237933.jpg,1,하의,하의,real,kfashion,,젠더리스,LEBROWN_010,,train
928585,images/real/스트리트/928585.jpg,1,하의,하의,real,kfashion,,스트리트,phash_1978,,val
362100,images/real/스트리트/362100.jpg,1,하의,하의,real,kfashion,,스트리트,Jamong_028,,train
1274191,images/real/모던/1274191.jpg,1,하의,하의,real,kfashion,,모던,phash_1979,,test
1078462,images/real/리조트/1078462.jpg,1,하의,하의,real,kfashion,,리조트,phash_1980,,train
1041178,images/real/모던/1041178.jpg,1,하의,하의,real,kfashion,,모던,phash_1981,,val
280614,images/real/스트리트/280614.jpg,1,하의,하의,real,kfashion,,스트리트,phash_1982,,test
226376,images/real/젠더리스/226376.jpg,1,하의,하의,real,kfashion,,젠더리스,Labelle_186,,train
1160241,images/real/모던/1160241.jpg,1,하의,하의,real,kfashion,,모던,phash_1983,,train
966486,images/real/클래식/966486.jpg,1,하의,하의,real,kfashion,,클래식,phash_1984,,val
138484,images/real/키치/138484.jpg,1,하의,하의,real,kfashion,,키치,Character_037,,train
22923,images/real/스트리트/22923.jpg,1,하의,하의,real,kfashion,,스트리트,RexGirl_048,,train
328786,images/real/스트리트/328786.jpg,1,하의,하의,real,kfashion,,스트리트,phash_1985,,test
200415,images/real/로맨틱/200415.jpg,1,하의,하의,real,kfashion,,로맨틱,Dlap_030,,train
139692,images/real/스트리트/139692.jpg,1,하의,하의,real,kfashion,,스트리트,phash_1986,,train
424742,images/real/스트리트/424742.jpg,1,하의,하의,real,kfashion,,스트리트,phash_1987,,val
330342,images/real/스트리트/330342.jpg,1,하의,하의,real,kfashion,,스트리트,Skin_189,,train
344544,images/real/매니시/344544.jpg,1,하의,하의,real,kfashion,,매니시,vicky_031,,train
63137,images/real/젠더리스/63137.jpg,1,하의,하의,real,kfashion,,젠더리스,phash_1988,,test
1257016,images/real/스트리트/1257016.jpg,1,하의,하의,real,kfashion,,스트리트,FLY_354,,train
329758,images/real/컨트리/329758.jpg,1,하의,하의,real,kfashion,,컨트리,Skin_150,,train
956628,images/real/스트리트/956628.jpg,1,하의,하의,real,kfashion,,스트리트,phash_1989,,train
1018660,images/real/스트리트/1018660.jpg,1,하의,하의,real,kfashion,,스트리트,phash_1990,,val
317716,images/real/스트리트/317716.jpg,1,하의,하의,real,kfashion,,스트리트,id_627,,train
1018410,images/real/스트리트/1018410.jpg,1,하의,하의,real,kfashion,,스트리트,phash_1991,,test
956407,images/real/섹시/956407.jpg,1,하의,하의,real,kfashion,,섹시,phash_1992,,train
1269622,images/real/스트리트/1269622.jpg,1,하의,하의,real,kfashion,,스트리트,phash_1993,,val
155969,images/real/스트리트/155969.jpg,1,하의,하의,real,kfashion,,스트리트,Fithari_035,,train
1269377,images/real/스트리트/1269377.jpg,1,하의,하의,real,kfashion,,스트리트,phash_1994,,test
856264,images/real/스트리트/856264.jpg,1,하의,하의,real,kfashion,,스트리트,phash_1995,,train
1269771,images/real/소피스트케이티드/1269771.jpg,1,하의,하의,real,kfashion,,소피스트케이티드,phash_1996,,val
363466,images/real/리조트/363466.jpg,1,하의,하의,real,kfashion,,리조트,Jamong_1001,,train
1002057,images/real/스트리트/1002057.jpg,1,하의,하의,real,kfashion,,스트리트,phash_1997,,test
499801,images/real/스트리트/499801.jpg,1,하의,하의,real,kfashion,,스트리트,phash_1998,,train
1273176,images/real/스트리트/1273176.jpg,1,하의,하의,real,kfashion,,스트리트,phash_1999,,val
428135,images/real/스트리트/428135.jpg,1,하의,하의,real,kfashion,,스트리트,GAIRIN_072,,train
155144,images/real/스트리트/155144.jpg,1,하의,하의,real,kfashion,,스트리트,phash_2000,,test
80354,images/real/스트리트/80354.jpg,1,하의,하의,real,kfashion,,스트리트,Gaudi_062,,train
99193,images/real/리조트/99193.jpg,1,하의,하의,real,kfashion,,리조트,Afrench_028,,train
283346,images/real/스트리트/283346.jpg,1,하의,하의,real,kfashion,,스트리트,BandM_114,,train
1260967,images/real/스트리트/1260967.jpg,1,하의,하의,real,kfashion,,스트리트,phash_2001,,train
1258563,images/real/스트리트/1258563.jpg,1,하의,하의,real,kfashion,,스트리트,phash_2002,,val
1346783,images/real/페미닌/1346783.jpg,1,하의,하의,real,kfashion,,페미닌,phash_2003,,test
879249,images/real/스트리트/879249.jpg,1,하의,하의,real,kfashion,,스트리트,phash_2004,,train
723640,images/real/클래식/723640.jpg,1,하의,하의,real,kfashion,,클래식,phash_2005,,val
1163564,images/real/페미닌/1163564.jpg,1,하의,하의,real,kfashion,,페미닌,phash_2006,,test
11065,images/real/스트리트/11065.jpg,1,하의,하의,real,kfashion,,스트리트,dodream_042,,train
62492,images/real/스트리트/62492.jpg,1,하의,하의,real,kfashion,,스트리트,JoinD_015,,train
158571,images/real/모던/158571.jpg,1,하의,하의,real,kfashion,,모던,GAIRIN_016,,train
424673,images/real/밀리터리/424673.jpg,1,하의,하의,real,kfashion,,밀리터리,phash_2007,,train
166284,images/real/스트리트/166284.jpg,1,하의,하의,real,kfashion,,스트리트,phash_2008,,val
1161642,images/real/로맨틱/1161642.jpg,1,하의,하의,real,kfashion,,로맨틱,phash_2009,,test
337053,images/real/스트리트/337053.jpg,1,하의,하의,real,kfashion,,스트리트,phash_2010,,train
231393,images/real/스트리트/231393.jpg,1,하의,하의,real,kfashion,,스트리트,Pinocchio_106,,train
1218250,images/real/페미닌/1218250.jpg,1,하의,하의,real,kfashion,,페미닌,phash_2011,,val
31285,images/real/스트리트/31285.jpg,1,하의,하의,real,kfashion,,스트리트,Maybeen_078,,train
230853,images/real/스트리트/230853.jpg,1,하의,하의,real,kfashion,,스트리트,Pinocchio_070,,train
502448,images/real/스트리트/502448.jpg,1,하의,하의,real,kfashion,,스트리트,phash_2012,,test
23374,images/real/스트리트/23374.jpg,1,하의,하의,real,kfashion,,스트리트,RexGirl_082,,train
498618,images/real/스트리트/498618.jpg,1,하의,하의,real,kfashion,,스트리트,phash_2013,,train
193658,images/real/히피/193658.jpg,1,하의,하의,real,kfashion,,히피,byhoney_157,,train
768110,images/real/클래식/768110.jpg,1,하의,하의,real,kfashion,,클래식,phash_2014,,val
1134351,images/real/섹시/1134351.jpg,1,하의,하의,real,kfashion,,섹시,phash_2015,,test
155647,images/real/스트리트/155647.jpg,1,하의,하의,real,kfashion,,스트리트,Fithari_013,,train
1263418,images/real/톰보이/1263418.jpg,1,하의,하의,real,kfashion,,톰보이,phash_2016,,train
1131828,images/real/스트리트/1131828.jpg,1,하의,하의,real,kfashion,,스트리트,phash_2017,,val
767339,images/real/스트리트/767339.jpg,1,하의,하의,real,kfashion,,스트리트,phash_2018,,test
204908,images/real/스트리트/204908.jpg,1,하의,하의,real,kfashion,,스트리트,FLY_354,,train
1059407,images/real/스트리트/1059407.jpg,1,하의,하의,real,kfashion,,스트리트,phash_2019,,train
343588,images/real/스트리트/343588.jpg,1,하의,하의,real,kfashion,,스트리트,Sunnylike_221,,train
222162,images/real/스트리트/222162.jpg,1,하의,하의,real,kfashion,,스트리트,phash_2020,,val
139562,images/real/스트리트/139562.jpg,1,하의,하의,real,kfashion,,스트리트,phash_2021,,test
327054,images/real/페미닌/327054.jpg,1,하의,하의,real,kfashion,,페미닌,siutim_1215,,test
8460,images/real/스트리트/8460.jpg,1,하의,하의,real,kfashion,,스트리트,dodre_064,,train
69051,images/real/컨트리/69051.jpg,1,하의,하의,real,kfashion,,컨트리,cocobenny_070,,train
1256903,images/real/스트리트/1256903.jpg,1,하의,하의,real,kfashion,,스트리트,phash_2022,,train
23009,images/real/스트리트/23009.jpg,1,하의,하의,real,kfashion,,스트리트,RexGirl_055,,train
297086,images/real/스트리트/297086.jpg,1,하의,하의,real,kfashion,,스트리트,RexGirl_082,,train
1283747,images/real/스트리트/1283747.jpg,1,하의,하의,real,kfashion,,스트리트,phash_2023,,val
336317,images/real/스트리트/336317.jpg,1,하의,하의,real,kfashion,,스트리트,STEP_066,,train
294571,images/real/스트리트/294571.jpg,1,하의,하의,real,kfashion,,스트리트,phash_2024,,test
253930,images/real/모던/253930.jpg,1,하의,하의,real,kfashion,,모던,Mutjange_004,,train
1250047,images/real/컨트리/1250047.jpg,1,하의,하의,real,kfashion,,컨트리,phash_2025,,train
1131349,images/real/스트리트/1131349.jpg,1,하의,하의,real,kfashion,,스트리트,BandM_114,,train
362373,images/real/클래식/362373.jpg,1,하의,하의,real,kfashion,,클래식,Jamong_057,,train
267347,images/real/아방가르드/267347.jpg,1,하의,하의,real,kfashion,,아방가르드,Millimeter_181,,train
1079151,images/real/스트리트/1079151.jpg,1,하의,하의,real,kfashion,,스트리트,phash_2026,,val
1309485,images/real/젠더리스/1309485.jpg,1,하의,하의,real,kfashion,,젠더리스,phash_2027,,test
1083727,images/real/리조트/1083727.jpg,1,하의,하의,real,kfashion,,리조트,phash_2028,,train
6627,images/real/스트리트/6627.jpg,1,하의,하의,real,kfashion,,스트리트,Dahong_405,,train
1144283,images/real/스트리트/1144283.jpg,1,하의,하의,real,kfashion,,스트리트,phash_2029,,val
501676,images/real/스트리트/501676.jpg,1,하의,하의,real,kfashion,,스트리트,phash_2030,,test
139519,images/real/스트리트/139519.jpg,1,하의,하의,real,kfashion,,스트리트,phash_2031,,train
521946,images/real/리조트/521946.jpg,1,하의,하의,real,kfashion,,리조트,phash_2032,,val
364729,images/real/스트리트/364729.jpg,1,하의,하의,real,kfashion,,스트리트,SAERO_320,,train
101424,images/real/소피스트케이티드/101424.jpg,1,하의,하의,real,kfashion,,소피스트케이티드,phash_2033,,test
330150,images/real/페미닌/330150.jpg,1,하의,하의,real,kfashion,,페미닌,Skin_177,,train
158806,images/real/스트리트/158806.jpg,1,하의,하의,real,kfashion,,스트리트,GAIRIN_032,,train
1256109,images/real/스트리트/1256109.jpg,1,하의,하의,real,kfashion,,스트리트,phash_2034,,train
1261227,images/real/스트리트/1261227.jpg,1,하의,하의,real,kfashion,,스트리트,phash_2035,,val
21681,images/real/소피스트케이티드/21681.jpg,1,하의,하의,real,kfashion,,소피스트케이티드,Recipe_155,,train
493559,images/real/스트리트/493559.jpg,1,하의,하의,real,kfashion,,스트리트,phash_2036,,test
300956,images/real/스트리트/300956.jpg,1,하의,하의,real,kfashion,,스트리트,babyshu_099,,train
87516,images/real/리조트/87516.jpg,1,하의,하의,real,kfashion,,리조트,LIME_1464,,train
520383,images/real/스트리트/520383.jpg,1,하의,하의,real,kfashion,,스트리트,phash_2037,,train
1346304,images/real/키치/1346304.jpg,1,하의,하의,real,kfashion,,키치,phash_2038,,val
769066,images/real/스트리트/769066.jpg,1,하의,하의,real,kfashion,,스트리트,phash_2039,,test
1259278,images/real/클래식/1259278.jpg,1,하의,하의,real,kfashion,,클래식,phash_2040,,train
346006,images/real/스트리트/346006.jpg,1,하의,하의,real,kfashion,,스트리트,phash_2041,,val
1250127,images/real/스포티/1250127.jpg,1,하의,하의,real,kfashion,,스포티,phash_2042,,test
906780,images/real/스트리트/906780.jpg,1,하의,하의,real,kfashion,,스트리트,phash_2043,,train
426698,images/real/스트리트/426698.jpg,1,하의,하의,real,kfashion,,스트리트,phash_2044,,val
906195,images/real/스포티/906195.jpg,1,하의,하의,real,kfashion,,스포티,phash_2045,,test
1265332,images/real/리조트/1265332.jpg,1,하의,하의,real,kfashion,,리조트,phash_2046,,train
282373,images/real/스트리트/282373.jpg,1,하의,하의,real,kfashion,,스트리트,BandM_085,,train
1271685,images/real/스포티/1271685.jpg,1,하의,하의,real,kfashion,,스포티,phash_2047,,val
723642,images/real/클래식/723642.jpg,1,하의,하의,real,kfashion,,클래식,phash_2048,,test
564464,images/real/페미닌/564464.jpg,1,하의,하의,real,kfashion,,페미닌,phash_2049,,train
345071,images/real/매니시/345071.jpg,1,하의,하의,real,kfashion,,매니시,vicky_066,,test
199490,images/real/모던/199490.jpg,1,하의,하의,real,kfashion,,모던,Dduddu_465,,train
1259554,images/real/스트리트/1259554.jpg,1,하의,하의,real,kfashion,,스트리트,phash_2050,,val
280888,images/real/스트리트/280888.jpg,1,하의,하의,real,kfashion,,스트리트,BandM_030,,train
950124,images/real/소피스트케이티드/950124.jpg,1,하의,하의,real,kfashion,,소피스트케이티드,phash_2051,,test
963914,images/real/페미닌/963914.jpg,1,하의,하의,real,kfashion,,페미닌,phash_2052,,train
104703,images/real/페미닌/104703.jpg,1,하의,하의,real,kfashion,,페미닌,phash_2053,,val
18246,images/real/리조트/18246.jpg,1,하의,하의,real,kfashion,,리조트,Logue_028,,train
1218989,images/real/컨트리/1218989.jpg,1,하의,하의,real,kfashion,,컨트리,phash_2054,,test
898626,images/real/페미닌/898626.jpg,1,하의,하의,real,kfashion,,페미닌,phash_2055,,train
956848,images/real/페미닌/956848.jpg,1,하의,하의,real,kfashion,,페미닌,phash_2056,,val
345717,images/real/스트리트/345717.jpg,1,하의,하의,real,kfashion,,스트리트,vicky_109,,val
231267,images/real/스트리트/231267.jpg,1,하의,하의,real,kfashion,,스트리트,Pinocchio_098,,train
498574,images/real/스트리트/498574.jpg,1,하의,하의,real,kfashion,,스트리트,phash_1937,,train
155662,images/real/모던/155662.jpg,1,하의,하의,real,kfashion,,모던,Fithari_014,,train
1263446,images/real/로맨틱/1263446.jpg,1,하의,하의,real,kfashion,,로맨틱,phash_2057,,test
1264140,images/real/스트리트/1264140.jpg,1,하의,하의,real,kfashion,,스트리트,phash_2058,,train
1208861,images/real/스트리트/1208861.jpg,1,하의,하의,real,kfashion,,스트리트,phash_2059,,val
925205,images/real/스트리트/925205.jpg,1,하의,하의,real,kfashion,,스트리트,phash_2060,,test
951223,images/real/스트리트/951223.jpg,1,하의,하의,real,kfashion,,스트리트,phash_2061,,train
359374,images/real/젠더리스/359374.jpg,1,하의,하의,real,kfashion,,젠더리스,Eroom_481,,train
1214029,images/real/클래식/1214029.jpg,1,하의,하의,real,kfashion,,클래식,phash_2062,,val
44099,images/real/컨트리/44099.jpg,1,하의,하의,real,kfashion,,컨트리,baobao_016,,train
1208414,images/real/스트리트/1208414.jpg,1,하의,하의,real,kfashion,,스트리트,phash_2063,,test
517858,images/real/스트리트/517858.jpg,1,하의,하의,real,kfashion,,스트리트,phash_1903,,train
296490,images/real/스트리트/296490.jpg,1,하의,하의,real,kfashion,,스트리트,phash_2064,,train
335831,images/real/스트리트/335831.jpg,1,하의,하의,real,kfashion,,스트리트,phash_2065,,val
688750,images/real/스트리트/688750.jpg,1,하의,하의,real,kfashion,,스트리트,phash_2066,,test
224197,images/real/클래식/224197.jpg,1,하의,하의,real,kfashion,,클래식,phash_2067,,train
890127,images/real/스트리트/890127.jpg,1,하의,하의,real,kfashion,,스트리트,phash_2068,,val
195409,images/real/소피스트케이티드/195409.jpg,1,하의,하의,real,kfashion,,소피스트케이티드,Dduddu_310,,train
25381,images/real/스트리트/25381.jpg,1,하의,하의,real,kfashion,,스트리트,RexGirl_170,,train
9245,images/real/로맨틱/9245.jpg,1,하의,하의,real,kfashion,,로맨틱,dodre_117,,train
787129,images/real/스트리트/787129.jpg,1,하의,하의,real,kfashion,,스트리트,phash_2069,,test
1341488,images/real/모던/1341488.jpg,1,하의,하의,real,kfashion,,모던,phash_2070,,train
140795,images/real/스트리트/140795.jpg,1,하의,하의,real,kfashion,,스트리트,phash_2071,,val
425969,images/real/스트리트/425969.jpg,1,하의,하의,real,kfashion,,스트리트,phash_2072,,test
346165,images/real/매니시/346165.jpg,1,하의,하의,real,kfashion,,매니시,vicky_140,,train
254781,images/real/모던/254781.jpg,1,하의,하의,real,kfashion,,모던,Mutjange_037,,train
1131365,images/real/소피스트케이티드/1131365.jpg,1,하의,하의,real,kfashion,,소피스트케이티드,phash_2073,,train
259314,images/real/스트리트/259314.jpg,1,하의,하의,real,kfashion,,스트리트,phash_2074,,val
203239,images/real/스트리트/203239.jpg,1,하의,하의,real,kfashion,,스트리트,FLY_290,,train
249872,images/real/스트리트/249872.jpg,1,하의,하의,real,kfashion,,스트리트,Moda_213,,train
55850,images/real/스트리트/55850.jpg,1,하의,하의,real,kfashion,,스트리트,chaplin_305,,train
1135638,images/real/스트리트/1135638.jpg,1,하의,하의,real,kfashion,,스트리트,phash_2075,,test
956629,images/real/스트리트/956629.jpg,1,하의,하의,real,kfashion,,스트리트,phash_2076,,train
787154,images/real/스트리트/787154.jpg,1,하의,하의,real,kfashion,,스트리트,phash_1966,,train
25922,images/real/스트리트/25922.jpg,1,하의,하의,real,kfashion,,스트리트,RexGirl_188,,train
75636,images/real/스트리트/75636.jpg,1,하의,하의,real,kfashion,,스트리트,DAKS_1664,,train
1261396,images/real/모던/1261396.jpg,1,하의,하의,real,kfashion,,모던,phash_2077,,val
501544,images/real/스트리트/501544.jpg,1,하의,하의,real,kfashion,,스트리트,phash_2078,,test
5345,images/real/스트리트/5345.jpg,1,하의,하의,real,kfashion,,스트리트,goldenplug_039,,train
222107,images/real/스트리트/222107.jpg,1,하의,하의,real,kfashion,,스트리트,phash_2079,,train
45414,images/real/리조트/45414.jpg,1,하의,하의,real,kfashion,,리조트,Buying_114,,train
155606,images/real/스트리트/155606.jpg,1,하의,하의,real,kfashion,,스트리트,Fithari_010,,train
190741,images/real/리조트/190741.jpg,1,하의,하의,real,kfashion,,리조트,byhoney_037,,train
254525,images/real/모던/254525.jpg,1,하의,하의,real,kfashion,,모던,phash_2080,,val
816383,images/real/로맨틱/816383.jpg,1,하의,하의,real,kfashion,,로맨틱,phash_2081,,test
249873,images/real/스트리트/249873.jpg,1,하의,하의,real,kfashion,,스트리트,Moda_213,,train
99205,images/real/페미닌/99205.jpg,1,하의,하의,real,kfashion,,페미닌,Afrench_029,,train
199489,images/real/모던/199489.jpg,1,하의,하의,real,kfashion,,모던,Dduddu_465,,train
719158,images/real/소피스트케이티드/719158.jpg,1,하의,하의,real,kfashion,,소피스트케이티드,phash_2082,,train
1257308,images/real/스트리트/1257308.jpg,1,하의,하의,real,kfashion,,스트리트,phash_2083,,val
943119,images/real/스트리트/943119.jpg,1,하의,하의,real,kfashion,,스트리트,phash_2084,,test
1043502,images/real/스트리트/1043502.jpg,1,하의,하의,real,kfashion,,스트리트,phash_2085,,train
18186,images/real/젠더리스/18186.jpg,1,하의,하의,real,kfashion,,젠더리스,Logue_023,,train
301530,images/real/소피스트케이티드/301530.jpg,1,하의,하의,real,kfashion,,소피스트케이티드,babyshu_120,,train
231146,images/real/스트리트/231146.jpg,1,하의,하의,real,kfashion,,스트리트,Pinocchio_090,,train
75542,images/real/젠더리스/75542.jpg,1,하의,하의,real,kfashion,,젠더리스,DAKS_1660,,train
497507,images/real/스트리트/497507.jpg,1,하의,하의,real,kfashion,,스트리트,phash_2086,,val
669870,images/real/스트리트/669870.jpg,1,하의,하의,real,kfashion,,스트리트,phash_2087,,test
121575,images/real/스트리트/121575.jpg,1,하의,하의,real,kfashion,,스트리트,Palace_111,,train
357259,images/real/스트리트/357259.jpg,1,하의,하의,real,kfashion,,스트리트,barrica_165,,train
234097,images/real/페미닌/234097.jpg,1,하의,하의,real,kfashion,,페미닌,ThisT_433,,train
1082770,images/real/스트리트/1082770.jpg,1,하의,하의,real,kfashion,,스트리트,phash_2088,,train
1084412,images/real/스트리트/1084412.jpg,1,하의,하의,real,kfashion,,스트리트,phash_2089,,val
74607,images/real/페미닌/74607.jpg,1,하의,하의,real,kfashion,,페미닌,DAKS_1621,,train
499018,images/real/스트리트/499018.jpg,1,하의,하의,real,kfashion,,스트리트,phash_2090,,test
337025,images/real/스트리트/337025.jpg,1,하의,하의,real,kfashion,,스트리트,STEP_101,,train
1131220,images/real/리조트/1131220.jpg,1,하의,하의,real,kfashion,,리조트,phash_2091,,train
1117209,images/real/페미닌/1117209.jpg,1,하의,하의,real,kfashion,,페미닌,phash_2092,,val
1110472,images/real/스트리트/1110472.jpg,1,하의,하의,real,kfashion,,스트리트,phash_2093,,test
521080,images/real/스트리트/521080.jpg,1,하의,하의,real,kfashion,,스트리트,phash_2094,,train
362370,images/real/클래식/362370.jpg,1,하의,하의,real,kfashion,,클래식,Jamong_057,,train
498325,images/real/스트리트/498325.jpg,1,하의,하의,real,kfashion,,스트리트,phash_2095,,val
331339,images/real/스트리트/331339.jpg,1,하의,하의,real,kfashion,,스트리트,SmartH_012,,train
1015188,images/real/로맨틱/1015188.jpg,1,하의,하의,real,kfashion,,로맨틱,phash_2096,,test
1164537,images/real/스트리트/1164537.jpg,1,하의,하의,real,kfashion,,스트리트,phash_2097,,train
1134760,images/real/스트리트/1134760.jpg,1,하의,하의,real,kfashion,,스트리트,phash_2098,,val
1274592,images/real/스트리트/1274592.jpg,1,하의,하의,real,kfashion,,스트리트,phash_2099,,test
359022,images/real/리조트/359022.jpg,1,하의,하의,real,kfashion,,리조트,phash_2100,,train
956166,images/real/컨트리/956166.jpg,1,하의,하의,real,kfashion,,컨트리,phash_2101,,val
1271921,images/real/모던/1271921.jpg,1,하의,하의,real,kfashion,,모던,phash_1971,,train
1271680,images/real/스포티/1271680.jpg,1,하의,하의,real,kfashion,,스포티,phash_2102,,test
1084837,images/real/스트리트/1084837.jpg,1,하의,하의,real,kfashion,,스트리트,phash_2103,,train
294738,images/real/스트리트/294738.jpg,1,하의,하의,real,kfashion,,스트리트,phash_2104,,val
230111,images/real/스트리트/230111.jpg,1,하의,하의,real,kfashion,,스트리트,phash_2105,,test
1110178,images/real/스트리트/1110178.jpg,1,하의,하의,real,kfashion,,스트리트,phash_2106,,train
62425,images/real/스트리트/62425.jpg,1,하의,하의,real,kfashion,,스트리트,JoinD_010,,train
254088,images/real/모던/254088.jpg,1,하의,하의,real,kfashion,,모던,phash_2107,,val
1265642,images/real/스트리트/1265642.jpg,1,하의,하의,real,kfashion,,스트리트,phash_2108,,test
837376,images/real/스트리트/837376.jpg,1,하의,하의,real,kfashion,,스트리트,phash_2109,,train
966615,images/real/스트리트/966615.jpg,1,하의,하의,real,kfashion,,스트리트,phash_2110,,val
717653,images/real/페미닌/717653.jpg,1,하의,하의,real,kfashion,,페미닌,phash_2111,,test
20455,images/real/스트리트/20455.jpg,1,하의,하의,real,kfashion,,스트리트,Recipe_102,,train
966745,images/real/클래식/966745.jpg,1,하의,하의,real,kfashion,,클래식,phash_2112,,train
330771,images/real/스트리트/330771.jpg,1,하의,하의,real,kfashion,,스트리트,Skin_218,,train
1022815,images/real/페미닌/1022815.jpg,1,하의,하의,real,kfashion,,페미닌,phash_2113,,val
336197,images/real/스트리트/336197.jpg,1,하의,하의,real,kfashion,,스트리트,STEP_060,,train
19746,images/real/클래식/19746.jpg,1,하의,하의,real,kfashion,,클래식,Recipe_071,,train
254247,images/real/모던/254247.jpg,1,하의,하의,real,kfashion,,모던,phash_2114,,test
258814,images/real/스트리트/258814.jpg,1,하의,하의,real,kfashion,,스트리트,REMOCON_019,,train
266527,images/real/스트리트/266527.jpg,1,하의,하의,real,kfashion,,스트리트,Millimeter_128,,train
120639,images/real/페미닌/120639.jpg,1,하의,하의,real,kfashion,,페미닌,phash_2115,,train
10380,images/real/스트리트/10380.jpg,1,하의,하의,real,kfashion,,스트리트,dodre_158,,train
147076,images/real/스트리트/147076.jpg,1,하의,하의,real,kfashion,,스트리트,Dokae_1094,,train
1120224,images/real/페미닌/1120224.jpg,1,하의,하의,real,kfashion,,페미닌,phash_2116,,val
246533,images/real/클래식/246533.jpg,1,하의,하의,real,kfashion,,클래식,MAYONE_030,,train
345002,images/real/매니시/345002.jpg,1,하의,하의,real,kfashion,,매니시,vicky_062,,val
1280461,images/real/밀리터리/1280461.jpg,1,하의,하의,real,kfashion,,밀리터리,phash_2117,,test
204417,images/real/스트리트/204417.jpg,1,하의,하의,real,kfashion,,스트리트,FLY_335,,train
304870,images/real/모던/304870.jpg,1,하의,하의,real,kfashion,,모던,phash_2118,,train
1236748,images/real/스트리트/1236748.jpg,1,하의,하의,real,kfashion,,스트리트,phash_2119,,val
17972,images/real/스트리트/17972.jpg,1,하의,하의,real,kfashion,,스트리트,phash_2120,,test
269776,images/real/모던/269776.jpg,1,하의,하의,real,kfashion,,모던,phash_2121,,train
1081828,images/real/스트리트/1081828.jpg,1,하의,하의,real,kfashion,,스트리트,phash_2122,,val
296322,images/real/스트리트/296322.jpg,1,하의,하의,real,kfashion,,스트리트,phash_2123,,test
1097889,images/real/소피스트케이티드/1097889.jpg,1,하의,하의,real,kfashion,,소피스트케이티드,phash_2124,,train
925393,images/real/스트리트/925393.jpg,1,하의,하의,real,kfashion,,스트리트,phash_2125,,val
330614,images/real/스트리트/330614.jpg,1,하의,하의,real,kfashion,,스트리트,Skin_207,,train
426674,images/real/스트리트/426674.jpg,1,하의,하의,real,kfashion,,스트리트,phash_2126,,test
950899,images/real/클래식/950899.jpg,1,하의,하의,real,kfashion,,클래식,phash_2127,,train
323367,images/real/섹시/323367.jpg,1,하의,하의,real,kfashion,,섹시,sara_046,,train
425455,images/real/컨트리/425455.jpg,1,하의,하의,real,kfashion,,컨트리,phash_2128,,val
328258,images/real/스트리트/328258.jpg,1,하의,하의,real,kfashion,,스트리트,Skin_051,,train
493518,images/real/스트리트/493518.jpg,1,하의,하의,real,kfashion,,스트리트,phash_2129,,test
1083999,images/real/스트리트/1083999.jpg,1,하의,하의,real,kfashion,,스트리트,phash_2130,,train
826599,images/real/스트리트/826599.jpg,1,하의,하의,real,kfashion,,스트리트,phash_2131,,val
427440,images/real/페미닌/427440.jpg,1,하의,하의,real,kfashion,,페미닌,phash_2132,,test
1283326,images/real/스포티/1283326.jpg,1,하의,하의,real,kfashion,,스포티,phash_2133,,train
900026,images/real/페미닌/900026.jpg,1,하의,하의,real,kfashion,,페미닌,phash_2134,,val
1041244,images/real/스트리트/1041244.jpg,1,하의,하의,real,kfashion,,스트리트,phash_2135,,test
238017,images/real/젠더리스/238017.jpg,1,하의,하의,real,kfashion,,젠더리스,LEBROWN_014,,train
998148,images/real/소피스트케이티드/998148.jpg,1,하의,하의,real,kfashion,,소피스트케이티드,phash_2136,,train
838739,images/real/스트리트/838739.jpg,1,하의,하의,real,kfashion,,스트리트,phash_2137,,val
138895,images/real/스트리트/138895.jpg,1,하의,하의,real,kfashion,,스트리트,phash_2138,,test
104532,images/real/소피스트케이티드/104532.jpg,1,하의,하의,real,kfashion,,소피스트케이티드,phash_2139,,train
1084947,images/real/스트리트/1084947.jpg,1,하의,하의,real,kfashion,,스트리트,phash_2140,,val
205620,images/real/스트리트/205620.jpg,1,하의,하의,real,kfashion,,스트리트,Forme_316,,train
522891,images/real/스트리트/522891.jpg,1,하의,하의,real,kfashion,,스트리트,phash_2141,,test
1217161,images/real/페미닌/1217161.jpg,1,하의,하의,real,kfashion,,페미닌,phash_2142,,train
27368,images/real/리조트/27368.jpg,1,하의,하의,real,kfashion,,리조트,MAR_009,,train
282156,images/real/스트리트/282156.jpg,1,하의,하의,real,kfashion,,스트리트,phash_2143,,val
1224731,images/real/로맨틱/1224731.jpg,1,하의,하의,real,kfashion,,로맨틱,phash_2144,,test
804029,images/real/스트리트/804029.jpg,1,하의,하의,real,kfashion,,스트리트,phash_2145,,train
1272990,images/real/섹시/1272990.jpg,1,하의,하의,real,kfashion,,섹시,phash_2146,,val
1104296,images/real/스트리트/1104296.jpg,1,하의,하의,real,kfashion,,스트리트,phash_2147,,test
328325,images/real/스트리트/328325.jpg,1,하의,하의,real,kfashion,,스트리트,phash_2148,,train
1059590,images/real/컨트리/1059590.jpg,1,하의,하의,real,kfashion,,컨트리,phash_2149,,val
9046,images/real/스트리트/9046.jpg,1,하의,하의,real,kfashion,,스트리트,dodre_105,,train
91490,images/real/히피/91490.jpg,1,하의,하의,real,kfashion,,히피,LIME_1930,,train
8727,images/real/스트리트/8727.jpg,1,하의,하의,real,kfashion,,스트리트,dodre_081,,train
364728,images/real/스트리트/364728.jpg,1,하의,하의,real,kfashion,,스트리트,SAERO_320,,train
849929,images/real/스트리트/849929.jpg,1,하의,하의,real,kfashion,,스트리트,phash_2150,,test
425849,images/real/스트리트/425849.jpg,1,하의,하의,real,kfashion,,스트리트,phash_2151,,train
516675,images/real/스트리트/516675.jpg,1,하의,하의,real,kfashion,,스트리트,phash_2152,,val
830646,images/real/스트리트/830646.jpg,1,하의,하의,real,kfashion,,스트리트,phash_2153,,test
1002263,images/real/스트리트/1002263.jpg,1,하의,하의,real,kfashion,,스트리트,phash_2154,,train
258859,images/real/매니시/258859.jpg,1,하의,하의,real,kfashion,,매니시,REMOCON_022,,train
1267048,images/real/컨트리/1267048.jpg,1,하의,하의,real,kfashion,,컨트리,phash_2155,,val
1161667,images/real/리조트/1161667.jpg,1,하의,하의,real,kfashion,,리조트,phash_2156,,test
1208231,images/real/스트리트/1208231.jpg,1,하의,하의,real,kfashion,,스트리트,phash_2157,,train
139803,images/real/스트리트/139803.jpg,1,하의,하의,real,kfashion,,스트리트,phash_2158,,val
1224880,images/real/리조트/1224880.jpg,1,하의,하의,real,kfashion,,리조트,phash_2159,,test
1272740,images/real/스트리트/1272740.jpg,1,하의,하의,real,kfashion,,스트리트,phash_2160,,train
1210035,images/real/스트리트/1210035.jpg,1,하의,하의,real,kfashion,,스트리트,phash_2161,,val
gen_000001,images/generated/qwen_image_21/gen_000001.png,0,원피스,원피스,generated,,qwen_image_21,,,f6b1v1,train
gen_000002,images/generated/qwen_image_21/gen_000002.png,0,원피스,원피스,generated,,qwen_image_21,,,f2b6v1,train
gen_000003,images/generated/qwen_image_21/gen_000003.png,0,원피스,원피스,generated,,qwen_image_21,,,f5b4v1,train
gen_000004,images/generated/qwen_image_21/gen_000004.png,0,원피스,원피스,generated,,qwen_image_21,,,f5b5v1,train
gen_000005,images/generated/qwen_image_21/gen_000005.png,0,원피스,원피스,generated,,qwen_image_21,,,f2b4v1,train
gen_000006,images/generated/qwen_image_21/gen_000006.png,0,원피스,원피스,generated,,qwen_image_21,,,f2b6v1,train
gen_000007,images/generated/qwen_image_21/gen_000007.png,0,원피스,원피스,generated,,qwen_image_21,,,f3b1v1,train
gen_000008,images/generated/qwen_image_21/gen_000008.png,0,원피스,원피스,generated,,qwen_image_21,,,f5b3v2,train
gen_000009,images/generated/qwen_image_21/gen_000009.png,0,원피스,원피스,generated,,qwen_image_21,,,f4b1v1,train
gen_000010,images/generated/qwen_image_21/gen_000010.png,0,원피스,원피스,generated,,qwen_image_21,,,f5b2v2,train
gen_000011,images/generated/qwen_image_21/gen_000011.png,0,원피스,원피스,generated,,qwen_image_21,,,f3b1v3,train
gen_000012,images/generated/qwen_image_21/gen_000012.png,0,원피스,원피스,generated,,qwen_image_21,,,f3b4v2,train
gen_000013,images/generated/qwen_image_21/gen_000013.png,0,원피스,원피스,generated,,qwen_image_21,,,f3b2v2,train
gen_000014,images/generated/qwen_image_21/gen_000014.png,0,원피스,원피스,generated,,qwen_image_21,,,f5b6v1,train
gen_000015,images/generated/qwen_image_21/gen_000015.png,0,원피스,원피스,generated,,qwen_image_21,,,f4b4v1,train
gen_000016,images/generated/qwen_image_21/gen_000016.png,0,원피스,원피스,generated,,qwen_image_21,,,f6b3v2,train
gen_000017,images/generated/qwen_image_21/gen_000017.png,0,원피스,원피스,generated,,qwen_image_21,,,f1b7v1,train
gen_000018,images/generated/qwen_image_21/gen_000018.png,0,원피스,원피스,generated,,qwen_image_21,,,f5b6v1,train
gen_000019,images/generated/qwen_image_21/gen_000019.png,0,원피스,원피스,generated,,qwen_image_21,,,f6b4v1,train
gen_000020,images/generated/qwen_image_21/gen_000020.png,0,원피스,원피스,generated,,qwen_image_21,,,f6b5v1,train
gen_000021,images/generated/qwen_image_21/gen_000021.png,0,원피스,원피스,generated,,qwen_image_21,,,f2b2v1,train
gen_000022,images/generated/qwen_image_21/gen_000022.png,0,원피스,원피스,generated,,qwen_image_21,,,f1b2v2,train
gen_000023,images/generated/qwen_image_21/gen_000023.png,0,원피스,원피스,generated,,qwen_image_21,,,f5b1v1,train
gen_000024,images/generated/qwen_image_21/gen_000024.png,0,원피스,원피스,generated,,qwen_image_21,,,f5b3v3,train
gen_000025,images/generated/qwen_image_21/gen_000025.png,0,원피스,원피스,generated,,qwen_image_21,,,f6b6v1,train
gen_000026,images/generated/qwen_image_21/gen_000026.png,0,원피스,원피스,generated,,qwen_image_21,,,f6b3v1,train
gen_000027,images/generated/qwen_image_21/gen_000027.png,0,원피스,원피스,generated,,qwen_image_21,,,f1b6v3,train
gen_000028,images/generated/qwen_image_21/gen_000028.png,0,원피스,원피스,generated,,qwen_image_21,,,f5b1v3,train
gen_000029,images/generated/qwen_image_21/gen_000029.png,0,원피스,원피스,generated,,qwen_image_21,,,f2b3v2,train
gen_000030,images/generated/qwen_image_21/gen_000030.png,0,원피스,원피스,generated,,qwen_image_21,,,f5b3v1,train
gen_000031,images/generated/qwen_image_21/gen_000031.png,0,원피스,원피스,generated,,qwen_image_21,,,f3b2v1,train
gen_000032,images/generated/qwen_image_21/gen_000032.png,0,아우터,아우터,generated,,qwen_image_21,,,f1b6v1,train
gen_000033,images/generated/qwen_image_21/gen_000033.png,0,아우터,아우터,generated,,qwen_image_21,,,f2b6v1,train
gen_000034,images/generated/qwen_image_21/gen_000034.png,0,아우터,아우터,generated,,qwen_image_21,,,f5b7v2,train
gen_000035,images/generated/qwen_image_21/gen_000035.png,0,아우터,아우터,generated,,qwen_image_21,,,f6b3v1,train
gen_000036,images/generated/qwen_image_21/gen_000036.png,0,아우터,아우터,generated,,qwen_image_21,,,f4b5v1,train
gen_000037,images/generated/qwen_image_21/gen_000037.png,0,아우터,아우터,generated,,qwen_image_21,,,f3b1v1,train
gen_000038,images/generated/qwen_image_21/gen_000038.png,0,아우터,아우터,generated,,qwen_image_21,,,f1b1v2,train
gen_000039,images/generated/qwen_image_21/gen_000039.png,0,아우터,아우터,generated,,qwen_image_21,,,f1b7v1,train
gen_000040,images/generated/qwen_image_21/gen_000040.png,0,아우터,아우터,generated,,qwen_image_21,,,f6b4v1,train
gen_000041,images/generated/qwen_image_21/gen_000041.png,0,아우터,아우터,generated,,qwen_image_21,,,f2b7v1,train
gen_000042,images/generated/qwen_image_21/gen_000042.png,0,아우터,아우터,generated,,qwen_image_21,,,f1b6v1,train
gen_000043,images/generated/qwen_image_21/gen_000043.png,0,아우터,아우터,generated,,qwen_image_21,,,f6b1v2,train
gen_000044,images/generated/qwen_image_21/gen_000044.png,0,아우터,아우터,generated,,qwen_image_21,,,f1b4v2,train
gen_000045,images/generated/qwen_image_21/gen_000045.png,0,아우터,아우터,generated,,qwen_image_21,,,f2b2v1,train
gen_000046,images/generated/qwen_image_21/gen_000046.png,0,아우터,아우터,generated,,qwen_image_21,,,f2b3v1,train
gen_000047,images/generated/qwen_image_21/gen_000047.png,0,아우터,아우터,generated,,qwen_image_21,,,f4b7v3,train
gen_000048,images/generated/qwen_image_21/gen_000048.png,0,아우터,아우터,generated,,qwen_image_21,,,f6b5v2,train
gen_000049,images/generated/qwen_image_21/gen_000049.png,0,아우터,아우터,generated,,qwen_image_21,,,f2b4v1,train
gen_000050,images/generated/qwen_image_21/gen_000050.png,0,아우터,아우터,generated,,qwen_image_21,,,f1b2v1,train
gen_000051,images/generated/qwen_image_21/gen_000051.png,0,아우터,아우터,generated,,qwen_image_21,,,f4b3v1,train
gen_000052,images/generated/qwen_image_21/gen_000052.png,0,아우터,아우터,generated,,qwen_image_21,,,f2b2v1,train
gen_000053,images/generated/qwen_image_21/gen_000053.png,0,아우터,아우터,generated,,qwen_image_21,,,f6b3v1,train
gen_000054,images/generated/qwen_image_21/gen_000054.png,0,아우터,아우터,generated,,qwen_image_21,,,f1b5v1,train
gen_000055,images/generated/qwen_image_21/gen_000055.png,0,아우터,아우터,generated,,qwen_image_21,,,f6b7v1,train
gen_000056,images/generated/qwen_image_21/gen_000056.png,0,아우터,아우터,generated,,qwen_image_21,,,f5b5v1,train
gen_000057,images/generated/qwen_image_21/gen_000057.png,0,아우터,아우터,generated,,qwen_image_21,,,f3b2v2,train
gen_000058,images/generated/qwen_image_21/gen_000058.png,0,아우터,아우터,generated,,qwen_image_21,,,f4b2v2,train
gen_000059,images/generated/qwen_image_21/gen_000059.png,0,아우터,아우터,generated,,qwen_image_21,,,f1b1v1,train
gen_000060,images/generated/qwen_image_21/gen_000060.png,0,아우터,아우터,generated,,qwen_image_21,,,f1b5v1,train
gen_000061,images/generated/qwen_image_21/gen_000061.png,0,아우터,아우터,generated,,qwen_image_21,,,f1b2v1,train
gen_000062,images/generated/qwen_image_21/gen_000062.png,0,아우터,아우터,generated,,qwen_image_21,,,f5b7v2,train
gen_000063,images/generated/qwen_image_21/gen_000063.png,0,상의,상의|하의,generated,,qwen_image_21,,,f6b1v3,train
gen_000064,images/generated/qwen_image_21/gen_000064.png,0,상의,상의|하의,generated,,qwen_image_21,,,f1b6v1,train
gen_000065,images/generated/qwen_image_21/gen_000065.png,0,상의,상의|하의,generated,,qwen_image_21,,,f6b3v1,train
gen_000066,images/generated/qwen_image_21/gen_000066.png,0,상의,상의|하의,generated,,qwen_image_21,,,f5b4v1,train
gen_000067,images/generated/qwen_image_21/gen_000067.png,0,상의,상의|하의,generated,,qwen_image_21,,,f1b6v1,train
gen_000068,images/generated/qwen_image_21/gen_000068.png,0,상의,상의|하의,generated,,qwen_image_21,,,f3b7v1,train
gen_000069,images/generated/qwen_image_21/gen_000069.png,0,상의,상의|하의,generated,,qwen_image_21,,,f6b4v1,train
gen_000070,images/generated/qwen_image_21/gen_000070.png,0,상의,상의|하의,generated,,qwen_image_21,,,f1b1v3,train
gen_000071,images/generated/qwen_image_21/gen_000071.png,0,상의,상의|하의,generated,,qwen_image_21,,,f5b1v2,train
gen_000072,images/generated/qwen_image_21/gen_000072.png,0,상의,상의|하의,generated,,qwen_image_21,,,f4b2v1,train
gen_000073,images/generated/qwen_image_21/gen_000073.png,0,상의,상의|하의,generated,,qwen_image_21,,,f3b2v2,train
gen_000074,images/generated/qwen_image_21/gen_000074.png,0,상의,상의|하의,generated,,qwen_image_21,,,f5b7v1,train
gen_000075,images/generated/qwen_image_21/gen_000075.png,0,상의,상의|하의,generated,,qwen_image_21,,,f2b7v1,train
gen_000076,images/generated/qwen_image_21/gen_000076.png,0,상의,상의|하의,generated,,qwen_image_21,,,f4b1v1,train
gen_000077,images/generated/qwen_image_21/gen_000077.png,0,상의,상의|하의,generated,,qwen_image_21,,,f6b7v2,train
gen_000078,images/generated/qwen_image_21/gen_000078.png,0,상의,상의|하의,generated,,qwen_image_21,,,f6b1v1,train
gen_000079,images/generated/qwen_image_21/gen_000079.png,0,상의,상의|하의,generated,,qwen_image_21,,,f2b2v2,train
gen_000080,images/generated/qwen_image_21/gen_000080.png,0,상의,상의|하의,generated,,qwen_image_21,,,f2b2v1,train
gen_000081,images/generated/qwen_image_21/gen_000081.png,0,상의,상의|하의,generated,,qwen_image_21,,,f3b7v1,train
gen_000082,images/generated/qwen_image_21/gen_000082.png,0,상의,상의|하의,generated,,qwen_image_21,,,f6b5v1,train
gen_000083,images/generated/qwen_image_21/gen_000083.png,0,상의,상의|하의,generated,,qwen_image_21,,,f1b1v3,train
gen_000084,images/generated/qwen_image_21/gen_000084.png,0,상의,상의|하의,generated,,qwen_image_21,,,f1b1v1,train
gen_000085,images/generated/qwen_image_21/gen_000085.png,0,상의,상의|하의,generated,,qwen_image_21,,,f4b5v3,train
gen_000086,images/generated/qwen_image_21/gen_000086.png,0,상의,상의|하의,generated,,qwen_image_21,,,f3b1v2,train
gen_000087,images/generated/qwen_image_21/gen_000087.png,0,상의,상의|하의,generated,,qwen_image_21,,,f3b4v1,train
gen_000088,images/generated/qwen_image_21/gen_000088.png,0,상의,상의|하의,generated,,qwen_image_21,,,f5b3v2,train
gen_000089,images/generated/qwen_image_21/gen_000089.png,0,상의,상의|하의,generated,,qwen_image_21,,,f5b3v2,train
gen_000090,images/generated/qwen_image_21/gen_000090.png,0,상의,상의|하의,generated,,qwen_image_21,,,f5b2v1,train
gen_000091,images/generated/qwen_image_21/gen_000091.png,0,상의,상의|하의,generated,,qwen_image_21,,,f6b6v3,train
gen_000092,images/generated/qwen_image_21/gen_000092.png,0,상의,상의|하의,generated,,qwen_image_21,,,f4b5v2,train
gen_000093,images/generated/qwen_image_21/gen_000093.png,0,상의,상의|하의,generated,,qwen_image_21,,,f4b7v1,train
gen_000094,images/generated/qwen_image_21/gen_000094.png,0,하의,상의|하의,generated,,qwen_image_21,,,f4b4v2,train
gen_000095,images/generated/qwen_image_21/gen_000095.png,0,하의,상의|하의,generated,,qwen_image_21,,,f6b1v1,train
gen_000096,images/generated/qwen_image_21/gen_000096.png,0,하의,상의|하의,generated,,qwen_image_21,,,f1b7v3,train
gen_000097,images/generated/qwen_image_21/gen_000097.png,0,하의,상의|하의,generated,,qwen_image_21,,,f2b7v1,train
gen_000098,images/generated/qwen_image_21/gen_000098.png,0,하의,상의|하의,generated,,qwen_image_21,,,f4b5v2,train
gen_000099,images/generated/qwen_image_21/gen_000099.png,0,하의,상의|하의,generated,,qwen_image_21,,,f6b5v1,train
gen_000100,images/generated/qwen_image_21/gen_000100.png,0,하의,상의|하의,generated,,qwen_image_21,,,f4b2v1,train
gen_000101,images/generated/qwen_image_21/gen_000101.png,0,하의,상의|하의,generated,,qwen_image_21,,,f4b2v1,train
gen_000102,images/generated/qwen_image_21/gen_000102.png,0,하의,상의|하의,generated,,qwen_image_21,,,f1b5v1,train
gen_000103,images/generated/qwen_image_21/gen_000103.png,0,하의,상의|하의,generated,,qwen_image_21,,,f2b7v1,train
gen_000104,images/generated/qwen_image_21/gen_000104.png,0,하의,상의|하의,generated,,qwen_image_21,,,f4b5v2,train
gen_000105,images/generated/qwen_image_21/gen_000105.png,0,하의,상의|하의,generated,,qwen_image_21,,,f5b4v3,train
gen_000106,images/generated/qwen_image_21/gen_000106.png,0,하의,상의|하의,generated,,qwen_image_21,,,f4b3v2,train
gen_000107,images/generated/qwen_image_21/gen_000107.png,0,하의,상의|하의,generated,,qwen_image_21,,,f5b4v2,train
gen_000108,images/generated/qwen_image_21/gen_000108.png,0,하의,상의|하의,generated,,qwen_image_21,,,f6b3v1,train
gen_000109,images/generated/qwen_image_21/gen_000109.png,0,하의,상의|하의,generated,,qwen_image_21,,,f2b2v1,train
gen_000110,images/generated/qwen_image_21/gen_000110.png,0,하의,상의|하의,generated,,qwen_image_21,,,f1b4v1,train
gen_000111,images/generated/qwen_image_21/gen_000111.png,0,하의,상의|하의,generated,,qwen_image_21,,,f1b2v2,train
gen_000112,images/generated/qwen_image_21/gen_000112.png,0,하의,상의|하의,generated,,qwen_image_21,,,f5b4v1,train
gen_000113,images/generated/qwen_image_21/gen_000113.png,0,하의,상의|하의,generated,,qwen_image_21,,,f4b7v3,train
gen_000114,images/generated/qwen_image_21/gen_000114.png,0,하의,상의|하의,generated,,qwen_image_21,,,f4b2v1,train
gen_000115,images/generated/qwen_image_21/gen_000115.png,0,하의,상의|하의,generated,,qwen_image_21,,,f3b6v2,train
gen_000116,images/generated/qwen_image_21/gen_000116.png,0,하의,상의|하의,generated,,qwen_image_21,,,f4b2v3,train
gen_000117,images/generated/qwen_image_21/gen_000117.png,0,하의,상의|하의,generated,,qwen_image_21,,,f5b5v2,train
gen_000118,images/generated/qwen_image_21/gen_000118.png,0,하의,상의|하의,generated,,qwen_image_21,,,f2b7v1,train
gen_000119,images/generated/qwen_image_21/gen_000119.png,0,하의,상의|하의,generated,,qwen_image_21,,,f3b2v1,train
gen_000120,images/generated/qwen_image_21/gen_000120.png,0,하의,상의|하의,generated,,qwen_image_21,,,f3b7v3,train
gen_000121,images/generated/qwen_image_21/gen_000121.png,0,하의,상의|하의,generated,,qwen_image_21,,,f4b1v2,train
gen_000122,images/generated/qwen_image_21/gen_000122.png,0,하의,상의|하의,generated,,qwen_image_21,,,f2b6v1,train
gen_000123,images/generated/qwen_image_21/gen_000123.png,0,하의,상의|하의,generated,,qwen_image_21,,,f1b2v1,train
gen_000124,images/generated/qwen_image_21/gen_000124.png,0,하의,상의|하의,generated,,qwen_image_21,,,f2b2v1,train
gen_000624,images/generated/qwen_image_21/gen_000624.png,0,원피스,원피스,generated,,qwen_image_21,,,f1b3v2,train
gen_000625,images/generated/qwen_image_21/gen_000625.png,0,원피스,원피스,generated,,qwen_image_21,,,f3b6v2,train
gen_000626,images/generated/qwen_image_21/gen_000626.png,0,원피스,원피스,generated,,qwen_image_21,,,f5b1v1,train
gen_000627,images/generated/qwen_image_21/gen_000627.png,0,원피스,원피스,generated,,qwen_image_21,,,f4b2v1,train
gen_000628,images/generated/qwen_image_21/gen_000628.png,0,원피스,원피스,generated,,qwen_image_21,,,f4b2v1,train
gen_000629,images/generated/qwen_image_21/gen_000629.png,0,원피스,원피스,generated,,qwen_image_21,,,f2b7v1,train
gen_000630,images/generated/qwen_image_21/gen_000630.png,0,원피스,원피스,generated,,qwen_image_21,,,f5b2v1,train
gen_000631,images/generated/qwen_image_21/gen_000631.png,0,원피스,원피스,generated,,qwen_image_21,,,f2b1v2,train
gen_000632,images/generated/qwen_image_21/gen_000632.png,0,원피스,원피스,generated,,qwen_image_21,,,f5b5v1,train
gen_000633,images/generated/qwen_image_21/gen_000633.png,0,원피스,원피스,generated,,qwen_image_21,,,f1b7v2,train
gen_000634,images/generated/qwen_image_21/gen_000634.png,0,원피스,원피스,generated,,qwen_image_21,,,f3b5v2,train
gen_000635,images/generated/qwen_image_21/gen_000635.png,0,원피스,원피스,generated,,qwen_image_21,,,f1b7v1,train
gen_000636,images/generated/qwen_image_21/gen_000636.png,0,원피스,원피스,generated,,qwen_image_21,,,f3b6v1,train
gen_000637,images/generated/qwen_image_21/gen_000637.png,0,원피스,원피스,generated,,qwen_image_21,,,f3b4v3,train
gen_000638,images/generated/qwen_image_21/gen_000638.png,0,원피스,원피스,generated,,qwen_image_21,,,f6b4v1,train
gen_000639,images/generated/qwen_image_21/gen_000639.png,0,원피스,원피스,generated,,qwen_image_21,,,f3b2v2,train
gen_000640,images/generated/qwen_image_21/gen_000640.png,0,원피스,원피스,generated,,qwen_image_21,,,f5b7v1,train
gen_000641,images/generated/qwen_image_21/gen_000641.png,0,원피스,원피스,generated,,qwen_image_21,,,f4b5v1,train
gen_000642,images/generated/qwen_image_21/gen_000642.png,0,원피스,원피스,generated,,qwen_image_21,,,f2b6v1,train
gen_000643,images/generated/qwen_image_21/gen_000643.png,0,원피스,원피스,generated,,qwen_image_21,,,f1b6v1,train
gen_000644,images/generated/qwen_image_21/gen_000644.png,0,원피스,원피스,generated,,qwen_image_21,,,f3b7v3,train
gen_000645,images/generated/qwen_image_21/gen_000645.png,0,원피스,원피스,generated,,qwen_image_21,,,f1b6v1,train
gen_000646,images/generated/qwen_image_21/gen_000646.png,0,원피스,원피스,generated,,qwen_image_21,,,f2b6v3,train
gen_000647,images/generated/qwen_image_21/gen_000647.png,0,원피스,원피스,generated,,qwen_image_21,,,f3b4v1,train
gen_000648,images/generated/qwen_image_21/gen_000648.png,0,원피스,원피스,generated,,qwen_image_21,,,f2b6v2,train
gen_000649,images/generated/qwen_image_21/gen_000649.png,0,원피스,원피스,generated,,qwen_image_21,,,f3b2v1,train
gen_000650,images/generated/qwen_image_21/gen_000650.png,0,원피스,원피스,generated,,qwen_image_21,,,f4b2v1,train
gen_000651,images/generated/qwen_image_21/gen_000651.png,0,원피스,원피스,generated,,qwen_image_21,,,f1b1v1,train
gen_000652,images/generated/qwen_image_21/gen_000652.png,0,원피스,원피스,generated,,qwen_image_21,,,f5b3v1,train
gen_000653,images/generated/qwen_image_21/gen_000653.png,0,원피스,원피스,generated,,qwen_image_21,,,f2b2v1,train
gen_000654,images/generated/qwen_image_21/gen_000654.png,0,원피스,원피스,generated,,qwen_image_21,,,f5b5v1,train
gen_000655,images/generated/qwen_image_21/gen_000655.png,0,원피스,원피스,generated,,qwen_image_21,,,f1b2v1,train
gen_000656,images/generated/qwen_image_21/gen_000656.png,0,원피스,원피스,generated,,qwen_image_21,,,f5b2v1,train
gen_000657,images/generated/qwen_image_21/gen_000657.png,0,원피스,원피스,generated,,qwen_image_21,,,f2b2v1,train
gen_000658,images/generated/qwen_image_21/gen_000658.png,0,원피스,원피스,generated,,qwen_image_21,,,f6b7v1,train
gen_000659,images/generated/qwen_image_21/gen_000659.png,0,원피스,원피스,generated,,qwen_image_21,,,f3b2v1,train
gen_000660,images/generated/qwen_image_21/gen_000660.png,0,원피스,원피스,generated,,qwen_image_21,,,f3b5v2,train
gen_000661,images/generated/qwen_image_21/gen_000661.png,0,원피스,원피스,generated,,qwen_image_21,,,f4b3v3,train
gen_000662,images/generated/qwen_image_21/gen_000662.png,0,원피스,원피스,generated,,qwen_image_21,,,f5b5v1,train
gen_000663,images/generated/qwen_image_21/gen_000663.png,0,원피스,원피스,generated,,qwen_image_21,,,f2b5v3,train
gen_000664,images/generated/qwen_image_21/gen_000664.png,0,원피스,원피스,generated,,qwen_image_21,,,f5b6v1,train
gen_000665,images/generated/qwen_image_21/gen_000665.png,0,원피스,원피스,generated,,qwen_image_21,,,f6b2v1,train
gen_000666,images/generated/qwen_image_21/gen_000666.png,0,원피스,원피스,generated,,qwen_image_21,,,f3b2v1,train
gen_000667,images/generated/qwen_image_21/gen_000667.png,0,원피스,원피스,generated,,qwen_image_21,,,f1b3v1,train
gen_000668,images/generated/qwen_image_21/gen_000668.png,0,원피스,원피스,generated,,qwen_image_21,,,f2b1v2,train
gen_000669,images/generated/qwen_image_21/gen_000669.png,0,원피스,원피스,generated,,qwen_image_21,,,f1b7v1,train
gen_000670,images/generated/qwen_image_21/gen_000670.png,0,원피스,원피스,generated,,qwen_image_21,,,f3b7v2,train
gen_000671,images/generated/qwen_image_21/gen_000671.png,0,원피스,원피스,generated,,qwen_image_21,,,f2b3v1,train
gen_000672,images/generated/qwen_image_21/gen_000672.png,0,원피스,원피스,generated,,qwen_image_21,,,f5b6v1,train
gen_000673,images/generated/qwen_image_21/gen_000673.png,0,원피스,원피스,generated,,qwen_image_21,,,f2b2v1,train
gen_000674,images/generated/qwen_image_21/gen_000674.png,0,원피스,원피스,generated,,qwen_image_21,,,f3b4v1,train
gen_000675,images/generated/qwen_image_21/gen_000675.png,0,원피스,원피스,generated,,qwen_image_21,,,f1b7v2,train
gen_000676,images/generated/qwen_image_21/gen_000676.png,0,원피스,원피스,generated,,qwen_image_21,,,f4b3v1,train
gen_000677,images/generated/qwen_image_21/gen_000677.png,0,원피스,원피스,generated,,qwen_image_21,,,f2b5v2,train
gen_000678,images/generated/qwen_image_21/gen_000678.png,0,원피스,원피스,generated,,qwen_image_21,,,f5b4v2,train
gen_000679,images/generated/qwen_image_21/gen_000679.png,0,원피스,원피스,generated,,qwen_image_21,,,f1b6v2,train
gen_000680,images/generated/qwen_image_21/gen_000680.png,0,원피스,원피스,generated,,qwen_image_21,,,f3b1v2,train
gen_000681,images/generated/qwen_image_21/gen_000681.png,0,원피스,원피스,generated,,qwen_image_21,,,f6b6v1,train
gen_000682,images/generated/qwen_image_21/gen_000682.png,0,원피스,원피스,generated,,qwen_image_21,,,f3b1v1,train
gen_000683,images/generated/qwen_image_21/gen_000683.png,0,원피스,원피스,generated,,qwen_image_21,,,f1b5v2,train
gen_000684,images/generated/qwen_image_21/gen_000684.png,0,원피스,원피스,generated,,qwen_image_21,,,f2b3v3,train
gen_000685,images/generated/qwen_image_21/gen_000685.png,0,원피스,원피스,generated,,qwen_image_21,,,f1b6v2,train
gen_000686,images/generated/qwen_image_21/gen_000686.png,0,원피스,원피스,generated,,qwen_image_21,,,f2b5v1,train
gen_000687,images/generated/qwen_image_21/gen_000687.png,0,원피스,원피스,generated,,qwen_image_21,,,f1b1v1,train
gen_000688,images/generated/qwen_image_21/gen_000688.png,0,원피스,원피스,generated,,qwen_image_21,,,f3b3v1,train
gen_000689,images/generated/qwen_image_21/gen_000689.png,0,원피스,원피스,generated,,qwen_image_21,,,f6b6v1,train
gen_000690,images/generated/qwen_image_21/gen_000690.png,0,원피스,원피스,generated,,qwen_image_21,,,f6b6v2,train
gen_000691,images/generated/qwen_image_21/gen_000691.png,0,원피스,원피스,generated,,qwen_image_21,,,f3b5v2,train
gen_000692,images/generated/qwen_image_21/gen_000692.png,0,원피스,원피스,generated,,qwen_image_21,,,f1b5v2,train
gen_000693,images/generated/qwen_image_21/gen_000693.png,0,원피스,원피스,generated,,qwen_image_21,,,f5b2v2,train
gen_000694,images/generated/qwen_image_21/gen_000694.png,0,원피스,원피스,generated,,qwen_image_21,,,f1b4v1,train
gen_000695,images/generated/qwen_image_21/gen_000695.png,0,원피스,원피스,generated,,qwen_image_21,,,f6b6v1,train
gen_000696,images/generated/qwen_image_21/gen_000696.png,0,원피스,원피스,generated,,qwen_image_21,,,f4b7v3,train
gen_000697,images/generated/qwen_image_21/gen_000697.png,0,원피스,원피스,generated,,qwen_image_21,,,f1b4v1,train
gen_000698,images/generated/qwen_image_21/gen_000698.png,0,원피스,원피스,generated,,qwen_image_21,,,f6b1v3,train
gen_000699,images/generated/qwen_image_21/gen_000699.png,0,원피스,원피스,generated,,qwen_image_21,,,f2b6v2,train
gen_000700,images/generated/qwen_image_21/gen_000700.png,0,원피스,원피스,generated,,qwen_image_21,,,f5b1v1,train
gen_000701,images/generated/qwen_image_21/gen_000701.png,0,원피스,원피스,generated,,qwen_image_21,,,f3b3v2,train
gen_000702,images/generated/qwen_image_21/gen_000702.png,0,원피스,원피스,generated,,qwen_image_21,,,f6b6v1,train
gen_000703,images/generated/qwen_image_21/gen_000703.png,0,원피스,원피스,generated,,qwen_image_21,,,f1b4v1,train
gen_000704,images/generated/qwen_image_21/gen_000704.png,0,원피스,원피스,generated,,qwen_image_21,,,f1b3v1,train
gen_000705,images/generated/qwen_image_21/gen_000705.png,0,원피스,원피스,generated,,qwen_image_21,,,f3b7v1,train
gen_000706,images/generated/qwen_image_21/gen_000706.png,0,원피스,원피스,generated,,qwen_image_21,,,f1b7v2,train
gen_000707,images/generated/qwen_image_21/gen_000707.png,0,원피스,원피스,generated,,qwen_image_21,,,f3b3v1,train
gen_000708,images/generated/qwen_image_21/gen_000708.png,0,원피스,원피스,generated,,qwen_image_21,,,f4b3v1,train
gen_000709,images/generated/qwen_image_21/gen_000709.png,0,원피스,원피스,generated,,qwen_image_21,,,f4b4v1,train
gen_000710,images/generated/qwen_image_21/gen_000710.png,0,원피스,원피스,generated,,qwen_image_21,,,f3b4v2,train
gen_000711,images/generated/qwen_image_21/gen_000711.png,0,원피스,원피스,generated,,qwen_image_21,,,f3b3v1,train
gen_000712,images/generated/qwen_image_21/gen_000712.png,0,원피스,원피스,generated,,qwen_image_21,,,f5b4v2,train
gen_000713,images/generated/qwen_image_21/gen_000713.png,0,원피스,원피스,generated,,qwen_image_21,,,f4b7v3,train
gen_000714,images/generated/qwen_image_21/gen_000714.png,0,원피스,원피스,generated,,qwen_image_21,,,f2b3v1,train
gen_000715,images/generated/qwen_image_21/gen_000715.png,0,원피스,원피스,generated,,qwen_image_21,,,f2b5v1,train
gen_000716,images/generated/qwen_image_21/gen_000716.png,0,원피스,원피스,generated,,qwen_image_21,,,f5b1v1,train
gen_000717,images/generated/qwen_image_21/gen_000717.png,0,원피스,원피스,generated,,qwen_image_21,,,f3b5v2,train
gen_000718,images/generated/qwen_image_21/gen_000718.png,0,원피스,원피스,generated,,qwen_image_21,,,f1b3v2,train
gen_000719,images/generated/qwen_image_21/gen_000719.png,0,원피스,원피스,generated,,qwen_image_21,,,f4b6v1,train
gen_000720,images/generated/qwen_image_21/gen_000720.png,0,원피스,원피스,generated,,qwen_image_21,,,f1b6v2,train
gen_000721,images/generated/qwen_image_21/gen_000721.png,0,원피스,원피스,generated,,qwen_image_21,,,f5b4v3,train
gen_000722,images/generated/qwen_image_21/gen_000722.png,0,원피스,원피스,generated,,qwen_image_21,,,f1b4v1,train
gen_000723,images/generated/qwen_image_21/gen_000723.png,0,원피스,원피스,generated,,qwen_image_21,,,f5b7v2,train
gen_000724,images/generated/qwen_image_21/gen_000724.png,0,원피스,원피스,generated,,qwen_image_21,,,f3b5v1,train
gen_000725,images/generated/qwen_image_21/gen_000725.png,0,원피스,원피스,generated,,qwen_image_21,,,f6b4v1,train
gen_000726,images/generated/qwen_image_21/gen_000726.png,0,원피스,원피스,generated,,qwen_image_21,,,f2b4v1,train
gen_000727,images/generated/qwen_image_21/gen_000727.png,0,원피스,원피스,generated,,qwen_image_21,,,f4b2v2,train
gen_000728,images/generated/qwen_image_21/gen_000728.png,0,원피스,원피스,generated,,qwen_image_21,,,f3b7v3,train
gen_000729,images/generated/qwen_image_21/gen_000729.png,0,원피스,원피스,generated,,qwen_image_21,,,f2b2v3,train
gen_000730,images/generated/qwen_image_21/gen_000730.png,0,원피스,원피스,generated,,qwen_image_21,,,f6b6v1,train
gen_000731,images/generated/qwen_image_21/gen_000731.png,0,원피스,원피스,generated,,qwen_image_21,,,f5b2v1,train
gen_000732,images/generated/qwen_image_21/gen_000732.png,0,원피스,원피스,generated,,qwen_image_21,,,f3b2v2,train
gen_000733,images/generated/qwen_image_21/gen_000733.png,0,원피스,원피스,generated,,qwen_image_21,,,f1b3v1,train
gen_000734,images/generated/qwen_image_21/gen_000734.png,0,원피스,원피스,generated,,qwen_image_21,,,f6b3v1,train
gen_000735,images/generated/qwen_image_21/gen_000735.png,0,원피스,원피스,generated,,qwen_image_21,,,f3b2v1,train
gen_000736,images/generated/qwen_image_21/gen_000736.png,0,원피스,원피스,generated,,qwen_image_21,,,f6b5v1,train
gen_000737,images/generated/qwen_image_21/gen_000737.png,0,원피스,원피스,generated,,qwen_image_21,,,f4b4v2,train
gen_000738,images/generated/qwen_image_21/gen_000738.png,0,원피스,원피스,generated,,qwen_image_21,,,f1b6v2,train
gen_000739,images/generated/qwen_image_21/gen_000739.png,0,원피스,원피스,generated,,qwen_image_21,,,f1b5v1,train
gen_000740,images/generated/qwen_image_21/gen_000740.png,0,원피스,원피스,generated,,qwen_image_21,,,f4b1v2,train
gen_000741,images/generated/qwen_image_21/gen_000741.png,0,원피스,원피스,generated,,qwen_image_21,,,f5b4v2,train
gen_000742,images/generated/qwen_image_21/gen_000742.png,0,원피스,원피스,generated,,qwen_image_21,,,f6b3v3,train
gen_000743,images/generated/qwen_image_21/gen_000743.png,0,아우터,아우터,generated,,qwen_image_21,,,f2b7v3,train
gen_000744,images/generated/qwen_image_21/gen_000744.png,0,아우터,아우터,generated,,qwen_image_21,,,f5b1v2,train
gen_000745,images/generated/qwen_image_21/gen_000745.png,0,아우터,아우터,generated,,qwen_image_21,,,f2b1v1,train
gen_000746,images/generated/qwen_image_21/gen_000746.png,0,아우터,아우터,generated,,qwen_image_21,,,f2b6v2,train
gen_000747,images/generated/qwen_image_21/gen_000747.png,0,아우터,아우터,generated,,qwen_image_21,,,f3b6v1,train
gen_000748,images/generated/qwen_image_21/gen_000748.png,0,아우터,아우터,generated,,qwen_image_21,,,f5b3v1,train
gen_000749,images/generated/qwen_image_21/gen_000749.png,0,아우터,아우터,generated,,qwen_image_21,,,f2b4v1,train
gen_000750,images/generated/qwen_image_21/gen_000750.png,0,아우터,아우터,generated,,qwen_image_21,,,f4b1v3,train
gen_000751,images/generated/qwen_image_21/gen_000751.png,0,아우터,아우터,generated,,qwen_image_21,,,f3b2v2,train
gen_000752,images/generated/qwen_image_21/gen_000752.png,0,아우터,아우터,generated,,qwen_image_21,,,f4b6v1,train
gen_000753,images/generated/qwen_image_21/gen_000753.png,0,아우터,아우터,generated,,qwen_image_21,,,f6b5v2,train
gen_000754,images/generated/qwen_image_21/gen_000754.png,0,아우터,아우터,generated,,qwen_image_21,,,f3b3v2,train
gen_000755,images/generated/qwen_image_21/gen_000755.png,0,아우터,아우터,generated,,qwen_image_21,,,f4b5v2,train
gen_000756,images/generated/qwen_image_21/gen_000756.png,0,아우터,아우터,generated,,qwen_image_21,,,f6b1v1,train
gen_000757,images/generated/qwen_image_21/gen_000757.png,0,아우터,아우터,generated,,qwen_image_21,,,f1b6v1,train
gen_000758,images/generated/qwen_image_21/gen_000758.png,0,아우터,아우터,generated,,qwen_image_21,,,f4b4v1,train
gen_000759,images/generated/qwen_image_21/gen_000759.png,0,아우터,아우터,generated,,qwen_image_21,,,f5b2v1,train
gen_000760,images/generated/qwen_image_21/gen_000760.png,0,아우터,아우터,generated,,qwen_image_21,,,f1b1v1,train
gen_000761,images/generated/qwen_image_21/gen_000761.png,0,아우터,아우터,generated,,qwen_image_21,,,f6b4v1,train
gen_000762,images/generated/qwen_image_21/gen_000762.png,0,아우터,아우터,generated,,qwen_image_21,,,f1b3v1,train
gen_000763,images/generated/qwen_image_21/gen_000763.png,0,아우터,아우터,generated,,qwen_image_21,,,f6b1v3,train
gen_000764,images/generated/qwen_image_21/gen_000764.png,0,아우터,아우터,generated,,qwen_image_21,,,f3b5v1,train
gen_000765,images/generated/qwen_image_21/gen_000765.png,0,아우터,아우터,generated,,qwen_image_21,,,f2b1v1,train
gen_000766,images/generated/qwen_image_21/gen_000766.png,0,아우터,아우터,generated,,qwen_image_21,,,f2b5v1,train
gen_000767,images/generated/qwen_image_21/gen_000767.png,0,아우터,아우터,generated,,qwen_image_21,,,f1b4v2,train
gen_000768,images/generated/qwen_image_21/gen_000768.png,0,아우터,아우터,generated,,qwen_image_21,,,f5b2v1,train
gen_000769,images/generated/qwen_image_21/gen_000769.png,0,아우터,아우터,generated,,qwen_image_21,,,f1b7v1,train
gen_000770,images/generated/qwen_image_21/gen_000770.png,0,아우터,아우터,generated,,qwen_image_21,,,f1b6v2,train
gen_000771,images/generated/qwen_image_21/gen_000771.png,0,아우터,아우터,generated,,qwen_image_21,,,f3b2v3,train
gen_000772,images/generated/qwen_image_21/gen_000772.png,0,아우터,아우터,generated,,qwen_image_21,,,f1b5v1,train
gen_000773,images/generated/qwen_image_21/gen_000773.png,0,아우터,아우터,generated,,qwen_image_21,,,f4b2v1,train
gen_000774,images/generated/qwen_image_21/gen_000774.png,0,아우터,아우터,generated,,qwen_image_21,,,f4b7v2,train
gen_000775,images/generated/qwen_image_21/gen_000775.png,0,아우터,아우터,generated,,qwen_image_21,,,f6b7v2,train
gen_000776,images/generated/qwen_image_21/gen_000776.png,0,아우터,아우터,generated,,qwen_image_21,,,f6b2v2,train
gen_000777,images/generated/qwen_image_21/gen_000777.png,0,아우터,아우터,generated,,qwen_image_21,,,f4b1v1,train
gen_000778,images/generated/qwen_image_21/gen_000778.png,0,아우터,아우터,generated,,qwen_image_21,,,f2b6v2,train
gen_000779,images/generated/qwen_image_21/gen_000779.png,0,아우터,아우터,generated,,qwen_image_21,,,f6b2v2,train
gen_000780,images/generated/qwen_image_21/gen_000780.png,0,아우터,아우터,generated,,qwen_image_21,,,f4b1v1,train
gen_000781,images/generated/qwen_image_21/gen_000781.png,0,아우터,아우터,generated,,qwen_image_21,,,f4b3v1,train
gen_000782,images/generated/qwen_image_21/gen_000782.png,0,아우터,아우터,generated,,qwen_image_21,,,f5b3v2,train
gen_000783,images/generated/qwen_image_21/gen_000783.png,0,아우터,아우터,generated,,qwen_image_21,,,f6b4v1,train
gen_000784,images/generated/qwen_image_21/gen_000784.png,0,아우터,아우터,generated,,qwen_image_21,,,f2b2v3,train
gen_000785,images/generated/qwen_image_21/gen_000785.png,0,아우터,아우터,generated,,qwen_image_21,,,f1b5v1,train
gen_000786,images/generated/qwen_image_21/gen_000786.png,0,아우터,아우터,generated,,qwen_image_21,,,f4b4v1,train
gen_000787,images/generated/qwen_image_21/gen_000787.png,0,아우터,아우터,generated,,qwen_image_21,,,f4b4v2,train
gen_000788,images/generated/qwen_image_21/gen_000788.png,0,아우터,아우터,generated,,qwen_image_21,,,f6b6v2,train
gen_000789,images/generated/qwen_image_21/gen_000789.png,0,아우터,아우터,generated,,qwen_image_21,,,f5b7v3,train
gen_000790,images/generated/qwen_image_21/gen_000790.png,0,아우터,아우터,generated,,qwen_image_21,,,f2b3v1,train
gen_000791,images/generated/qwen_image_21/gen_000791.png,0,아우터,아우터,generated,,qwen_image_21,,,f2b1v1,train
gen_000792,images/generated/qwen_image_21/gen_000792.png,0,아우터,아우터,generated,,qwen_image_21,,,f1b6v1,train
gen_000793,images/generated/qwen_image_21/gen_000793.png,0,아우터,아우터,generated,,qwen_image_21,,,f2b4v1,train
gen_000794,images/generated/qwen_image_21/gen_000794.png,0,아우터,아우터,generated,,qwen_image_21,,,f6b6v2,train
gen_000795,images/generated/qwen_image_21/gen_000795.png,0,아우터,아우터,generated,,qwen_image_21,,,f1b1v1,train
gen_000796,images/generated/qwen_image_21/gen_000796.png,0,아우터,아우터,generated,,qwen_image_21,,,f1b7v1,train
gen_000797,images/generated/qwen_image_21/gen_000797.png,0,아우터,아우터,generated,,qwen_image_21,,,f6b7v2,train
gen_000798,images/generated/qwen_image_21/gen_000798.png,0,아우터,아우터,generated,,qwen_image_21,,,f5b2v3,train
gen_000799,images/generated/qwen_image_21/gen_000799.png,0,아우터,아우터,generated,,qwen_image_21,,,f6b3v1,train
gen_000800,images/generated/qwen_image_21/gen_000800.png,0,아우터,아우터,generated,,qwen_image_21,,,f2b1v1,train
gen_000801,images/generated/qwen_image_21/gen_000801.png,0,아우터,아우터,generated,,qwen_image_21,,,f4b2v1,train
gen_000802,images/generated/qwen_image_21/gen_000802.png,0,아우터,아우터,generated,,qwen_image_21,,,f4b7v1,train
gen_000803,images/generated/qwen_image_21/gen_000803.png,0,아우터,아우터,generated,,qwen_image_21,,,f1b1v1,train
gen_000804,images/generated/qwen_image_21/gen_000804.png,0,아우터,아우터,generated,,qwen_image_21,,,f6b2v1,train
gen_000805,images/generated/qwen_image_21/gen_000805.png,0,아우터,아우터,generated,,qwen_image_21,,,f1b4v2,train
gen_000806,images/generated/qwen_image_21/gen_000806.png,0,아우터,아우터,generated,,qwen_image_21,,,f5b6v1,train
gen_000807,images/generated/qwen_image_21/gen_000807.png,0,아우터,아우터,generated,,qwen_image_21,,,f4b4v1,train
gen_000808,images/generated/qwen_image_21/gen_000808.png,0,아우터,아우터,generated,,qwen_image_21,,,f4b5v1,train
gen_000809,images/generated/qwen_image_21/gen_000809.png,0,아우터,아우터,generated,,qwen_image_21,,,f6b4v3,train
gen_000810,images/generated/qwen_image_21/gen_000810.png,0,아우터,아우터,generated,,qwen_image_21,,,f2b7v1,train
gen_000811,images/generated/qwen_image_21/gen_000811.png,0,아우터,아우터,generated,,qwen_image_21,,,f3b3v3,train
gen_000812,images/generated/qwen_image_21/gen_000812.png,0,아우터,아우터,generated,,qwen_image_21,,,f5b5v1,train
gen_000813,images/generated/qwen_image_21/gen_000813.png,0,아우터,아우터,generated,,qwen_image_21,,,f2b7v1,train
gen_000814,images/generated/qwen_image_21/gen_000814.png,0,아우터,아우터,generated,,qwen_image_21,,,f3b3v2,train
gen_000815,images/generated/qwen_image_21/gen_000815.png,0,아우터,아우터,generated,,qwen_image_21,,,f2b5v1,train
gen_000816,images/generated/qwen_image_21/gen_000816.png,0,아우터,아우터,generated,,qwen_image_21,,,f3b4v2,train
gen_000817,images/generated/qwen_image_21/gen_000817.png,0,아우터,아우터,generated,,qwen_image_21,,,f2b1v2,train
gen_000818,images/generated/qwen_image_21/gen_000818.png,0,아우터,아우터,generated,,qwen_image_21,,,f6b5v3,train
gen_000819,images/generated/qwen_image_21/gen_000819.png,0,아우터,아우터,generated,,qwen_image_21,,,f4b2v1,train
gen_000820,images/generated/qwen_image_21/gen_000820.png,0,아우터,아우터,generated,,qwen_image_21,,,f3b3v2,train
gen_000821,images/generated/qwen_image_21/gen_000821.png,0,아우터,아우터,generated,,qwen_image_21,,,f1b4v1,train
gen_000822,images/generated/qwen_image_21/gen_000822.png,0,아우터,아우터,generated,,qwen_image_21,,,f3b1v1,train
gen_000823,images/generated/qwen_image_21/gen_000823.png,0,아우터,아우터,generated,,qwen_image_21,,,f3b4v2,train
gen_000824,images/generated/qwen_image_21/gen_000824.png,0,아우터,아우터,generated,,qwen_image_21,,,f5b3v1,train
gen_000825,images/generated/qwen_image_21/gen_000825.png,0,아우터,아우터,generated,,qwen_image_21,,,f2b3v2,train
gen_000826,images/generated/qwen_image_21/gen_000826.png,0,아우터,아우터,generated,,qwen_image_21,,,f1b4v1,train
gen_000827,images/generated/qwen_image_21/gen_000827.png,0,아우터,아우터,generated,,qwen_image_21,,,f2b4v2,train
gen_000828,images/generated/qwen_image_21/gen_000828.png,0,아우터,아우터,generated,,qwen_image_21,,,f1b7v1,train
gen_000829,images/generated/qwen_image_21/gen_000829.png,0,아우터,아우터,generated,,qwen_image_21,,,f6b6v1,train
gen_000830,images/generated/qwen_image_21/gen_000830.png,0,아우터,아우터,generated,,qwen_image_21,,,f6b6v1,train
gen_000831,images/generated/qwen_image_21/gen_000831.png,0,아우터,아우터,generated,,qwen_image_21,,,f6b1v1,train
gen_000832,images/generated/qwen_image_21/gen_000832.png,0,아우터,아우터,generated,,qwen_image_21,,,f3b7v3,train
gen_000833,images/generated/qwen_image_21/gen_000833.png,0,아우터,아우터,generated,,qwen_image_21,,,f5b4v1,train
gen_000834,images/generated/qwen_image_21/gen_000834.png,0,아우터,아우터,generated,,qwen_image_21,,,f4b5v1,train
gen_000835,images/generated/qwen_image_21/gen_000835.png,0,아우터,아우터,generated,,qwen_image_21,,,f5b6v1,train
gen_000836,images/generated/qwen_image_21/gen_000836.png,0,아우터,아우터,generated,,qwen_image_21,,,f1b3v1,train
gen_000837,images/generated/qwen_image_21/gen_000837.png,0,아우터,아우터,generated,,qwen_image_21,,,f5b4v1,train
gen_000838,images/generated/qwen_image_21/gen_000838.png,0,아우터,아우터,generated,,qwen_image_21,,,f3b6v1,train
gen_000839,images/generated/qwen_image_21/gen_000839.png,0,아우터,아우터,generated,,qwen_image_21,,,f4b3v3,train
gen_000840,images/generated/qwen_image_21/gen_000840.png,0,아우터,아우터,generated,,qwen_image_21,,,f6b4v2,train
gen_000841,images/generated/qwen_image_21/gen_000841.png,0,아우터,아우터,generated,,qwen_image_21,,,f3b3v3,train
gen_000842,images/generated/qwen_image_21/gen_000842.png,0,아우터,아우터,generated,,qwen_image_21,,,f1b1v3,train
gen_000843,images/generated/qwen_image_21/gen_000843.png,0,아우터,아우터,generated,,qwen_image_21,,,f6b6v1,train
gen_000844,images/generated/qwen_image_21/gen_000844.png,0,아우터,아우터,generated,,qwen_image_21,,,f4b1v2,train
gen_000845,images/generated/qwen_image_21/gen_000845.png,0,아우터,아우터,generated,,qwen_image_21,,,f3b2v1,train
gen_000846,images/generated/qwen_image_21/gen_000846.png,0,아우터,아우터,generated,,qwen_image_21,,,f3b3v2,train
gen_000847,images/generated/qwen_image_21/gen_000847.png,0,아우터,아우터,generated,,qwen_image_21,,,f2b6v1,train
gen_000848,images/generated/qwen_image_21/gen_000848.png,0,아우터,아우터,generated,,qwen_image_21,,,f6b3v2,train
gen_000849,images/generated/qwen_image_21/gen_000849.png,0,아우터,아우터,generated,,qwen_image_21,,,f1b6v3,train
gen_000850,images/generated/qwen_image_21/gen_000850.png,0,아우터,아우터,generated,,qwen_image_21,,,f3b7v3,train
gen_000851,images/generated/qwen_image_21/gen_000851.png,0,아우터,아우터,generated,,qwen_image_21,,,f6b2v3,train
gen_000852,images/generated/qwen_image_21/gen_000852.png,0,아우터,아우터,generated,,qwen_image_21,,,f5b3v3,train
gen_000853,images/generated/qwen_image_21/gen_000853.png,0,아우터,아우터,generated,,qwen_image_21,,,f4b5v1,train
gen_000854,images/generated/qwen_image_21/gen_000854.png,0,아우터,아우터,generated,,qwen_image_21,,,f3b3v1,train
gen_000855,images/generated/qwen_image_21/gen_000855.png,0,아우터,아우터,generated,,qwen_image_21,,,f1b7v1,train
gen_000856,images/generated/qwen_image_21/gen_000856.png,0,아우터,아우터,generated,,qwen_image_21,,,f4b4v1,train
gen_000857,images/generated/qwen_image_21/gen_000857.png,0,아우터,아우터,generated,,qwen_image_21,,,f3b4v3,train
gen_000858,images/generated/qwen_image_21/gen_000858.png,0,아우터,아우터,generated,,qwen_image_21,,,f4b7v2,train
gen_000859,images/generated/qwen_image_21/gen_000859.png,0,아우터,아우터,generated,,qwen_image_21,,,f1b3v1,train
gen_000860,images/generated/qwen_image_21/gen_000860.png,0,아우터,아우터,generated,,qwen_image_21,,,f6b3v2,train
gen_000861,images/generated/qwen_image_21/gen_000861.png,0,아우터,아우터,generated,,qwen_image_21,,,f2b3v2,train
gen_000862,images/generated/qwen_image_21/gen_000862.png,0,상의,상의|하의,generated,,qwen_image_21,,,f4b6v2,train
gen_000863,images/generated/qwen_image_21/gen_000863.png,0,상의,상의|하의,generated,,qwen_image_21,,,f4b5v1,train
gen_000864,images/generated/qwen_image_21/gen_000864.png,0,상의,상의|하의,generated,,qwen_image_21,,,f1b2v2,train
gen_000865,images/generated/qwen_image_21/gen_000865.png,0,상의,상의|하의,generated,,qwen_image_21,,,f2b7v1,train
gen_000866,images/generated/qwen_image_21/gen_000866.png,0,상의,상의|하의,generated,,qwen_image_21,,,f3b5v1,train
gen_000867,images/generated/qwen_image_21/gen_000867.png,0,상의,상의|하의,generated,,qwen_image_21,,,f4b5v1,train
gen_000868,images/generated/qwen_image_21/gen_000868.png,0,상의,상의|하의,generated,,qwen_image_21,,,f6b1v2,train
gen_000869,images/generated/qwen_image_21/gen_000869.png,0,상의,상의|하의,generated,,qwen_image_21,,,f6b6v1,train
gen_000870,images/generated/qwen_image_21/gen_000870.png,0,상의,상의|하의,generated,,qwen_image_21,,,f3b1v1,train
gen_000871,images/generated/qwen_image_21/gen_000871.png,0,상의,상의|하의,generated,,qwen_image_21,,,f5b3v1,train
gen_000872,images/generated/qwen_image_21/gen_000872.png,0,상의,상의|하의,generated,,qwen_image_21,,,f5b2v2,train
gen_000873,images/generated/qwen_image_21/gen_000873.png,0,상의,상의|하의,generated,,qwen_image_21,,,f6b3v1,train
gen_000874,images/generated/qwen_image_21/gen_000874.png,0,상의,상의|하의,generated,,qwen_image_21,,,f6b2v1,train
gen_000875,images/generated/qwen_image_21/gen_000875.png,0,상의,상의|하의,generated,,qwen_image_21,,,f1b2v1,train
gen_000876,images/generated/qwen_image_21/gen_000876.png,0,상의,상의|하의,generated,,qwen_image_21,,,f6b4v2,train
gen_000877,images/generated/qwen_image_21/gen_000877.png,0,상의,상의|하의,generated,,qwen_image_21,,,f5b6v1,train
gen_000878,images/generated/qwen_image_21/gen_000878.png,0,상의,상의|하의,generated,,qwen_image_21,,,f2b7v2,train
gen_000879,images/generated/qwen_image_21/gen_000879.png,0,상의,상의|하의,generated,,qwen_image_21,,,f1b4v1,train
gen_000880,images/generated/qwen_image_21/gen_000880.png,0,상의,상의|하의,generated,,qwen_image_21,,,f6b1v1,train
gen_000881,images/generated/qwen_image_21/gen_000881.png,0,상의,상의|하의,generated,,qwen_image_21,,,f5b4v1,train
gen_000882,images/generated/qwen_image_21/gen_000882.png,0,상의,상의|하의,generated,,qwen_image_21,,,f2b1v2,train
gen_000883,images/generated/qwen_image_21/gen_000883.png,0,상의,상의|하의,generated,,qwen_image_21,,,f5b1v1,train
gen_000884,images/generated/qwen_image_21/gen_000884.png,0,상의,상의|하의,generated,,qwen_image_21,,,f6b1v3,train
gen_000885,images/generated/qwen_image_21/gen_000885.png,0,상의,상의|하의,generated,,qwen_image_21,,,f1b1v2,train
gen_000886,images/generated/qwen_image_21/gen_000886.png,0,상의,상의|하의,generated,,qwen_image_21,,,f2b2v3,train
gen_000887,images/generated/qwen_image_21/gen_000887.png,0,상의,상의|하의,generated,,qwen_image_21,,,f2b5v1,train
gen_000888,images/generated/qwen_image_21/gen_000888.png,0,상의,상의|하의,generated,,qwen_image_21,,,f2b1v1,train
gen_000889,images/generated/qwen_image_21/gen_000889.png,0,상의,상의|하의,generated,,qwen_image_21,,,f4b3v1,train
gen_000890,images/generated/qwen_image_21/gen_000890.png,0,상의,상의|하의,generated,,qwen_image_21,,,f5b5v1,train
gen_000891,images/generated/qwen_image_21/gen_000891.png,0,상의,상의|하의,generated,,qwen_image_21,,,f1b5v1,train
gen_000892,images/generated/qwen_image_21/gen_000892.png,0,상의,상의|하의,generated,,qwen_image_21,,,f6b4v1,train
gen_000893,images/generated/qwen_image_21/gen_000893.png,0,상의,상의|하의,generated,,qwen_image_21,,,f4b7v1,train
gen_000894,images/generated/qwen_image_21/gen_000894.png,0,상의,상의|하의,generated,,qwen_image_21,,,f6b5v1,train
gen_000895,images/generated/qwen_image_21/gen_000895.png,0,상의,상의|하의,generated,,qwen_image_21,,,f6b2v2,train
gen_000896,images/generated/qwen_image_21/gen_000896.png,0,상의,상의|하의,generated,,qwen_image_21,,,f4b6v1,train
gen_000897,images/generated/qwen_image_21/gen_000897.png,0,상의,상의|하의,generated,,qwen_image_21,,,f2b6v2,train
gen_000898,images/generated/qwen_image_21/gen_000898.png,0,상의,상의|하의,generated,,qwen_image_21,,,f3b1v3,train
gen_000899,images/generated/qwen_image_21/gen_000899.png,0,상의,상의|하의,generated,,qwen_image_21,,,f3b7v1,train
gen_000900,images/generated/qwen_image_21/gen_000900.png,0,상의,상의|하의,generated,,qwen_image_21,,,f3b7v2,train
gen_000901,images/generated/qwen_image_21/gen_000901.png,0,상의,상의|하의,generated,,qwen_image_21,,,f1b3v1,train
gen_000902,images/generated/qwen_image_21/gen_000902.png,0,상의,상의|하의,generated,,qwen_image_21,,,f3b3v1,train
gen_000903,images/generated/qwen_image_21/gen_000903.png,0,상의,상의|하의,generated,,qwen_image_21,,,f2b6v2,train
gen_000904,images/generated/qwen_image_21/gen_000904.png,0,상의,상의|하의,generated,,qwen_image_21,,,f4b5v1,train
gen_000905,images/generated/qwen_image_21/gen_000905.png,0,상의,상의|하의,generated,,qwen_image_21,,,f2b7v1,train
gen_000906,images/generated/qwen_image_21/gen_000906.png,0,상의,상의|하의,generated,,qwen_image_21,,,f3b1v2,train
gen_000907,images/generated/qwen_image_21/gen_000907.png,0,상의,상의|하의,generated,,qwen_image_21,,,f3b5v1,train
gen_000908,images/generated/qwen_image_21/gen_000908.png,0,상의,상의|하의,generated,,qwen_image_21,,,f4b4v1,train
gen_000909,images/generated/qwen_image_21/gen_000909.png,0,상의,상의|하의,generated,,qwen_image_21,,,f3b4v2,train
gen_000910,images/generated/qwen_image_21/gen_000910.png,0,상의,상의|하의,generated,,qwen_image_21,,,f5b6v2,train
gen_000911,images/generated/qwen_image_21/gen_000911.png,0,상의,상의|하의,generated,,qwen_image_21,,,f5b4v2,train
gen_000912,images/generated/qwen_image_21/gen_000912.png,0,상의,상의|하의,generated,,qwen_image_21,,,f5b4v2,train
gen_000913,images/generated/qwen_image_21/gen_000913.png,0,상의,상의|하의,generated,,qwen_image_21,,,f3b4v2,train
gen_000914,images/generated/qwen_image_21/gen_000914.png,0,상의,상의|하의,generated,,qwen_image_21,,,f4b2v2,train
gen_000915,images/generated/qwen_image_21/gen_000915.png,0,상의,상의|하의,generated,,qwen_image_21,,,f1b3v2,train
gen_000916,images/generated/qwen_image_21/gen_000916.png,0,상의,상의|하의,generated,,qwen_image_21,,,f2b5v1,train
gen_000917,images/generated/qwen_image_21/gen_000917.png,0,상의,상의|하의,generated,,qwen_image_21,,,f4b6v2,train
gen_000918,images/generated/qwen_image_21/gen_000918.png,0,상의,상의|하의,generated,,qwen_image_21,,,f3b3v1,train
gen_000919,images/generated/qwen_image_21/gen_000919.png,0,상의,상의|하의,generated,,qwen_image_21,,,f5b4v1,train
gen_000920,images/generated/qwen_image_21/gen_000920.png,0,상의,상의|하의,generated,,qwen_image_21,,,f3b7v1,train
gen_000921,images/generated/qwen_image_21/gen_000921.png,0,상의,상의|하의,generated,,qwen_image_21,,,f4b2v1,train
gen_000922,images/generated/qwen_image_21/gen_000922.png,0,상의,상의|하의,generated,,qwen_image_21,,,f4b4v1,train
gen_000923,images/generated/qwen_image_21/gen_000923.png,0,상의,상의|하의,generated,,qwen_image_21,,,f1b7v2,train
gen_000924,images/generated/qwen_image_21/gen_000924.png,0,상의,상의|하의,generated,,qwen_image_21,,,f3b1v1,train
gen_000925,images/generated/qwen_image_21/gen_000925.png,0,상의,상의|하의,generated,,qwen_image_21,,,f1b3v1,train
gen_000926,images/generated/qwen_image_21/gen_000926.png,0,상의,상의|하의,generated,,qwen_image_21,,,f3b3v3,train
gen_000927,images/generated/qwen_image_21/gen_000927.png,0,상의,상의|하의,generated,,qwen_image_21,,,f5b6v2,train
gen_000928,images/generated/qwen_image_21/gen_000928.png,0,상의,상의|하의,generated,,qwen_image_21,,,f3b5v3,train
gen_000929,images/generated/qwen_image_21/gen_000929.png,0,상의,상의|하의,generated,,qwen_image_21,,,f4b7v1,train
gen_000930,images/generated/qwen_image_21/gen_000930.png,0,상의,상의|하의,generated,,qwen_image_21,,,f3b5v3,train
gen_000931,images/generated/qwen_image_21/gen_000931.png,0,상의,상의|하의,generated,,qwen_image_21,,,f4b5v2,train
gen_000932,images/generated/qwen_image_21/gen_000932.png,0,상의,상의|하의,generated,,qwen_image_21,,,f6b3v2,train
gen_000933,images/generated/qwen_image_21/gen_000933.png,0,상의,상의|하의,generated,,qwen_image_21,,,f4b5v1,train
gen_000934,images/generated/qwen_image_21/gen_000934.png,0,상의,상의|하의,generated,,qwen_image_21,,,f5b3v2,train
gen_000935,images/generated/qwen_image_21/gen_000935.png,0,상의,상의|하의,generated,,qwen_image_21,,,f2b7v2,train
gen_000936,images/generated/qwen_image_21/gen_000936.png,0,상의,상의|하의,generated,,qwen_image_21,,,f3b6v3,train
gen_000937,images/generated/qwen_image_21/gen_000937.png,0,상의,상의|하의,generated,,qwen_image_21,,,f3b2v2,train
gen_000938,images/generated/qwen_image_21/gen_000938.png,0,상의,상의|하의,generated,,qwen_image_21,,,f4b4v3,train
gen_000939,images/generated/qwen_image_21/gen_000939.png,0,상의,상의|하의,generated,,qwen_image_21,,,f1b1v2,train
gen_000940,images/generated/qwen_image_21/gen_000940.png,0,상의,상의|하의,generated,,qwen_image_21,,,f3b5v3,train
gen_000941,images/generated/qwen_image_21/gen_000941.png,0,상의,상의|하의,generated,,qwen_image_21,,,f2b4v1,train
gen_000942,images/generated/qwen_image_21/gen_000942.png,0,상의,상의|하의,generated,,qwen_image_21,,,f1b6v2,train
gen_000943,images/generated/qwen_image_21/gen_000943.png,0,상의,상의|하의,generated,,qwen_image_21,,,f6b3v3,train
gen_000944,images/generated/qwen_image_21/gen_000944.png,0,상의,상의|하의,generated,,qwen_image_21,,,f3b7v2,train
gen_000945,images/generated/qwen_image_21/gen_000945.png,0,상의,상의|하의,generated,,qwen_image_21,,,f3b7v1,train
gen_000946,images/generated/qwen_image_21/gen_000946.png,0,상의,상의|하의,generated,,qwen_image_21,,,f2b3v1,train
gen_000947,images/generated/qwen_image_21/gen_000947.png,0,상의,상의|하의,generated,,qwen_image_21,,,f6b1v2,train
gen_000948,images/generated/qwen_image_21/gen_000948.png,0,상의,상의|하의,generated,,qwen_image_21,,,f2b4v2,train
gen_000949,images/generated/qwen_image_21/gen_000949.png,0,상의,상의|하의,generated,,qwen_image_21,,,f6b2v1,train
gen_000950,images/generated/qwen_image_21/gen_000950.png,0,상의,상의|하의,generated,,qwen_image_21,,,f3b4v2,train
gen_000951,images/generated/qwen_image_21/gen_000951.png,0,상의,상의|하의,generated,,qwen_image_21,,,f6b5v3,train
gen_000952,images/generated/qwen_image_21/gen_000952.png,0,상의,상의|하의,generated,,qwen_image_21,,,f5b1v3,train
gen_000953,images/generated/qwen_image_21/gen_000953.png,0,상의,상의|하의,generated,,qwen_image_21,,,f4b5v1,train
gen_000954,images/generated/qwen_image_21/gen_000954.png,0,상의,상의|하의,generated,,qwen_image_21,,,f4b7v1,train
gen_000955,images/generated/qwen_image_21/gen_000955.png,0,상의,상의|하의,generated,,qwen_image_21,,,f4b4v3,train
gen_000956,images/generated/qwen_image_21/gen_000956.png,0,상의,상의|하의,generated,,qwen_image_21,,,f4b5v3,train
gen_000957,images/generated/qwen_image_21/gen_000957.png,0,상의,상의|하의,generated,,qwen_image_21,,,f6b3v1,train
gen_000958,images/generated/qwen_image_21/gen_000958.png,0,상의,상의|하의,generated,,qwen_image_21,,,f2b4v1,train
gen_000959,images/generated/qwen_image_21/gen_000959.png,0,상의,상의|하의,generated,,qwen_image_21,,,f2b2v1,train
gen_000960,images/generated/qwen_image_21/gen_000960.png,0,상의,상의|하의,generated,,qwen_image_21,,,f2b4v1,train
gen_000961,images/generated/qwen_image_21/gen_000961.png,0,상의,상의|하의,generated,,qwen_image_21,,,f6b4v1,train
gen_000962,images/generated/qwen_image_21/gen_000962.png,0,상의,상의|하의,generated,,qwen_image_21,,,f3b5v2,train
gen_000963,images/generated/qwen_image_21/gen_000963.png,0,상의,상의|하의,generated,,qwen_image_21,,,f1b5v1,train
gen_000964,images/generated/qwen_image_21/gen_000964.png,0,상의,상의|하의,generated,,qwen_image_21,,,f2b3v1,train
gen_000965,images/generated/qwen_image_21/gen_000965.png,0,상의,상의|하의,generated,,qwen_image_21,,,f6b7v1,train
gen_000966,images/generated/qwen_image_21/gen_000966.png,0,상의,상의|하의,generated,,qwen_image_21,,,f2b3v3,train
gen_000967,images/generated/qwen_image_21/gen_000967.png,0,상의,상의|하의,generated,,qwen_image_21,,,f1b1v2,train
gen_000968,images/generated/qwen_image_21/gen_000968.png,0,상의,상의|하의,generated,,qwen_image_21,,,f1b5v1,train
gen_000969,images/generated/qwen_image_21/gen_000969.png,0,상의,상의|하의,generated,,qwen_image_21,,,f5b2v2,train
gen_000970,images/generated/qwen_image_21/gen_000970.png,0,상의,상의|하의,generated,,qwen_image_21,,,f6b1v3,train
gen_000971,images/generated/qwen_image_21/gen_000971.png,0,상의,상의|하의,generated,,qwen_image_21,,,f5b2v1,train
gen_000972,images/generated/qwen_image_21/gen_000972.png,0,상의,상의|하의,generated,,qwen_image_21,,,f2b5v3,train
gen_000973,images/generated/qwen_image_21/gen_000973.png,0,상의,상의|하의,generated,,qwen_image_21,,,f5b2v1,train
gen_000974,images/generated/qwen_image_21/gen_000974.png,0,상의,상의|하의,generated,,qwen_image_21,,,f3b7v3,train
gen_000975,images/generated/qwen_image_21/gen_000975.png,0,상의,상의|하의,generated,,qwen_image_21,,,f1b4v2,train
gen_000976,images/generated/qwen_image_21/gen_000976.png,0,상의,상의|하의,generated,,qwen_image_21,,,f3b6v2,train
gen_000977,images/generated/qwen_image_21/gen_000977.png,0,상의,상의|하의,generated,,qwen_image_21,,,f5b1v2,train
gen_000978,images/generated/qwen_image_21/gen_000978.png,0,상의,상의|하의,generated,,qwen_image_21,,,f6b1v2,train
gen_000979,images/generated/qwen_image_21/gen_000979.png,0,상의,상의|하의,generated,,qwen_image_21,,,f3b1v2,train
gen_000980,images/generated/qwen_image_21/gen_000980.png,0,상의,상의|하의,generated,,qwen_image_21,,,f4b3v1,train
gen_000981,images/generated/qwen_image_21/gen_000981.png,0,하의,상의|하의,generated,,qwen_image_21,,,f5b7v1,train
gen_000982,images/generated/qwen_image_21/gen_000982.png,0,하의,상의|하의,generated,,qwen_image_21,,,f1b2v2,train
gen_000983,images/generated/qwen_image_21/gen_000983.png,0,하의,상의|하의,generated,,qwen_image_21,,,f5b1v3,train
gen_000984,images/generated/qwen_image_21/gen_000984.png,0,하의,상의|하의,generated,,qwen_image_21,,,f1b6v1,train
gen_000985,images/generated/qwen_image_21/gen_000985.png,0,하의,상의|하의,generated,,qwen_image_21,,,f5b4v1,train
gen_000986,images/generated/qwen_image_21/gen_000986.png,0,하의,상의|하의,generated,,qwen_image_21,,,f5b2v1,train
gen_000987,images/generated/qwen_image_21/gen_000987.png,0,하의,상의|하의,generated,,qwen_image_21,,,f6b3v1,train
gen_000988,images/generated/qwen_image_21/gen_000988.png,0,하의,상의|하의,generated,,qwen_image_21,,,f5b4v1,train
gen_000989,images/generated/qwen_image_21/gen_000989.png,0,하의,상의|하의,generated,,qwen_image_21,,,f1b6v3,train
gen_000990,images/generated/qwen_image_21/gen_000990.png,0,하의,상의|하의,generated,,qwen_image_21,,,f1b2v3,train
gen_000991,images/generated/qwen_image_21/gen_000991.png,0,하의,상의|하의,generated,,qwen_image_21,,,f1b5v1,train
gen_000992,images/generated/qwen_image_21/gen_000992.png,0,하의,상의|하의,generated,,qwen_image_21,,,f2b3v3,train
gen_000993,images/generated/qwen_image_21/gen_000993.png,0,하의,상의|하의,generated,,qwen_image_21,,,f3b3v2,train
gen_000994,images/generated/qwen_image_21/gen_000994.png,0,하의,상의|하의,generated,,qwen_image_21,,,f2b4v1,train
gen_000995,images/generated/qwen_image_21/gen_000995.png,0,하의,상의|하의,generated,,qwen_image_21,,,f4b5v1,train
gen_000996,images/generated/qwen_image_21/gen_000996.png,0,하의,상의|하의,generated,,qwen_image_21,,,f6b7v1,train
gen_000997,images/generated/qwen_image_21/gen_000997.png,0,하의,상의|하의,generated,,qwen_image_21,,,f3b2v3,train
gen_000998,images/generated/qwen_image_21/gen_000998.png,0,하의,상의|하의,generated,,qwen_image_21,,,f4b3v1,train
gen_000999,images/generated/qwen_image_21/gen_000999.png,0,하의,상의|하의,generated,,qwen_image_21,,,f3b7v2,train
gen_001000,images/generated/qwen_image_21/gen_001000.png,0,하의,상의|하의,generated,,qwen_image_21,,,f6b5v1,train
gen_001001,images/generated/qwen_image_21/gen_001001.png,0,하의,상의|하의,generated,,qwen_image_21,,,f3b7v1,train
gen_001002,images/generated/qwen_image_21/gen_001002.png,0,하의,상의|하의,generated,,qwen_image_21,,,f6b3v1,train
gen_001003,images/generated/qwen_image_21/gen_001003.png,0,하의,상의|하의,generated,,qwen_image_21,,,f5b4v1,train
gen_001004,images/generated/qwen_image_21/gen_001004.png,0,하의,상의|하의,generated,,qwen_image_21,,,f6b7v1,train
gen_001005,images/generated/qwen_image_21/gen_001005.png,0,하의,상의|하의,generated,,qwen_image_21,,,f5b6v1,train
gen_001006,images/generated/qwen_image_21/gen_001006.png,0,하의,상의|하의,generated,,qwen_image_21,,,f2b7v1,train
gen_001007,images/generated/qwen_image_21/gen_001007.png,0,하의,상의|하의,generated,,qwen_image_21,,,f1b7v1,train
gen_001008,images/generated/qwen_image_21/gen_001008.png,0,하의,상의|하의,generated,,qwen_image_21,,,f4b5v1,train
gen_001009,images/generated/qwen_image_21/gen_001009.png,0,하의,상의|하의,generated,,qwen_image_21,,,f6b5v3,train
gen_001010,images/generated/qwen_image_21/gen_001010.png,0,하의,상의|하의,generated,,qwen_image_21,,,f4b5v1,train
gen_001011,images/generated/qwen_image_21/gen_001011.png,0,하의,상의|하의,generated,,qwen_image_21,,,f2b2v1,train
gen_001012,images/generated/qwen_image_21/gen_001012.png,0,하의,상의|하의,generated,,qwen_image_21,,,f2b4v1,train
gen_001013,images/generated/qwen_image_21/gen_001013.png,0,하의,상의|하의,generated,,qwen_image_21,,,f1b1v1,train
gen_001014,images/generated/qwen_image_21/gen_001014.png,0,하의,상의|하의,generated,,qwen_image_21,,,f2b6v3,train
gen_001015,images/generated/qwen_image_21/gen_001015.png,0,하의,상의|하의,generated,,qwen_image_21,,,f4b7v1,train
gen_001016,images/generated/qwen_image_21/gen_001016.png,0,하의,상의|하의,generated,,qwen_image_21,,,f5b4v1,train
gen_001017,images/generated/qwen_image_21/gen_001017.png,0,하의,상의|하의,generated,,qwen_image_21,,,f5b4v2,train
gen_001018,images/generated/qwen_image_21/gen_001018.png,0,하의,상의|하의,generated,,qwen_image_21,,,f6b1v1,train
gen_001019,images/generated/qwen_image_21/gen_001019.png,0,하의,상의|하의,generated,,qwen_image_21,,,f6b3v2,train
gen_001020,images/generated/qwen_image_21/gen_001020.png,0,하의,상의|하의,generated,,qwen_image_21,,,f5b2v1,train
gen_001021,images/generated/qwen_image_21/gen_001021.png,0,하의,상의|하의,generated,,qwen_image_21,,,f3b4v2,train
gen_001022,images/generated/qwen_image_21/gen_001022.png,0,하의,상의|하의,generated,,qwen_image_21,,,f1b3v2,train
gen_001023,images/generated/qwen_image_21/gen_001023.png,0,하의,상의|하의,generated,,qwen_image_21,,,f2b3v2,train
gen_001024,images/generated/qwen_image_21/gen_001024.png,0,하의,상의|하의,generated,,qwen_image_21,,,f3b3v1,train
gen_001025,images/generated/qwen_image_21/gen_001025.png,0,하의,상의|하의,generated,,qwen_image_21,,,f6b4v1,train
gen_001026,images/generated/qwen_image_21/gen_001026.png,0,하의,상의|하의,generated,,qwen_image_21,,,f2b5v3,train
gen_001027,images/generated/qwen_image_21/gen_001027.png,0,하의,상의|하의,generated,,qwen_image_21,,,f3b4v1,train
gen_001028,images/generated/qwen_image_21/gen_001028.png,0,하의,상의|하의,generated,,qwen_image_21,,,f1b1v1,train
gen_001029,images/generated/qwen_image_21/gen_001029.png,0,하의,상의|하의,generated,,qwen_image_21,,,f6b1v1,train
gen_001030,images/generated/qwen_image_21/gen_001030.png,0,하의,상의|하의,generated,,qwen_image_21,,,f5b4v1,train
gen_001031,images/generated/qwen_image_21/gen_001031.png,0,하의,상의|하의,generated,,qwen_image_21,,,f6b3v3,train
gen_001032,images/generated/qwen_image_21/gen_001032.png,0,하의,상의|하의,generated,,qwen_image_21,,,f3b7v3,train
gen_001033,images/generated/qwen_image_21/gen_001033.png,0,하의,상의|하의,generated,,qwen_image_21,,,f3b4v1,train
gen_001034,images/generated/qwen_image_21/gen_001034.png,0,하의,상의|하의,generated,,qwen_image_21,,,f2b2v1,train
gen_001035,images/generated/qwen_image_21/gen_001035.png,0,하의,상의|하의,generated,,qwen_image_21,,,f2b2v2,train
gen_001036,images/generated/qwen_image_21/gen_001036.png,0,하의,상의|하의,generated,,qwen_image_21,,,f1b5v1,train
gen_001037,images/generated/qwen_image_21/gen_001037.png,0,하의,상의|하의,generated,,qwen_image_21,,,f3b1v2,train
gen_001038,images/generated/qwen_image_21/gen_001038.png,0,하의,상의|하의,generated,,qwen_image_21,,,f5b4v1,train
gen_001039,images/generated/qwen_image_21/gen_001039.png,0,하의,상의|하의,generated,,qwen_image_21,,,f3b5v1,train
gen_001040,images/generated/qwen_image_21/gen_001040.png,0,하의,상의|하의,generated,,qwen_image_21,,,f6b1v2,train
gen_001041,images/generated/qwen_image_21/gen_001041.png,0,하의,상의|하의,generated,,qwen_image_21,,,f6b7v3,train
gen_001042,images/generated/qwen_image_21/gen_001042.png,0,하의,상의|하의,generated,,qwen_image_21,,,f1b7v1,train
gen_001043,images/generated/qwen_image_21/gen_001043.png,0,하의,상의|하의,generated,,qwen_image_21,,,f3b2v2,train
gen_001044,images/generated/qwen_image_21/gen_001044.png,0,하의,상의|하의,generated,,qwen_image_21,,,f5b5v2,train
gen_001045,images/generated/qwen_image_21/gen_001045.png,0,하의,상의|하의,generated,,qwen_image_21,,,f1b1v2,train
gen_001046,images/generated/qwen_image_21/gen_001046.png,0,하의,상의|하의,generated,,qwen_image_21,,,f4b7v1,train
gen_001047,images/generated/qwen_image_21/gen_001047.png,0,하의,상의|하의,generated,,qwen_image_21,,,f2b7v1,train
gen_001048,images/generated/qwen_image_21/gen_001048.png,0,하의,상의|하의,generated,,qwen_image_21,,,f1b4v1,train
gen_001049,images/generated/qwen_image_21/gen_001049.png,0,하의,상의|하의,generated,,qwen_image_21,,,f5b3v1,train
gen_001050,images/generated/qwen_image_21/gen_001050.png,0,하의,상의|하의,generated,,qwen_image_21,,,f4b2v3,train
gen_001051,images/generated/qwen_image_21/gen_001051.png,0,하의,상의|하의,generated,,qwen_image_21,,,f3b7v1,train
gen_001052,images/generated/qwen_image_21/gen_001052.png,0,하의,상의|하의,generated,,qwen_image_21,,,f1b1v1,train
gen_001053,images/generated/qwen_image_21/gen_001053.png,0,하의,상의|하의,generated,,qwen_image_21,,,f4b3v1,train
gen_001054,images/generated/qwen_image_21/gen_001054.png,0,하의,상의|하의,generated,,qwen_image_21,,,f1b6v1,train
gen_001055,images/generated/qwen_image_21/gen_001055.png,0,하의,상의|하의,generated,,qwen_image_21,,,f3b6v2,train
gen_001056,images/generated/qwen_image_21/gen_001056.png,0,하의,상의|하의,generated,,qwen_image_21,,,f3b4v1,train
gen_001057,images/generated/qwen_image_21/gen_001057.png,0,하의,상의|하의,generated,,qwen_image_21,,,f5b1v1,train
gen_001058,images/generated/qwen_image_21/gen_001058.png,0,하의,상의|하의,generated,,qwen_image_21,,,f2b2v2,train
gen_001059,images/generated/qwen_image_21/gen_001059.png,0,하의,상의|하의,generated,,qwen_image_21,,,f4b4v1,train
gen_001060,images/generated/qwen_image_21/gen_001060.png,0,하의,상의|하의,generated,,qwen_image_21,,,f1b2v1,train
gen_001061,images/generated/qwen_image_21/gen_001061.png,0,하의,상의|하의,generated,,qwen_image_21,,,f1b4v1,train
gen_001062,images/generated/qwen_image_21/gen_001062.png,0,하의,상의|하의,generated,,qwen_image_21,,,f4b1v1,train
gen_001063,images/generated/qwen_image_21/gen_001063.png,0,하의,상의|하의,generated,,qwen_image_21,,,f6b4v1,train
gen_001064,images/generated/qwen_image_21/gen_001064.png,0,하의,상의|하의,generated,,qwen_image_21,,,f6b5v2,train
gen_001065,images/generated/qwen_image_21/gen_001065.png,0,하의,상의|하의,generated,,qwen_image_21,,,f4b2v2,train
gen_001066,images/generated/qwen_image_21/gen_001066.png,0,하의,상의|하의,generated,,qwen_image_21,,,f3b5v1,train
gen_001067,images/generated/qwen_image_21/gen_001067.png,0,하의,상의|하의,generated,,qwen_image_21,,,f5b3v1,train
gen_001068,images/generated/qwen_image_21/gen_001068.png,0,하의,상의|하의,generated,,qwen_image_21,,,f3b6v1,train
gen_001069,images/generated/qwen_image_21/gen_001069.png,0,하의,상의|하의,generated,,qwen_image_21,,,f2b1v1,train
gen_001070,images/generated/qwen_image_21/gen_001070.png,0,하의,상의|하의,generated,,qwen_image_21,,,f6b1v1,train
gen_001071,images/generated/qwen_image_21/gen_001071.png,0,하의,상의|하의,generated,,qwen_image_21,,,f5b5v2,train
gen_001072,images/generated/qwen_image_21/gen_001072.png,0,하의,상의|하의,generated,,qwen_image_21,,,f6b7v1,train
gen_001073,images/generated/qwen_image_21/gen_001073.png,0,하의,상의|하의,generated,,qwen_image_21,,,f6b1v1,train
gen_001074,images/generated/qwen_image_21/gen_001074.png,0,하의,상의|하의,generated,,qwen_image_21,,,f6b2v1,train
gen_001075,images/generated/qwen_image_21/gen_001075.png,0,하의,상의|하의,generated,,qwen_image_21,,,f1b3v1,train
gen_001076,images/generated/qwen_image_21/gen_001076.png,0,하의,상의|하의,generated,,qwen_image_21,,,f1b6v1,train
gen_001077,images/generated/qwen_image_21/gen_001077.png,0,하의,상의|하의,generated,,qwen_image_21,,,f3b1v1,train
gen_001078,images/generated/qwen_image_21/gen_001078.png,0,하의,상의|하의,generated,,qwen_image_21,,,f2b2v3,train
gen_001079,images/generated/qwen_image_21/gen_001079.png,0,하의,상의|하의,generated,,qwen_image_21,,,f6b6v2,train
gen_001080,images/generated/qwen_image_21/gen_001080.png,0,하의,상의|하의,generated,,qwen_image_21,,,f5b3v3,train
gen_001081,images/generated/qwen_image_21/gen_001081.png,0,하의,상의|하의,generated,,qwen_image_21,,,f1b6v1,train
gen_001082,images/generated/qwen_image_21/gen_001082.png,0,하의,상의|하의,generated,,qwen_image_21,,,f2b4v1,train
gen_001083,images/generated/qwen_image_21/gen_001083.png,0,하의,상의|하의,generated,,qwen_image_21,,,f4b3v2,train
gen_001084,images/generated/qwen_image_21/gen_001084.png,0,하의,상의|하의,generated,,qwen_image_21,,,f6b5v2,train
gen_001085,images/generated/qwen_image_21/gen_001085.png,0,하의,상의|하의,generated,,qwen_image_21,,,f4b7v3,train
gen_001086,images/generated/qwen_image_21/gen_001086.png,0,하의,상의|하의,generated,,qwen_image_21,,,f6b7v1,train
gen_001087,images/generated/qwen_image_21/gen_001087.png,0,하의,상의|하의,generated,,qwen_image_21,,,f5b7v1,train
gen_001088,images/generated/qwen_image_21/gen_001088.png,0,하의,상의|하의,generated,,qwen_image_21,,,f2b6v1,train
gen_001089,images/generated/qwen_image_21/gen_001089.png,0,하의,상의|하의,generated,,qwen_image_21,,,f4b5v2,train
gen_001090,images/generated/qwen_image_21/gen_001090.png,0,하의,상의|하의,generated,,qwen_image_21,,,f5b4v2,train
gen_001091,images/generated/qwen_image_21/gen_001091.png,0,하의,상의|하의,generated,,qwen_image_21,,,f1b1v1,train
gen_001092,images/generated/qwen_image_21/gen_001092.png,0,하의,상의|하의,generated,,qwen_image_21,,,f2b6v1,train
gen_001093,images/generated/qwen_image_21/gen_001093.png,0,하의,상의|하의,generated,,qwen_image_21,,,f5b6v3,train
gen_001094,images/generated/qwen_image_21/gen_001094.png,0,하의,상의|하의,generated,,qwen_image_21,,,f5b5v1,train
gen_001095,images/generated/qwen_image_21/gen_001095.png,0,하의,상의|하의,generated,,qwen_image_21,,,f5b5v1,train
gen_001096,images/generated/qwen_image_21/gen_001096.png,0,하의,상의|하의,generated,,qwen_image_21,,,f4b3v1,train
gen_001097,images/generated/qwen_image_21/gen_001097.png,0,하의,상의|하의,generated,,qwen_image_21,,,f6b1v1,train
gen_001098,images/generated/qwen_image_21/gen_001098.png,0,하의,상의|하의,generated,,qwen_image_21,,,f3b3v1,train
gen_001099,images/generated/qwen_image_21/gen_001099.png,0,하의,상의|하의,generated,,qwen_image_21,,,f3b4v3,train
gen_000125,images/generated/z_image_turbo/gen_000125.png,0,원피스,원피스,generated,,z_image_turbo,,,f6b1v1,val
gen_000126,images/generated/z_image_turbo/gen_000126.png,0,원피스,원피스,generated,,z_image_turbo,,,f2b6v1,train
gen_000127,images/generated/z_image_turbo/gen_000127.png,0,원피스,원피스,generated,,z_image_turbo,,,f5b4v1,test
gen_000128,images/generated/z_image_turbo/gen_000128.png,0,원피스,원피스,generated,,z_image_turbo,,,f5b5v1,val
gen_000129,images/generated/z_image_turbo/gen_000129.png,0,원피스,원피스,generated,,z_image_turbo,,,f2b4v1,train
gen_000130,images/generated/z_image_turbo/gen_000130.png,0,원피스,원피스,generated,,z_image_turbo,,,f2b6v1,test
gen_000131,images/generated/z_image_turbo/gen_000131.png,0,원피스,원피스,generated,,z_image_turbo,,,f3b1v1,val
gen_000132,images/generated/z_image_turbo/gen_000132.png,0,원피스,원피스,generated,,z_image_turbo,,,f5b3v2,train
gen_000133,images/generated/z_image_turbo/gen_000133.png,0,원피스,원피스,generated,,z_image_turbo,,,f4b1v1,test
gen_000134,images/generated/z_image_turbo/gen_000134.png,0,원피스,원피스,generated,,z_image_turbo,,,f5b2v2,val
gen_000135,images/generated/z_image_turbo/gen_000135.png,0,원피스,원피스,generated,,z_image_turbo,,,f3b1v3,train
gen_000136,images/generated/z_image_turbo/gen_000136.png,0,원피스,원피스,generated,,z_image_turbo,,,f3b4v2,test
gen_000137,images/generated/z_image_turbo/gen_000137.png,0,원피스,원피스,generated,,z_image_turbo,,,f3b2v2,val
gen_000138,images/generated/z_image_turbo/gen_000138.png,0,원피스,원피스,generated,,z_image_turbo,,,f5b6v1,train
gen_000139,images/generated/z_image_turbo/gen_000139.png,0,원피스,원피스,generated,,z_image_turbo,,,f4b4v1,test
gen_000140,images/generated/z_image_turbo/gen_000140.png,0,원피스,원피스,generated,,z_image_turbo,,,f6b3v2,val
gen_000141,images/generated/z_image_turbo/gen_000141.png,0,원피스,원피스,generated,,z_image_turbo,,,f1b7v1,train
gen_000142,images/generated/z_image_turbo/gen_000142.png,0,원피스,원피스,generated,,z_image_turbo,,,f5b6v1,test
gen_000143,images/generated/z_image_turbo/gen_000143.png,0,원피스,원피스,generated,,z_image_turbo,,,f6b4v1,val
gen_000144,images/generated/z_image_turbo/gen_000144.png,0,원피스,원피스,generated,,z_image_turbo,,,f6b5v1,train
gen_000145,images/generated/z_image_turbo/gen_000145.png,0,원피스,원피스,generated,,z_image_turbo,,,f2b2v1,test
gen_000146,images/generated/z_image_turbo/gen_000146.png,0,원피스,원피스,generated,,z_image_turbo,,,f1b2v2,val
gen_000147,images/generated/z_image_turbo/gen_000147.png,0,원피스,원피스,generated,,z_image_turbo,,,f5b1v1,train
gen_000148,images/generated/z_image_turbo/gen_000148.png,0,원피스,원피스,generated,,z_image_turbo,,,f5b3v3,test
gen_000149,images/generated/z_image_turbo/gen_000149.png,0,원피스,원피스,generated,,z_image_turbo,,,f6b6v1,val
gen_000150,images/generated/z_image_turbo/gen_000150.png,0,원피스,원피스,generated,,z_image_turbo,,,f6b3v1,train
gen_000151,images/generated/z_image_turbo/gen_000151.png,0,원피스,원피스,generated,,z_image_turbo,,,f1b6v3,test
gen_000152,images/generated/z_image_turbo/gen_000152.png,0,원피스,원피스,generated,,z_image_turbo,,,f5b1v3,val
gen_000153,images/generated/z_image_turbo/gen_000153.png,0,원피스,원피스,generated,,z_image_turbo,,,f2b3v2,train
gen_000154,images/generated/z_image_turbo/gen_000154.png,0,원피스,원피스,generated,,z_image_turbo,,,f5b3v1,test
gen_000155,images/generated/z_image_turbo/gen_000155.png,0,원피스,원피스,generated,,z_image_turbo,,,f3b2v1,val
gen_000156,images/generated/z_image_turbo/gen_000156.png,0,아우터,아우터,generated,,z_image_turbo,,,f1b6v1,val
gen_000157,images/generated/z_image_turbo/gen_000157.png,0,아우터,아우터,generated,,z_image_turbo,,,f2b6v1,train
gen_000158,images/generated/z_image_turbo/gen_000158.png,0,아우터,아우터,generated,,z_image_turbo,,,f5b7v2,test
gen_000159,images/generated/z_image_turbo/gen_000159.png,0,아우터,아우터,generated,,z_image_turbo,,,f6b3v1,val
gen_000160,images/generated/z_image_turbo/gen_000160.png,0,아우터,아우터,generated,,z_image_turbo,,,f4b5v1,train
gen_000161,images/generated/z_image_turbo/gen_000161.png,0,아우터,아우터,generated,,z_image_turbo,,,f3b1v1,test
gen_000162,images/generated/z_image_turbo/gen_000162.png,0,아우터,아우터,generated,,z_image_turbo,,,f1b1v2,val
gen_000163,images/generated/z_image_turbo/gen_000163.png,0,아우터,아우터,generated,,z_image_turbo,,,f1b7v1,train
gen_000164,images/generated/z_image_turbo/gen_000164.png,0,아우터,아우터,generated,,z_image_turbo,,,f6b4v1,test
gen_000165,images/generated/z_image_turbo/gen_000165.png,0,아우터,아우터,generated,,z_image_turbo,,,f2b7v1,val
gen_000166,images/generated/z_image_turbo/gen_000166.png,0,아우터,아우터,generated,,z_image_turbo,,,f1b6v1,train
gen_000167,images/generated/z_image_turbo/gen_000167.png,0,아우터,아우터,generated,,z_image_turbo,,,f6b1v2,test
gen_000168,images/generated/z_image_turbo/gen_000168.png,0,아우터,아우터,generated,,z_image_turbo,,,f1b4v2,val
gen_000169,images/generated/z_image_turbo/gen_000169.png,0,아우터,아우터,generated,,z_image_turbo,,,f2b2v1,train
gen_000170,images/generated/z_image_turbo/gen_000170.png,0,아우터,아우터,generated,,z_image_turbo,,,f2b3v1,test
gen_000171,images/generated/z_image_turbo/gen_000171.png,0,아우터,아우터,generated,,z_image_turbo,,,f4b7v3,val
gen_000172,images/generated/z_image_turbo/gen_000172.png,0,아우터,아우터,generated,,z_image_turbo,,,f6b5v2,train
gen_000173,images/generated/z_image_turbo/gen_000173.png,0,아우터,아우터,generated,,z_image_turbo,,,f2b4v1,test
gen_000174,images/generated/z_image_turbo/gen_000174.png,0,아우터,아우터,generated,,z_image_turbo,,,f1b2v1,val
gen_000175,images/generated/z_image_turbo/gen_000175.png,0,아우터,아우터,generated,,z_image_turbo,,,f4b3v1,train
gen_000176,images/generated/z_image_turbo/gen_000176.png,0,아우터,아우터,generated,,z_image_turbo,,,f2b2v1,test
gen_000177,images/generated/z_image_turbo/gen_000177.png,0,아우터,아우터,generated,,z_image_turbo,,,f6b3v1,val
gen_000178,images/generated/z_image_turbo/gen_000178.png,0,아우터,아우터,generated,,z_image_turbo,,,f1b5v1,train
gen_000179,images/generated/z_image_turbo/gen_000179.png,0,아우터,아우터,generated,,z_image_turbo,,,f6b7v1,test
gen_000180,images/generated/z_image_turbo/gen_000180.png,0,아우터,아우터,generated,,z_image_turbo,,,f5b5v1,val
gen_000181,images/generated/z_image_turbo/gen_000181.png,0,아우터,아우터,generated,,z_image_turbo,,,f3b2v2,train
gen_000182,images/generated/z_image_turbo/gen_000182.png,0,아우터,아우터,generated,,z_image_turbo,,,f4b2v2,test
gen_000183,images/generated/z_image_turbo/gen_000183.png,0,아우터,아우터,generated,,z_image_turbo,,,f1b1v1,val
gen_000184,images/generated/z_image_turbo/gen_000184.png,0,아우터,아우터,generated,,z_image_turbo,,,f1b5v1,train
gen_000185,images/generated/z_image_turbo/gen_000185.png,0,아우터,아우터,generated,,z_image_turbo,,,f1b2v1,test
gen_000186,images/generated/z_image_turbo/gen_000186.png,0,아우터,아우터,generated,,z_image_turbo,,,f5b7v2,val
gen_000187,images/generated/z_image_turbo/gen_000187.png,0,상의,상의|하의,generated,,z_image_turbo,,,f6b1v3,val
gen_000188,images/generated/z_image_turbo/gen_000188.png,0,상의,상의|하의,generated,,z_image_turbo,,,f1b6v1,train
gen_000189,images/generated/z_image_turbo/gen_000189.png,0,상의,상의|하의,generated,,z_image_turbo,,,f6b3v1,test
gen_000190,images/generated/z_image_turbo/gen_000190.png,0,상의,상의|하의,generated,,z_image_turbo,,,f5b4v1,val
gen_000191,images/generated/z_image_turbo/gen_000191.png,0,상의,상의|하의,generated,,z_image_turbo,,,f1b6v1,train
gen_000192,images/generated/z_image_turbo/gen_000192.png,0,상의,상의|하의,generated,,z_image_turbo,,,f3b7v1,test
gen_000193,images/generated/z_image_turbo/gen_000193.png,0,상의,상의|하의,generated,,z_image_turbo,,,f6b4v1,val
gen_000194,images/generated/z_image_turbo/gen_000194.png,0,상의,상의|하의,generated,,z_image_turbo,,,f1b1v3,train
gen_000195,images/generated/z_image_turbo/gen_000195.png,0,상의,상의|하의,generated,,z_image_turbo,,,f5b1v2,test
gen_000196,images/generated/z_image_turbo/gen_000196.png,0,상의,상의|하의,generated,,z_image_turbo,,,f4b2v1,val
gen_000197,images/generated/z_image_turbo/gen_000197.png,0,상의,상의|하의,generated,,z_image_turbo,,,f3b2v2,train
gen_000198,images/generated/z_image_turbo/gen_000198.png,0,상의,상의|하의,generated,,z_image_turbo,,,f5b7v1,test
gen_000199,images/generated/z_image_turbo/gen_000199.png,0,상의,상의|하의,generated,,z_image_turbo,,,f2b7v1,val
gen_000200,images/generated/z_image_turbo/gen_000200.png,0,상의,상의|하의,generated,,z_image_turbo,,,f4b1v1,train
gen_000201,images/generated/z_image_turbo/gen_000201.png,0,상의,상의|하의,generated,,z_image_turbo,,,f6b7v2,test
gen_000202,images/generated/z_image_turbo/gen_000202.png,0,상의,상의|하의,generated,,z_image_turbo,,,f6b1v1,val
gen_000203,images/generated/z_image_turbo/gen_000203.png,0,상의,상의|하의,generated,,z_image_turbo,,,f2b2v2,train
gen_000204,images/generated/z_image_turbo/gen_000204.png,0,상의,상의|하의,generated,,z_image_turbo,,,f2b2v1,test
gen_000205,images/generated/z_image_turbo/gen_000205.png,0,상의,상의|하의,generated,,z_image_turbo,,,f3b7v1,val
gen_000206,images/generated/z_image_turbo/gen_000206.png,0,상의,상의|하의,generated,,z_image_turbo,,,f6b5v1,train
gen_000207,images/generated/z_image_turbo/gen_000207.png,0,상의,상의|하의,generated,,z_image_turbo,,,f1b1v3,test
gen_000208,images/generated/z_image_turbo/gen_000208.png,0,상의,상의|하의,generated,,z_image_turbo,,,f1b1v1,val
gen_000209,images/generated/z_image_turbo/gen_000209.png,0,상의,상의|하의,generated,,z_image_turbo,,,f4b5v3,train
gen_000210,images/generated/z_image_turbo/gen_000210.png,0,상의,상의|하의,generated,,z_image_turbo,,,f3b1v2,test
gen_000211,images/generated/z_image_turbo/gen_000211.png,0,상의,상의|하의,generated,,z_image_turbo,,,f3b4v1,val
gen_000212,images/generated/z_image_turbo/gen_000212.png,0,상의,상의|하의,generated,,z_image_turbo,,,f5b3v2,train
gen_000213,images/generated/z_image_turbo/gen_000213.png,0,상의,상의|하의,generated,,z_image_turbo,,,f5b3v2,test
gen_000214,images/generated/z_image_turbo/gen_000214.png,0,상의,상의|하의,generated,,z_image_turbo,,,f5b2v1,val
gen_000215,images/generated/z_image_turbo/gen_000215.png,0,상의,상의|하의,generated,,z_image_turbo,,,f6b6v3,train
gen_000216,images/generated/z_image_turbo/gen_000216.png,0,상의,상의|하의,generated,,z_image_turbo,,,f4b5v2,test
gen_000217,images/generated/z_image_turbo/gen_000217.png,0,상의,상의|하의,generated,,z_image_turbo,,,f4b7v1,val
gen_000218,images/generated/z_image_turbo/gen_000218.png,0,하의,상의|하의,generated,,z_image_turbo,,,f4b4v2,val
gen_000219,images/generated/z_image_turbo/gen_000219.png,0,하의,상의|하의,generated,,z_image_turbo,,,f6b1v1,train
gen_000220,images/generated/z_image_turbo/gen_000220.png,0,하의,상의|하의,generated,,z_image_turbo,,,f1b7v3,test
gen_000221,images/generated/z_image_turbo/gen_000221.png,0,하의,상의|하의,generated,,z_image_turbo,,,f2b7v1,val
gen_000222,images/generated/z_image_turbo/gen_000222.png,0,하의,상의|하의,generated,,z_image_turbo,,,f4b5v2,train
gen_000223,images/generated/z_image_turbo/gen_000223.png,0,하의,상의|하의,generated,,z_image_turbo,,,f6b5v1,test
gen_000224,images/generated/z_image_turbo/gen_000224.png,0,하의,상의|하의,generated,,z_image_turbo,,,f4b2v1,val
gen_000225,images/generated/z_image_turbo/gen_000225.png,0,하의,상의|하의,generated,,z_image_turbo,,,f4b2v1,train
gen_000226,images/generated/z_image_turbo/gen_000226.png,0,하의,상의|하의,generated,,z_image_turbo,,,f1b5v1,test
gen_000227,images/generated/z_image_turbo/gen_000227.png,0,하의,상의|하의,generated,,z_image_turbo,,,f2b7v1,val
gen_000228,images/generated/z_image_turbo/gen_000228.png,0,하의,상의|하의,generated,,z_image_turbo,,,f4b5v2,train
gen_000229,images/generated/z_image_turbo/gen_000229.png,0,하의,상의|하의,generated,,z_image_turbo,,,f5b4v3,test
gen_000230,images/generated/z_image_turbo/gen_000230.png,0,하의,상의|하의,generated,,z_image_turbo,,,f4b3v2,val
gen_000231,images/generated/z_image_turbo/gen_000231.png,0,하의,상의|하의,generated,,z_image_turbo,,,f5b4v2,train
gen_000232,images/generated/z_image_turbo/gen_000232.png,0,하의,상의|하의,generated,,z_image_turbo,,,f6b3v1,test
gen_000233,images/generated/z_image_turbo/gen_000233.png,0,하의,상의|하의,generated,,z_image_turbo,,,f2b2v1,val
gen_000234,images/generated/z_image_turbo/gen_000234.png,0,하의,상의|하의,generated,,z_image_turbo,,,f1b4v1,train
gen_000235,images/generated/z_image_turbo/gen_000235.png,0,하의,상의|하의,generated,,z_image_turbo,,,f1b2v2,test
gen_000236,images/generated/z_image_turbo/gen_000236.png,0,하의,상의|하의,generated,,z_image_turbo,,,f5b4v1,val
gen_000237,images/generated/z_image_turbo/gen_000237.png,0,하의,상의|하의,generated,,z_image_turbo,,,f4b7v3,train
gen_000238,images/generated/z_image_turbo/gen_000238.png,0,하의,상의|하의,generated,,z_image_turbo,,,f4b2v1,test
gen_000239,images/generated/z_image_turbo/gen_000239.png,0,하의,상의|하의,generated,,z_image_turbo,,,f3b6v2,val
gen_000240,images/generated/z_image_turbo/gen_000240.png,0,하의,상의|하의,generated,,z_image_turbo,,,f4b2v3,train
gen_000241,images/generated/z_image_turbo/gen_000241.png,0,하의,상의|하의,generated,,z_image_turbo,,,f5b5v2,test
gen_000242,images/generated/z_image_turbo/gen_000242.png,0,하의,상의|하의,generated,,z_image_turbo,,,f2b7v1,val
gen_000243,images/generated/z_image_turbo/gen_000243.png,0,하의,상의|하의,generated,,z_image_turbo,,,f3b2v1,train
gen_000244,images/generated/z_image_turbo/gen_000244.png,0,하의,상의|하의,generated,,z_image_turbo,,,f3b7v3,test
gen_000245,images/generated/z_image_turbo/gen_000245.png,0,하의,상의|하의,generated,,z_image_turbo,,,f4b1v2,val
gen_000246,images/generated/z_image_turbo/gen_000246.png,0,하의,상의|하의,generated,,z_image_turbo,,,f2b6v1,train
gen_000247,images/generated/z_image_turbo/gen_000247.png,0,하의,상의|하의,generated,,z_image_turbo,,,f1b2v1,test
gen_000248,images/generated/z_image_turbo/gen_000248.png,0,하의,상의|하의,generated,,z_image_turbo,,,f2b2v1,val
gen_001100,images/generated/z_image_turbo/gen_001100.png,0,원피스,원피스,generated,,z_image_turbo,,,f1b3v2,train
gen_001101,images/generated/z_image_turbo/gen_001101.png,0,원피스,원피스,generated,,z_image_turbo,,,f3b6v2,test
gen_001102,images/generated/z_image_turbo/gen_001102.png,0,원피스,원피스,generated,,z_image_turbo,,,f5b1v1,val
gen_001103,images/generated/z_image_turbo/gen_001103.png,0,원피스,원피스,generated,,z_image_turbo,,,f4b2v1,train
gen_001104,images/generated/z_image_turbo/gen_001104.png,0,원피스,원피스,generated,,z_image_turbo,,,f4b2v1,test
gen_001105,images/generated/z_image_turbo/gen_001105.png,0,원피스,원피스,generated,,z_image_turbo,,,f2b7v1,val
gen_001106,images/generated/z_image_turbo/gen_001106.png,0,원피스,원피스,generated,,z_image_turbo,,,f5b2v1,train
gen_001107,images/generated/z_image_turbo/gen_001107.png,0,원피스,원피스,generated,,z_image_turbo,,,f2b1v2,test
gen_001108,images/generated/z_image_turbo/gen_001108.png,0,원피스,원피스,generated,,z_image_turbo,,,f5b5v1,val
gen_001109,images/generated/z_image_turbo/gen_001109.png,0,원피스,원피스,generated,,z_image_turbo,,,f1b7v2,train
gen_001110,images/generated/z_image_turbo/gen_001110.png,0,원피스,원피스,generated,,z_image_turbo,,,f3b5v2,test
gen_001111,images/generated/z_image_turbo/gen_001111.png,0,원피스,원피스,generated,,z_image_turbo,,,f1b7v1,val
gen_001112,images/generated/z_image_turbo/gen_001112.png,0,원피스,원피스,generated,,z_image_turbo,,,f3b6v1,train
gen_001113,images/generated/z_image_turbo/gen_001113.png,0,원피스,원피스,generated,,z_image_turbo,,,f3b4v3,test
gen_001114,images/generated/z_image_turbo/gen_001114.png,0,원피스,원피스,generated,,z_image_turbo,,,f6b4v1,val
gen_001115,images/generated/z_image_turbo/gen_001115.png,0,원피스,원피스,generated,,z_image_turbo,,,f3b2v2,train
gen_001116,images/generated/z_image_turbo/gen_001116.png,0,원피스,원피스,generated,,z_image_turbo,,,f5b7v1,test
gen_001117,images/generated/z_image_turbo/gen_001117.png,0,원피스,원피스,generated,,z_image_turbo,,,f4b5v1,val
gen_001118,images/generated/z_image_turbo/gen_001118.png,0,원피스,원피스,generated,,z_image_turbo,,,f2b6v1,train
gen_001119,images/generated/z_image_turbo/gen_001119.png,0,원피스,원피스,generated,,z_image_turbo,,,f1b6v1,test
gen_001120,images/generated/z_image_turbo/gen_001120.png,0,원피스,원피스,generated,,z_image_turbo,,,f3b7v3,val
gen_001121,images/generated/z_image_turbo/gen_001121.png,0,원피스,원피스,generated,,z_image_turbo,,,f1b6v1,train
gen_001122,images/generated/z_image_turbo/gen_001122.png,0,원피스,원피스,generated,,z_image_turbo,,,f2b6v3,test
gen_001123,images/generated/z_image_turbo/gen_001123.png,0,원피스,원피스,generated,,z_image_turbo,,,f3b4v1,val
gen_001124,images/generated/z_image_turbo/gen_001124.png,0,원피스,원피스,generated,,z_image_turbo,,,f2b6v2,train
gen_001125,images/generated/z_image_turbo/gen_001125.png,0,원피스,원피스,generated,,z_image_turbo,,,f3b2v1,test
gen_001126,images/generated/z_image_turbo/gen_001126.png,0,원피스,원피스,generated,,z_image_turbo,,,f4b2v1,val
gen_001127,images/generated/z_image_turbo/gen_001127.png,0,원피스,원피스,generated,,z_image_turbo,,,f1b1v1,train
gen_001128,images/generated/z_image_turbo/gen_001128.png,0,원피스,원피스,generated,,z_image_turbo,,,f5b3v1,test
gen_001129,images/generated/z_image_turbo/gen_001129.png,0,원피스,원피스,generated,,z_image_turbo,,,f2b2v1,val
gen_001130,images/generated/z_image_turbo/gen_001130.png,0,원피스,원피스,generated,,z_image_turbo,,,f5b5v1,train
gen_001131,images/generated/z_image_turbo/gen_001131.png,0,원피스,원피스,generated,,z_image_turbo,,,f1b2v1,test
gen_001132,images/generated/z_image_turbo/gen_001132.png,0,원피스,원피스,generated,,z_image_turbo,,,f5b2v1,val
gen_001133,images/generated/z_image_turbo/gen_001133.png,0,원피스,원피스,generated,,z_image_turbo,,,f2b2v1,train
gen_001134,images/generated/z_image_turbo/gen_001134.png,0,원피스,원피스,generated,,z_image_turbo,,,f6b7v1,test
gen_001135,images/generated/z_image_turbo/gen_001135.png,0,원피스,원피스,generated,,z_image_turbo,,,f3b2v1,val
gen_001136,images/generated/z_image_turbo/gen_001136.png,0,원피스,원피스,generated,,z_image_turbo,,,f3b5v2,train
gen_001137,images/generated/z_image_turbo/gen_001137.png,0,원피스,원피스,generated,,z_image_turbo,,,f4b3v3,test
gen_001138,images/generated/z_image_turbo/gen_001138.png,0,원피스,원피스,generated,,z_image_turbo,,,f5b5v1,val
gen_001139,images/generated/z_image_turbo/gen_001139.png,0,원피스,원피스,generated,,z_image_turbo,,,f2b5v3,train
gen_001140,images/generated/z_image_turbo/gen_001140.png,0,원피스,원피스,generated,,z_image_turbo,,,f5b6v1,test
gen_001141,images/generated/z_image_turbo/gen_001141.png,0,원피스,원피스,generated,,z_image_turbo,,,f6b2v1,val
gen_001142,images/generated/z_image_turbo/gen_001142.png,0,원피스,원피스,generated,,z_image_turbo,,,f3b2v1,train
gen_001143,images/generated/z_image_turbo/gen_001143.png,0,원피스,원피스,generated,,z_image_turbo,,,f1b3v1,test
gen_001144,images/generated/z_image_turbo/gen_001144.png,0,원피스,원피스,generated,,z_image_turbo,,,f2b1v2,val
gen_001145,images/generated/z_image_turbo/gen_001145.png,0,원피스,원피스,generated,,z_image_turbo,,,f1b7v1,train
gen_001146,images/generated/z_image_turbo/gen_001146.png,0,원피스,원피스,generated,,z_image_turbo,,,f3b7v2,test
gen_001147,images/generated/z_image_turbo/gen_001147.png,0,원피스,원피스,generated,,z_image_turbo,,,f2b3v1,val
gen_001148,images/generated/z_image_turbo/gen_001148.png,0,원피스,원피스,generated,,z_image_turbo,,,f5b6v1,train
gen_001149,images/generated/z_image_turbo/gen_001149.png,0,원피스,원피스,generated,,z_image_turbo,,,f2b2v1,test
gen_001150,images/generated/z_image_turbo/gen_001150.png,0,원피스,원피스,generated,,z_image_turbo,,,f3b4v1,val
gen_001151,images/generated/z_image_turbo/gen_001151.png,0,원피스,원피스,generated,,z_image_turbo,,,f1b7v2,train
gen_001152,images/generated/z_image_turbo/gen_001152.png,0,원피스,원피스,generated,,z_image_turbo,,,f4b3v1,test
gen_001153,images/generated/z_image_turbo/gen_001153.png,0,원피스,원피스,generated,,z_image_turbo,,,f2b5v2,val
gen_001154,images/generated/z_image_turbo/gen_001154.png,0,원피스,원피스,generated,,z_image_turbo,,,f5b4v2,train
gen_001155,images/generated/z_image_turbo/gen_001155.png,0,원피스,원피스,generated,,z_image_turbo,,,f1b6v2,test
gen_001156,images/generated/z_image_turbo/gen_001156.png,0,원피스,원피스,generated,,z_image_turbo,,,f3b1v2,val
gen_001157,images/generated/z_image_turbo/gen_001157.png,0,원피스,원피스,generated,,z_image_turbo,,,f6b6v1,train
gen_001158,images/generated/z_image_turbo/gen_001158.png,0,원피스,원피스,generated,,z_image_turbo,,,f3b1v1,test
gen_001159,images/generated/z_image_turbo/gen_001159.png,0,원피스,원피스,generated,,z_image_turbo,,,f1b5v2,val
gen_001160,images/generated/z_image_turbo/gen_001160.png,0,원피스,원피스,generated,,z_image_turbo,,,f2b3v3,train
gen_001161,images/generated/z_image_turbo/gen_001161.png,0,원피스,원피스,generated,,z_image_turbo,,,f1b6v2,test
gen_001162,images/generated/z_image_turbo/gen_001162.png,0,원피스,원피스,generated,,z_image_turbo,,,f2b5v1,val
gen_001163,images/generated/z_image_turbo/gen_001163.png,0,원피스,원피스,generated,,z_image_turbo,,,f1b1v1,train
gen_001164,images/generated/z_image_turbo/gen_001164.png,0,원피스,원피스,generated,,z_image_turbo,,,f3b3v1,test
gen_001165,images/generated/z_image_turbo/gen_001165.png,0,원피스,원피스,generated,,z_image_turbo,,,f6b6v1,val
gen_001166,images/generated/z_image_turbo/gen_001166.png,0,원피스,원피스,generated,,z_image_turbo,,,f6b6v2,train
gen_001167,images/generated/z_image_turbo/gen_001167.png,0,원피스,원피스,generated,,z_image_turbo,,,f3b5v2,test
gen_001168,images/generated/z_image_turbo/gen_001168.png,0,원피스,원피스,generated,,z_image_turbo,,,f1b5v2,val
gen_001169,images/generated/z_image_turbo/gen_001169.png,0,원피스,원피스,generated,,z_image_turbo,,,f5b2v2,train
gen_001170,images/generated/z_image_turbo/gen_001170.png,0,원피스,원피스,generated,,z_image_turbo,,,f1b4v1,test
gen_001171,images/generated/z_image_turbo/gen_001171.png,0,원피스,원피스,generated,,z_image_turbo,,,f6b6v1,val
gen_001172,images/generated/z_image_turbo/gen_001172.png,0,원피스,원피스,generated,,z_image_turbo,,,f4b7v3,train
gen_001173,images/generated/z_image_turbo/gen_001173.png,0,원피스,원피스,generated,,z_image_turbo,,,f1b4v1,test
gen_001174,images/generated/z_image_turbo/gen_001174.png,0,원피스,원피스,generated,,z_image_turbo,,,f6b1v3,val
gen_001175,images/generated/z_image_turbo/gen_001175.png,0,원피스,원피스,generated,,z_image_turbo,,,f2b6v2,train
gen_001176,images/generated/z_image_turbo/gen_001176.png,0,원피스,원피스,generated,,z_image_turbo,,,f5b1v1,test
gen_001177,images/generated/z_image_turbo/gen_001177.png,0,원피스,원피스,generated,,z_image_turbo,,,f3b3v2,val
gen_001178,images/generated/z_image_turbo/gen_001178.png,0,원피스,원피스,generated,,z_image_turbo,,,f6b6v1,train
gen_001179,images/generated/z_image_turbo/gen_001179.png,0,원피스,원피스,generated,,z_image_turbo,,,f1b4v1,test
gen_001180,images/generated/z_image_turbo/gen_001180.png,0,원피스,원피스,generated,,z_image_turbo,,,f1b3v1,val
gen_001181,images/generated/z_image_turbo/gen_001181.png,0,원피스,원피스,generated,,z_image_turbo,,,f3b7v1,train
gen_001182,images/generated/z_image_turbo/gen_001182.png,0,원피스,원피스,generated,,z_image_turbo,,,f1b7v2,test
gen_001183,images/generated/z_image_turbo/gen_001183.png,0,원피스,원피스,generated,,z_image_turbo,,,f3b3v1,val
gen_001184,images/generated/z_image_turbo/gen_001184.png,0,원피스,원피스,generated,,z_image_turbo,,,f4b3v1,train
gen_001185,images/generated/z_image_turbo/gen_001185.png,0,원피스,원피스,generated,,z_image_turbo,,,f4b4v1,test
gen_001186,images/generated/z_image_turbo/gen_001186.png,0,원피스,원피스,generated,,z_image_turbo,,,f3b4v2,val
gen_001187,images/generated/z_image_turbo/gen_001187.png,0,원피스,원피스,generated,,z_image_turbo,,,f3b3v1,train
gen_001188,images/generated/z_image_turbo/gen_001188.png,0,원피스,원피스,generated,,z_image_turbo,,,f5b4v2,test
gen_001189,images/generated/z_image_turbo/gen_001189.png,0,원피스,원피스,generated,,z_image_turbo,,,f4b7v3,val
gen_001190,images/generated/z_image_turbo/gen_001190.png,0,원피스,원피스,generated,,z_image_turbo,,,f2b3v1,train
gen_001191,images/generated/z_image_turbo/gen_001191.png,0,원피스,원피스,generated,,z_image_turbo,,,f2b5v1,test
gen_001192,images/generated/z_image_turbo/gen_001192.png,0,원피스,원피스,generated,,z_image_turbo,,,f5b1v1,val
gen_001193,images/generated/z_image_turbo/gen_001193.png,0,원피스,원피스,generated,,z_image_turbo,,,f3b5v2,train
gen_001194,images/generated/z_image_turbo/gen_001194.png,0,원피스,원피스,generated,,z_image_turbo,,,f1b3v2,test
gen_001195,images/generated/z_image_turbo/gen_001195.png,0,원피스,원피스,generated,,z_image_turbo,,,f4b6v1,val
gen_001196,images/generated/z_image_turbo/gen_001196.png,0,원피스,원피스,generated,,z_image_turbo,,,f1b6v2,train
gen_001197,images/generated/z_image_turbo/gen_001197.png,0,원피스,원피스,generated,,z_image_turbo,,,f5b4v3,test
gen_001198,images/generated/z_image_turbo/gen_001198.png,0,원피스,원피스,generated,,z_image_turbo,,,f1b4v1,val
gen_001199,images/generated/z_image_turbo/gen_001199.png,0,원피스,원피스,generated,,z_image_turbo,,,f5b7v2,train
gen_001200,images/generated/z_image_turbo/gen_001200.png,0,원피스,원피스,generated,,z_image_turbo,,,f3b5v1,test
gen_001201,images/generated/z_image_turbo/gen_001201.png,0,원피스,원피스,generated,,z_image_turbo,,,f6b4v1,val
gen_001202,images/generated/z_image_turbo/gen_001202.png,0,원피스,원피스,generated,,z_image_turbo,,,f2b4v1,train
gen_001203,images/generated/z_image_turbo/gen_001203.png,0,원피스,원피스,generated,,z_image_turbo,,,f4b2v2,test
gen_001204,images/generated/z_image_turbo/gen_001204.png,0,원피스,원피스,generated,,z_image_turbo,,,f3b7v3,val
gen_001205,images/generated/z_image_turbo/gen_001205.png,0,원피스,원피스,generated,,z_image_turbo,,,f2b2v3,train
gen_001206,images/generated/z_image_turbo/gen_001206.png,0,원피스,원피스,generated,,z_image_turbo,,,f6b6v1,test
gen_001207,images/generated/z_image_turbo/gen_001207.png,0,원피스,원피스,generated,,z_image_turbo,,,f5b2v1,val
gen_001208,images/generated/z_image_turbo/gen_001208.png,0,원피스,원피스,generated,,z_image_turbo,,,f3b2v2,train
gen_001209,images/generated/z_image_turbo/gen_001209.png,0,원피스,원피스,generated,,z_image_turbo,,,f1b3v1,test
gen_001210,images/generated/z_image_turbo/gen_001210.png,0,원피스,원피스,generated,,z_image_turbo,,,f6b3v1,val
gen_001211,images/generated/z_image_turbo/gen_001211.png,0,원피스,원피스,generated,,z_image_turbo,,,f3b2v1,train
gen_001212,images/generated/z_image_turbo/gen_001212.png,0,원피스,원피스,generated,,z_image_turbo,,,f6b5v1,test
gen_001213,images/generated/z_image_turbo/gen_001213.png,0,원피스,원피스,generated,,z_image_turbo,,,f4b4v2,val
gen_001214,images/generated/z_image_turbo/gen_001214.png,0,원피스,원피스,generated,,z_image_turbo,,,f1b6v2,train
gen_001215,images/generated/z_image_turbo/gen_001215.png,0,원피스,원피스,generated,,z_image_turbo,,,f1b5v1,test
gen_001216,images/generated/z_image_turbo/gen_001216.png,0,원피스,원피스,generated,,z_image_turbo,,,f4b1v2,val
gen_001217,images/generated/z_image_turbo/gen_001217.png,0,원피스,원피스,generated,,z_image_turbo,,,f5b4v2,train
gen_001218,images/generated/z_image_turbo/gen_001218.png,0,원피스,원피스,generated,,z_image_turbo,,,f6b3v3,test
gen_001219,images/generated/z_image_turbo/gen_001219.png,0,아우터,아우터,generated,,z_image_turbo,,,f2b7v3,train
gen_001220,images/generated/z_image_turbo/gen_001220.png,0,아우터,아우터,generated,,z_image_turbo,,,f5b1v2,test
gen_001221,images/generated/z_image_turbo/gen_001221.png,0,아우터,아우터,generated,,z_image_turbo,,,f2b1v1,val
gen_001222,images/generated/z_image_turbo/gen_001222.png,0,아우터,아우터,generated,,z_image_turbo,,,f2b6v2,train
gen_001223,images/generated/z_image_turbo/gen_001223.png,0,아우터,아우터,generated,,z_image_turbo,,,f3b6v1,test
gen_001224,images/generated/z_image_turbo/gen_001224.png,0,아우터,아우터,generated,,z_image_turbo,,,f5b3v1,val
gen_001225,images/generated/z_image_turbo/gen_001225.png,0,아우터,아우터,generated,,z_image_turbo,,,f2b4v1,train
gen_001226,images/generated/z_image_turbo/gen_001226.png,0,아우터,아우터,generated,,z_image_turbo,,,f4b1v3,test
gen_001227,images/generated/z_image_turbo/gen_001227.png,0,아우터,아우터,generated,,z_image_turbo,,,f3b2v2,val
gen_001228,images/generated/z_image_turbo/gen_001228.png,0,아우터,아우터,generated,,z_image_turbo,,,f4b6v1,train
gen_001229,images/generated/z_image_turbo/gen_001229.png,0,아우터,아우터,generated,,z_image_turbo,,,f6b5v2,test
gen_001230,images/generated/z_image_turbo/gen_001230.png,0,아우터,아우터,generated,,z_image_turbo,,,f3b3v2,val
gen_001231,images/generated/z_image_turbo/gen_001231.png,0,아우터,아우터,generated,,z_image_turbo,,,f4b5v2,train
gen_001232,images/generated/z_image_turbo/gen_001232.png,0,아우터,아우터,generated,,z_image_turbo,,,f6b1v1,test
gen_001233,images/generated/z_image_turbo/gen_001233.png,0,아우터,아우터,generated,,z_image_turbo,,,f1b6v1,val
gen_001234,images/generated/z_image_turbo/gen_001234.png,0,아우터,아우터,generated,,z_image_turbo,,,f4b4v1,train
gen_001235,images/generated/z_image_turbo/gen_001235.png,0,아우터,아우터,generated,,z_image_turbo,,,f5b2v1,test
gen_001236,images/generated/z_image_turbo/gen_001236.png,0,아우터,아우터,generated,,z_image_turbo,,,f1b1v1,val
gen_001237,images/generated/z_image_turbo/gen_001237.png,0,아우터,아우터,generated,,z_image_turbo,,,f6b4v1,train
gen_001238,images/generated/z_image_turbo/gen_001238.png,0,아우터,아우터,generated,,z_image_turbo,,,f1b3v1,test
gen_001239,images/generated/z_image_turbo/gen_001239.png,0,아우터,아우터,generated,,z_image_turbo,,,f6b1v3,val
gen_001240,images/generated/z_image_turbo/gen_001240.png,0,아우터,아우터,generated,,z_image_turbo,,,f3b5v1,train
gen_001241,images/generated/z_image_turbo/gen_001241.png,0,아우터,아우터,generated,,z_image_turbo,,,f2b1v1,test
gen_001242,images/generated/z_image_turbo/gen_001242.png,0,아우터,아우터,generated,,z_image_turbo,,,f2b5v1,val
gen_001243,images/generated/z_image_turbo/gen_001243.png,0,아우터,아우터,generated,,z_image_turbo,,,f1b4v2,train
gen_001244,images/generated/z_image_turbo/gen_001244.png,0,아우터,아우터,generated,,z_image_turbo,,,f5b2v1,test
gen_001245,images/generated/z_image_turbo/gen_001245.png,0,아우터,아우터,generated,,z_image_turbo,,,f1b7v1,val
gen_001246,images/generated/z_image_turbo/gen_001246.png,0,아우터,아우터,generated,,z_image_turbo,,,f1b6v2,train
gen_001247,images/generated/z_image_turbo/gen_001247.png,0,아우터,아우터,generated,,z_image_turbo,,,f3b2v3,test
gen_001248,images/generated/z_image_turbo/gen_001248.png,0,아우터,아우터,generated,,z_image_turbo,,,f1b5v1,val
gen_001249,images/generated/z_image_turbo/gen_001249.png,0,아우터,아우터,generated,,z_image_turbo,,,f4b2v1,train
gen_001250,images/generated/z_image_turbo/gen_001250.png,0,아우터,아우터,generated,,z_image_turbo,,,f4b7v2,test
gen_001251,images/generated/z_image_turbo/gen_001251.png,0,아우터,아우터,generated,,z_image_turbo,,,f6b7v2,val
gen_001252,images/generated/z_image_turbo/gen_001252.png,0,아우터,아우터,generated,,z_image_turbo,,,f6b2v2,train
gen_001253,images/generated/z_image_turbo/gen_001253.png,0,아우터,아우터,generated,,z_image_turbo,,,f4b1v1,test
gen_001254,images/generated/z_image_turbo/gen_001254.png,0,아우터,아우터,generated,,z_image_turbo,,,f2b6v2,val
gen_001255,images/generated/z_image_turbo/gen_001255.png,0,아우터,아우터,generated,,z_image_turbo,,,f6b2v2,train
gen_001256,images/generated/z_image_turbo/gen_001256.png,0,아우터,아우터,generated,,z_image_turbo,,,f4b1v1,test
gen_001257,images/generated/z_image_turbo/gen_001257.png,0,아우터,아우터,generated,,z_image_turbo,,,f4b3v1,val
gen_001258,images/generated/z_image_turbo/gen_001258.png,0,아우터,아우터,generated,,z_image_turbo,,,f5b3v2,train
gen_001259,images/generated/z_image_turbo/gen_001259.png,0,아우터,아우터,generated,,z_image_turbo,,,f6b4v1,test
gen_001260,images/generated/z_image_turbo/gen_001260.png,0,아우터,아우터,generated,,z_image_turbo,,,f2b2v3,val
gen_001261,images/generated/z_image_turbo/gen_001261.png,0,아우터,아우터,generated,,z_image_turbo,,,f1b5v1,train
gen_001262,images/generated/z_image_turbo/gen_001262.png,0,아우터,아우터,generated,,z_image_turbo,,,f4b4v1,test
gen_001263,images/generated/z_image_turbo/gen_001263.png,0,아우터,아우터,generated,,z_image_turbo,,,f4b4v2,val
gen_001264,images/generated/z_image_turbo/gen_001264.png,0,아우터,아우터,generated,,z_image_turbo,,,f6b6v2,train
gen_001265,images/generated/z_image_turbo/gen_001265.png,0,아우터,아우터,generated,,z_image_turbo,,,f5b7v3,test
gen_001266,images/generated/z_image_turbo/gen_001266.png,0,아우터,아우터,generated,,z_image_turbo,,,f2b3v1,val
gen_001267,images/generated/z_image_turbo/gen_001267.png,0,아우터,아우터,generated,,z_image_turbo,,,f2b1v1,train
gen_001268,images/generated/z_image_turbo/gen_001268.png,0,아우터,아우터,generated,,z_image_turbo,,,f1b6v1,test
gen_001269,images/generated/z_image_turbo/gen_001269.png,0,아우터,아우터,generated,,z_image_turbo,,,f2b4v1,val
gen_001270,images/generated/z_image_turbo/gen_001270.png,0,아우터,아우터,generated,,z_image_turbo,,,f6b6v2,train
gen_001271,images/generated/z_image_turbo/gen_001271.png,0,아우터,아우터,generated,,z_image_turbo,,,f1b1v1,test
gen_001272,images/generated/z_image_turbo/gen_001272.png,0,아우터,아우터,generated,,z_image_turbo,,,f1b7v1,val
gen_001273,images/generated/z_image_turbo/gen_001273.png,0,아우터,아우터,generated,,z_image_turbo,,,f6b7v2,train
gen_001274,images/generated/z_image_turbo/gen_001274.png,0,아우터,아우터,generated,,z_image_turbo,,,f5b2v3,test
gen_001275,images/generated/z_image_turbo/gen_001275.png,0,아우터,아우터,generated,,z_image_turbo,,,f6b3v1,val
gen_001276,images/generated/z_image_turbo/gen_001276.png,0,아우터,아우터,generated,,z_image_turbo,,,f2b1v1,train
gen_001277,images/generated/z_image_turbo/gen_001277.png,0,아우터,아우터,generated,,z_image_turbo,,,f4b2v1,test
gen_001278,images/generated/z_image_turbo/gen_001278.png,0,아우터,아우터,generated,,z_image_turbo,,,f4b7v1,val
gen_001279,images/generated/z_image_turbo/gen_001279.png,0,아우터,아우터,generated,,z_image_turbo,,,f1b1v1,train
gen_001280,images/generated/z_image_turbo/gen_001280.png,0,아우터,아우터,generated,,z_image_turbo,,,f6b2v1,test
gen_001281,images/generated/z_image_turbo/gen_001281.png,0,아우터,아우터,generated,,z_image_turbo,,,f1b4v2,val
gen_001282,images/generated/z_image_turbo/gen_001282.png,0,아우터,아우터,generated,,z_image_turbo,,,f5b6v1,train
gen_001283,images/generated/z_image_turbo/gen_001283.png,0,아우터,아우터,generated,,z_image_turbo,,,f4b4v1,test
gen_001284,images/generated/z_image_turbo/gen_001284.png,0,아우터,아우터,generated,,z_image_turbo,,,f4b5v1,val
gen_001285,images/generated/z_image_turbo/gen_001285.png,0,아우터,아우터,generated,,z_image_turbo,,,f6b4v3,train
gen_001286,images/generated/z_image_turbo/gen_001286.png,0,아우터,아우터,generated,,z_image_turbo,,,f2b7v1,test
gen_001287,images/generated/z_image_turbo/gen_001287.png,0,아우터,아우터,generated,,z_image_turbo,,,f3b3v3,val
gen_001288,images/generated/z_image_turbo/gen_001288.png,0,아우터,아우터,generated,,z_image_turbo,,,f5b5v1,train
gen_001289,images/generated/z_image_turbo/gen_001289.png,0,아우터,아우터,generated,,z_image_turbo,,,f2b7v1,test
gen_001290,images/generated/z_image_turbo/gen_001290.png,0,아우터,아우터,generated,,z_image_turbo,,,f3b3v2,val
gen_001291,images/generated/z_image_turbo/gen_001291.png,0,아우터,아우터,generated,,z_image_turbo,,,f2b5v1,train
gen_001292,images/generated/z_image_turbo/gen_001292.png,0,아우터,아우터,generated,,z_image_turbo,,,f3b4v2,test
gen_001293,images/generated/z_image_turbo/gen_001293.png,0,아우터,아우터,generated,,z_image_turbo,,,f2b1v2,val
gen_001294,images/generated/z_image_turbo/gen_001294.png,0,아우터,아우터,generated,,z_image_turbo,,,f6b5v3,train
gen_001295,images/generated/z_image_turbo/gen_001295.png,0,아우터,아우터,generated,,z_image_turbo,,,f4b2v1,test
gen_001296,images/generated/z_image_turbo/gen_001296.png,0,아우터,아우터,generated,,z_image_turbo,,,f3b3v2,val
gen_001297,images/generated/z_image_turbo/gen_001297.png,0,아우터,아우터,generated,,z_image_turbo,,,f1b4v1,train
gen_001298,images/generated/z_image_turbo/gen_001298.png,0,아우터,아우터,generated,,z_image_turbo,,,f3b1v1,test
gen_001299,images/generated/z_image_turbo/gen_001299.png,0,아우터,아우터,generated,,z_image_turbo,,,f3b4v2,val
gen_001300,images/generated/z_image_turbo/gen_001300.png,0,아우터,아우터,generated,,z_image_turbo,,,f5b3v1,train
gen_001301,images/generated/z_image_turbo/gen_001301.png,0,아우터,아우터,generated,,z_image_turbo,,,f2b3v2,test
gen_001302,images/generated/z_image_turbo/gen_001302.png,0,아우터,아우터,generated,,z_image_turbo,,,f1b4v1,val
gen_001303,images/generated/z_image_turbo/gen_001303.png,0,아우터,아우터,generated,,z_image_turbo,,,f2b4v2,train
gen_001304,images/generated/z_image_turbo/gen_001304.png,0,아우터,아우터,generated,,z_image_turbo,,,f1b7v1,test
gen_001305,images/generated/z_image_turbo/gen_001305.png,0,아우터,아우터,generated,,z_image_turbo,,,f6b6v1,val
gen_001306,images/generated/z_image_turbo/gen_001306.png,0,아우터,아우터,generated,,z_image_turbo,,,f6b6v1,train
gen_001307,images/generated/z_image_turbo/gen_001307.png,0,아우터,아우터,generated,,z_image_turbo,,,f6b1v1,test
gen_001308,images/generated/z_image_turbo/gen_001308.png,0,아우터,아우터,generated,,z_image_turbo,,,f3b7v3,val
gen_001309,images/generated/z_image_turbo/gen_001309.png,0,아우터,아우터,generated,,z_image_turbo,,,f5b4v1,train
gen_001310,images/generated/z_image_turbo/gen_001310.png,0,아우터,아우터,generated,,z_image_turbo,,,f4b5v1,test
gen_001311,images/generated/z_image_turbo/gen_001311.png,0,아우터,아우터,generated,,z_image_turbo,,,f5b6v1,val
gen_001312,images/generated/z_image_turbo/gen_001312.png,0,아우터,아우터,generated,,z_image_turbo,,,f1b3v1,train
gen_001313,images/generated/z_image_turbo/gen_001313.png,0,아우터,아우터,generated,,z_image_turbo,,,f5b4v1,test
gen_001314,images/generated/z_image_turbo/gen_001314.png,0,아우터,아우터,generated,,z_image_turbo,,,f3b6v1,val
gen_001315,images/generated/z_image_turbo/gen_001315.png,0,아우터,아우터,generated,,z_image_turbo,,,f4b3v3,train
gen_001316,images/generated/z_image_turbo/gen_001316.png,0,아우터,아우터,generated,,z_image_turbo,,,f6b4v2,test
gen_001317,images/generated/z_image_turbo/gen_001317.png,0,아우터,아우터,generated,,z_image_turbo,,,f3b3v3,val
gen_001318,images/generated/z_image_turbo/gen_001318.png,0,아우터,아우터,generated,,z_image_turbo,,,f1b1v3,train
gen_001319,images/generated/z_image_turbo/gen_001319.png,0,아우터,아우터,generated,,z_image_turbo,,,f6b6v1,test
gen_001320,images/generated/z_image_turbo/gen_001320.png,0,아우터,아우터,generated,,z_image_turbo,,,f4b1v2,val
gen_001321,images/generated/z_image_turbo/gen_001321.png,0,아우터,아우터,generated,,z_image_turbo,,,f3b2v1,train
gen_001322,images/generated/z_image_turbo/gen_001322.png,0,아우터,아우터,generated,,z_image_turbo,,,f3b3v2,test
gen_001323,images/generated/z_image_turbo/gen_001323.png,0,아우터,아우터,generated,,z_image_turbo,,,f2b6v1,val
gen_001324,images/generated/z_image_turbo/gen_001324.png,0,아우터,아우터,generated,,z_image_turbo,,,f6b3v2,train
gen_001325,images/generated/z_image_turbo/gen_001325.png,0,아우터,아우터,generated,,z_image_turbo,,,f1b6v3,test
gen_001326,images/generated/z_image_turbo/gen_001326.png,0,아우터,아우터,generated,,z_image_turbo,,,f3b7v3,val
gen_001327,images/generated/z_image_turbo/gen_001327.png,0,아우터,아우터,generated,,z_image_turbo,,,f6b2v3,train
gen_001328,images/generated/z_image_turbo/gen_001328.png,0,아우터,아우터,generated,,z_image_turbo,,,f5b3v3,test
gen_001329,images/generated/z_image_turbo/gen_001329.png,0,아우터,아우터,generated,,z_image_turbo,,,f4b5v1,val
gen_001330,images/generated/z_image_turbo/gen_001330.png,0,아우터,아우터,generated,,z_image_turbo,,,f3b3v1,train
gen_001331,images/generated/z_image_turbo/gen_001331.png,0,아우터,아우터,generated,,z_image_turbo,,,f1b7v1,test
gen_001332,images/generated/z_image_turbo/gen_001332.png,0,아우터,아우터,generated,,z_image_turbo,,,f4b4v1,val
gen_001333,images/generated/z_image_turbo/gen_001333.png,0,아우터,아우터,generated,,z_image_turbo,,,f3b4v3,train
gen_001334,images/generated/z_image_turbo/gen_001334.png,0,아우터,아우터,generated,,z_image_turbo,,,f4b7v2,test
gen_001335,images/generated/z_image_turbo/gen_001335.png,0,아우터,아우터,generated,,z_image_turbo,,,f1b3v1,val
gen_001336,images/generated/z_image_turbo/gen_001336.png,0,아우터,아우터,generated,,z_image_turbo,,,f6b3v2,train
gen_001337,images/generated/z_image_turbo/gen_001337.png,0,아우터,아우터,generated,,z_image_turbo,,,f2b3v2,test
gen_001338,images/generated/z_image_turbo/gen_001338.png,0,상의,상의|하의,generated,,z_image_turbo,,,f4b6v2,train
gen_001339,images/generated/z_image_turbo/gen_001339.png,0,상의,상의|하의,generated,,z_image_turbo,,,f4b5v1,test
gen_001340,images/generated/z_image_turbo/gen_001340.png,0,상의,상의|하의,generated,,z_image_turbo,,,f1b2v2,val
gen_001341,images/generated/z_image_turbo/gen_001341.png,0,상의,상의|하의,generated,,z_image_turbo,,,f2b7v1,train
gen_001342,images/generated/z_image_turbo/gen_001342.png,0,상의,상의|하의,generated,,z_image_turbo,,,f3b5v1,test
gen_001343,images/generated/z_image_turbo/gen_001343.png,0,상의,상의|하의,generated,,z_image_turbo,,,f4b5v1,val
gen_001344,images/generated/z_image_turbo/gen_001344.png,0,상의,상의|하의,generated,,z_image_turbo,,,f6b1v2,train
gen_001345,images/generated/z_image_turbo/gen_001345.png,0,상의,상의|하의,generated,,z_image_turbo,,,f6b6v1,test
gen_001346,images/generated/z_image_turbo/gen_001346.png,0,상의,상의|하의,generated,,z_image_turbo,,,f3b1v1,val
gen_001347,images/generated/z_image_turbo/gen_001347.png,0,상의,상의|하의,generated,,z_image_turbo,,,f5b3v1,train
gen_001348,images/generated/z_image_turbo/gen_001348.png,0,상의,상의|하의,generated,,z_image_turbo,,,f5b2v2,test
gen_001349,images/generated/z_image_turbo/gen_001349.png,0,상의,상의|하의,generated,,z_image_turbo,,,f6b3v1,val
gen_001350,images/generated/z_image_turbo/gen_001350.png,0,상의,상의|하의,generated,,z_image_turbo,,,f6b2v1,train
gen_001351,images/generated/z_image_turbo/gen_001351.png,0,상의,상의|하의,generated,,z_image_turbo,,,f1b2v1,test
gen_001352,images/generated/z_image_turbo/gen_001352.png,0,상의,상의|하의,generated,,z_image_turbo,,,f6b4v2,val
gen_001353,images/generated/z_image_turbo/gen_001353.png,0,상의,상의|하의,generated,,z_image_turbo,,,f5b6v1,train
gen_001354,images/generated/z_image_turbo/gen_001354.png,0,상의,상의|하의,generated,,z_image_turbo,,,f2b7v2,test
gen_001355,images/generated/z_image_turbo/gen_001355.png,0,상의,상의|하의,generated,,z_image_turbo,,,f1b4v1,val
gen_001356,images/generated/z_image_turbo/gen_001356.png,0,상의,상의|하의,generated,,z_image_turbo,,,f6b1v1,train
gen_001357,images/generated/z_image_turbo/gen_001357.png,0,상의,상의|하의,generated,,z_image_turbo,,,f5b4v1,test
gen_001358,images/generated/z_image_turbo/gen_001358.png,0,상의,상의|하의,generated,,z_image_turbo,,,f2b1v2,val
gen_001359,images/generated/z_image_turbo/gen_001359.png,0,상의,상의|하의,generated,,z_image_turbo,,,f5b1v1,train
gen_001360,images/generated/z_image_turbo/gen_001360.png,0,상의,상의|하의,generated,,z_image_turbo,,,f6b1v3,test
gen_001361,images/generated/z_image_turbo/gen_001361.png,0,상의,상의|하의,generated,,z_image_turbo,,,f1b1v2,val
gen_001362,images/generated/z_image_turbo/gen_001362.png,0,상의,상의|하의,generated,,z_image_turbo,,,f2b2v3,train
gen_001363,images/generated/z_image_turbo/gen_001363.png,0,상의,상의|하의,generated,,z_image_turbo,,,f2b5v1,test
gen_001364,images/generated/z_image_turbo/gen_001364.png,0,상의,상의|하의,generated,,z_image_turbo,,,f2b1v1,val
gen_001365,images/generated/z_image_turbo/gen_001365.png,0,상의,상의|하의,generated,,z_image_turbo,,,f4b3v1,train
gen_001366,images/generated/z_image_turbo/gen_001366.png,0,상의,상의|하의,generated,,z_image_turbo,,,f5b5v1,test
gen_001367,images/generated/z_image_turbo/gen_001367.png,0,상의,상의|하의,generated,,z_image_turbo,,,f1b5v1,val
gen_001368,images/generated/z_image_turbo/gen_001368.png,0,상의,상의|하의,generated,,z_image_turbo,,,f6b4v1,train
gen_001369,images/generated/z_image_turbo/gen_001369.png,0,상의,상의|하의,generated,,z_image_turbo,,,f4b7v1,test
gen_001370,images/generated/z_image_turbo/gen_001370.png,0,상의,상의|하의,generated,,z_image_turbo,,,f6b5v1,val
gen_001371,images/generated/z_image_turbo/gen_001371.png,0,상의,상의|하의,generated,,z_image_turbo,,,f6b2v2,train
gen_001372,images/generated/z_image_turbo/gen_001372.png,0,상의,상의|하의,generated,,z_image_turbo,,,f4b6v1,test
gen_001373,images/generated/z_image_turbo/gen_001373.png,0,상의,상의|하의,generated,,z_image_turbo,,,f2b6v2,val
gen_001374,images/generated/z_image_turbo/gen_001374.png,0,상의,상의|하의,generated,,z_image_turbo,,,f3b1v3,train
gen_001375,images/generated/z_image_turbo/gen_001375.png,0,상의,상의|하의,generated,,z_image_turbo,,,f3b7v1,test
gen_001376,images/generated/z_image_turbo/gen_001376.png,0,상의,상의|하의,generated,,z_image_turbo,,,f3b7v2,val
gen_001377,images/generated/z_image_turbo/gen_001377.png,0,상의,상의|하의,generated,,z_image_turbo,,,f1b3v1,train
gen_001378,images/generated/z_image_turbo/gen_001378.png,0,상의,상의|하의,generated,,z_image_turbo,,,f3b3v1,test
gen_001379,images/generated/z_image_turbo/gen_001379.png,0,상의,상의|하의,generated,,z_image_turbo,,,f2b6v2,val
gen_001380,images/generated/z_image_turbo/gen_001380.png,0,상의,상의|하의,generated,,z_image_turbo,,,f4b5v1,train
gen_001381,images/generated/z_image_turbo/gen_001381.png,0,상의,상의|하의,generated,,z_image_turbo,,,f2b7v1,test
gen_001382,images/generated/z_image_turbo/gen_001382.png,0,상의,상의|하의,generated,,z_image_turbo,,,f3b1v2,val
gen_001383,images/generated/z_image_turbo/gen_001383.png,0,상의,상의|하의,generated,,z_image_turbo,,,f3b5v1,train
gen_001384,images/generated/z_image_turbo/gen_001384.png,0,상의,상의|하의,generated,,z_image_turbo,,,f4b4v1,test
gen_001385,images/generated/z_image_turbo/gen_001385.png,0,상의,상의|하의,generated,,z_image_turbo,,,f3b4v2,val
gen_001386,images/generated/z_image_turbo/gen_001386.png,0,상의,상의|하의,generated,,z_image_turbo,,,f5b6v2,train
gen_001387,images/generated/z_image_turbo/gen_001387.png,0,상의,상의|하의,generated,,z_image_turbo,,,f5b4v2,test
gen_001388,images/generated/z_image_turbo/gen_001388.png,0,상의,상의|하의,generated,,z_image_turbo,,,f5b4v2,val
gen_001389,images/generated/z_image_turbo/gen_001389.png,0,상의,상의|하의,generated,,z_image_turbo,,,f3b4v2,train
gen_001390,images/generated/z_image_turbo/gen_001390.png,0,상의,상의|하의,generated,,z_image_turbo,,,f4b2v2,test
gen_001391,images/generated/z_image_turbo/gen_001391.png,0,상의,상의|하의,generated,,z_image_turbo,,,f1b3v2,val
gen_001392,images/generated/z_image_turbo/gen_001392.png,0,상의,상의|하의,generated,,z_image_turbo,,,f2b5v1,train
gen_001393,images/generated/z_image_turbo/gen_001393.png,0,상의,상의|하의,generated,,z_image_turbo,,,f4b6v2,test
gen_001394,images/generated/z_image_turbo/gen_001394.png,0,상의,상의|하의,generated,,z_image_turbo,,,f3b3v1,val
gen_001395,images/generated/z_image_turbo/gen_001395.png,0,상의,상의|하의,generated,,z_image_turbo,,,f5b4v1,train
gen_001396,images/generated/z_image_turbo/gen_001396.png,0,상의,상의|하의,generated,,z_image_turbo,,,f3b7v1,test
gen_001397,images/generated/z_image_turbo/gen_001397.png,0,상의,상의|하의,generated,,z_image_turbo,,,f4b2v1,val
gen_001398,images/generated/z_image_turbo/gen_001398.png,0,상의,상의|하의,generated,,z_image_turbo,,,f4b4v1,train
gen_001399,images/generated/z_image_turbo/gen_001399.png,0,상의,상의|하의,generated,,z_image_turbo,,,f1b7v2,test
gen_001400,images/generated/z_image_turbo/gen_001400.png,0,상의,상의|하의,generated,,z_image_turbo,,,f3b1v1,val
gen_001401,images/generated/z_image_turbo/gen_001401.png,0,상의,상의|하의,generated,,z_image_turbo,,,f1b3v1,train
gen_001402,images/generated/z_image_turbo/gen_001402.png,0,상의,상의|하의,generated,,z_image_turbo,,,f3b3v3,test
gen_001403,images/generated/z_image_turbo/gen_001403.png,0,상의,상의|하의,generated,,z_image_turbo,,,f5b6v2,val
gen_001404,images/generated/z_image_turbo/gen_001404.png,0,상의,상의|하의,generated,,z_image_turbo,,,f3b5v3,train
gen_001405,images/generated/z_image_turbo/gen_001405.png,0,상의,상의|하의,generated,,z_image_turbo,,,f4b7v1,test
gen_001406,images/generated/z_image_turbo/gen_001406.png,0,상의,상의|하의,generated,,z_image_turbo,,,f3b5v3,val
gen_001407,images/generated/z_image_turbo/gen_001407.png,0,상의,상의|하의,generated,,z_image_turbo,,,f4b5v2,train
gen_001408,images/generated/z_image_turbo/gen_001408.png,0,상의,상의|하의,generated,,z_image_turbo,,,f6b3v2,test
gen_001409,images/generated/z_image_turbo/gen_001409.png,0,상의,상의|하의,generated,,z_image_turbo,,,f4b5v1,val
gen_001410,images/generated/z_image_turbo/gen_001410.png,0,상의,상의|하의,generated,,z_image_turbo,,,f5b3v2,train
gen_001411,images/generated/z_image_turbo/gen_001411.png,0,상의,상의|하의,generated,,z_image_turbo,,,f2b7v2,test
gen_001412,images/generated/z_image_turbo/gen_001412.png,0,상의,상의|하의,generated,,z_image_turbo,,,f3b6v3,val
gen_001413,images/generated/z_image_turbo/gen_001413.png,0,상의,상의|하의,generated,,z_image_turbo,,,f3b2v2,train
gen_001414,images/generated/z_image_turbo/gen_001414.png,0,상의,상의|하의,generated,,z_image_turbo,,,f4b4v3,test
gen_001415,images/generated/z_image_turbo/gen_001415.png,0,상의,상의|하의,generated,,z_image_turbo,,,f1b1v2,val
gen_001416,images/generated/z_image_turbo/gen_001416.png,0,상의,상의|하의,generated,,z_image_turbo,,,f3b5v3,train
gen_001417,images/generated/z_image_turbo/gen_001417.png,0,상의,상의|하의,generated,,z_image_turbo,,,f2b4v1,test
gen_001418,images/generated/z_image_turbo/gen_001418.png,0,상의,상의|하의,generated,,z_image_turbo,,,f1b6v2,val
gen_001419,images/generated/z_image_turbo/gen_001419.png,0,상의,상의|하의,generated,,z_image_turbo,,,f6b3v3,train
gen_001420,images/generated/z_image_turbo/gen_001420.png,0,상의,상의|하의,generated,,z_image_turbo,,,f3b7v2,test
gen_001421,images/generated/z_image_turbo/gen_001421.png,0,상의,상의|하의,generated,,z_image_turbo,,,f3b7v1,val
gen_001422,images/generated/z_image_turbo/gen_001422.png,0,상의,상의|하의,generated,,z_image_turbo,,,f2b3v1,train
gen_001423,images/generated/z_image_turbo/gen_001423.png,0,상의,상의|하의,generated,,z_image_turbo,,,f6b1v2,test
gen_001424,images/generated/z_image_turbo/gen_001424.png,0,상의,상의|하의,generated,,z_image_turbo,,,f2b4v2,val
gen_001425,images/generated/z_image_turbo/gen_001425.png,0,상의,상의|하의,generated,,z_image_turbo,,,f6b2v1,train
gen_001426,images/generated/z_image_turbo/gen_001426.png,0,상의,상의|하의,generated,,z_image_turbo,,,f3b4v2,test
gen_001427,images/generated/z_image_turbo/gen_001427.png,0,상의,상의|하의,generated,,z_image_turbo,,,f6b5v3,val
gen_001428,images/generated/z_image_turbo/gen_001428.png,0,상의,상의|하의,generated,,z_image_turbo,,,f5b1v3,train
gen_001429,images/generated/z_image_turbo/gen_001429.png,0,상의,상의|하의,generated,,z_image_turbo,,,f4b5v1,test
gen_001430,images/generated/z_image_turbo/gen_001430.png,0,상의,상의|하의,generated,,z_image_turbo,,,f4b7v1,val
gen_001431,images/generated/z_image_turbo/gen_001431.png,0,상의,상의|하의,generated,,z_image_turbo,,,f4b4v3,train
gen_001432,images/generated/z_image_turbo/gen_001432.png,0,상의,상의|하의,generated,,z_image_turbo,,,f4b5v3,test
gen_001433,images/generated/z_image_turbo/gen_001433.png,0,상의,상의|하의,generated,,z_image_turbo,,,f6b3v1,val
gen_001434,images/generated/z_image_turbo/gen_001434.png,0,상의,상의|하의,generated,,z_image_turbo,,,f2b4v1,train
gen_001435,images/generated/z_image_turbo/gen_001435.png,0,상의,상의|하의,generated,,z_image_turbo,,,f2b2v1,test
gen_001436,images/generated/z_image_turbo/gen_001436.png,0,상의,상의|하의,generated,,z_image_turbo,,,f2b4v1,val
gen_001437,images/generated/z_image_turbo/gen_001437.png,0,상의,상의|하의,generated,,z_image_turbo,,,f6b4v1,train
gen_001438,images/generated/z_image_turbo/gen_001438.png,0,상의,상의|하의,generated,,z_image_turbo,,,f3b5v2,test
gen_001439,images/generated/z_image_turbo/gen_001439.png,0,상의,상의|하의,generated,,z_image_turbo,,,f1b5v1,val
gen_001440,images/generated/z_image_turbo/gen_001440.png,0,상의,상의|하의,generated,,z_image_turbo,,,f2b3v1,train
gen_001441,images/generated/z_image_turbo/gen_001441.png,0,상의,상의|하의,generated,,z_image_turbo,,,f6b7v1,test
gen_001442,images/generated/z_image_turbo/gen_001442.png,0,상의,상의|하의,generated,,z_image_turbo,,,f2b3v3,val
gen_001443,images/generated/z_image_turbo/gen_001443.png,0,상의,상의|하의,generated,,z_image_turbo,,,f1b1v2,train
gen_001444,images/generated/z_image_turbo/gen_001444.png,0,상의,상의|하의,generated,,z_image_turbo,,,f1b5v1,test
gen_001445,images/generated/z_image_turbo/gen_001445.png,0,상의,상의|하의,generated,,z_image_turbo,,,f5b2v2,val
gen_001446,images/generated/z_image_turbo/gen_001446.png,0,상의,상의|하의,generated,,z_image_turbo,,,f6b1v3,train
gen_001447,images/generated/z_image_turbo/gen_001447.png,0,상의,상의|하의,generated,,z_image_turbo,,,f5b2v1,test
gen_001448,images/generated/z_image_turbo/gen_001448.png,0,상의,상의|하의,generated,,z_image_turbo,,,f2b5v3,val
gen_001449,images/generated/z_image_turbo/gen_001449.png,0,상의,상의|하의,generated,,z_image_turbo,,,f5b2v1,train
gen_001450,images/generated/z_image_turbo/gen_001450.png,0,상의,상의|하의,generated,,z_image_turbo,,,f3b7v3,test
gen_001451,images/generated/z_image_turbo/gen_001451.png,0,상의,상의|하의,generated,,z_image_turbo,,,f1b4v2,val
gen_001452,images/generated/z_image_turbo/gen_001452.png,0,상의,상의|하의,generated,,z_image_turbo,,,f3b6v2,train
gen_001453,images/generated/z_image_turbo/gen_001453.png,0,상의,상의|하의,generated,,z_image_turbo,,,f5b1v2,test
gen_001454,images/generated/z_image_turbo/gen_001454.png,0,상의,상의|하의,generated,,z_image_turbo,,,f6b1v2,val
gen_001455,images/generated/z_image_turbo/gen_001455.png,0,상의,상의|하의,generated,,z_image_turbo,,,f3b1v2,train
gen_001456,images/generated/z_image_turbo/gen_001456.png,0,상의,상의|하의,generated,,z_image_turbo,,,f4b3v1,test
gen_001457,images/generated/z_image_turbo/gen_001457.png,0,하의,상의|하의,generated,,z_image_turbo,,,f5b7v1,train
gen_001458,images/generated/z_image_turbo/gen_001458.png,0,하의,상의|하의,generated,,z_image_turbo,,,f1b2v2,test
gen_001459,images/generated/z_image_turbo/gen_001459.png,0,하의,상의|하의,generated,,z_image_turbo,,,f5b1v3,val
gen_001460,images/generated/z_image_turbo/gen_001460.png,0,하의,상의|하의,generated,,z_image_turbo,,,f1b6v1,train
gen_001461,images/generated/z_image_turbo/gen_001461.png,0,하의,상의|하의,generated,,z_image_turbo,,,f5b4v1,test
gen_001462,images/generated/z_image_turbo/gen_001462.png,0,하의,상의|하의,generated,,z_image_turbo,,,f5b2v1,val
gen_001463,images/generated/z_image_turbo/gen_001463.png,0,하의,상의|하의,generated,,z_image_turbo,,,f6b3v1,train
gen_001464,images/generated/z_image_turbo/gen_001464.png,0,하의,상의|하의,generated,,z_image_turbo,,,f5b4v1,test
gen_001465,images/generated/z_image_turbo/gen_001465.png,0,하의,상의|하의,generated,,z_image_turbo,,,f1b6v3,val
gen_001466,images/generated/z_image_turbo/gen_001466.png,0,하의,상의|하의,generated,,z_image_turbo,,,f1b2v3,train
gen_001467,images/generated/z_image_turbo/gen_001467.png,0,하의,상의|하의,generated,,z_image_turbo,,,f1b5v1,test
gen_001468,images/generated/z_image_turbo/gen_001468.png,0,하의,상의|하의,generated,,z_image_turbo,,,f2b3v3,val
gen_001469,images/generated/z_image_turbo/gen_001469.png,0,하의,상의|하의,generated,,z_image_turbo,,,f3b3v2,train
gen_001470,images/generated/z_image_turbo/gen_001470.png,0,하의,상의|하의,generated,,z_image_turbo,,,f2b4v1,test
gen_001471,images/generated/z_image_turbo/gen_001471.png,0,하의,상의|하의,generated,,z_image_turbo,,,f4b5v1,val
gen_001472,images/generated/z_image_turbo/gen_001472.png,0,하의,상의|하의,generated,,z_image_turbo,,,f6b7v1,train
gen_001473,images/generated/z_image_turbo/gen_001473.png,0,하의,상의|하의,generated,,z_image_turbo,,,f3b2v3,test
gen_001474,images/generated/z_image_turbo/gen_001474.png,0,하의,상의|하의,generated,,z_image_turbo,,,f4b3v1,val
gen_001475,images/generated/z_image_turbo/gen_001475.png,0,하의,상의|하의,generated,,z_image_turbo,,,f3b7v2,train
gen_001476,images/generated/z_image_turbo/gen_001476.png,0,하의,상의|하의,generated,,z_image_turbo,,,f6b5v1,test
gen_001477,images/generated/z_image_turbo/gen_001477.png,0,하의,상의|하의,generated,,z_image_turbo,,,f3b7v1,val
gen_001478,images/generated/z_image_turbo/gen_001478.png,0,하의,상의|하의,generated,,z_image_turbo,,,f6b3v1,train
gen_001479,images/generated/z_image_turbo/gen_001479.png,0,하의,상의|하의,generated,,z_image_turbo,,,f5b4v1,test
gen_001480,images/generated/z_image_turbo/gen_001480.png,0,하의,상의|하의,generated,,z_image_turbo,,,f6b7v1,val
gen_001481,images/generated/z_image_turbo/gen_001481.png,0,하의,상의|하의,generated,,z_image_turbo,,,f5b6v1,train
gen_001482,images/generated/z_image_turbo/gen_001482.png,0,하의,상의|하의,generated,,z_image_turbo,,,f2b7v1,test
gen_001483,images/generated/z_image_turbo/gen_001483.png,0,하의,상의|하의,generated,,z_image_turbo,,,f1b7v1,val
gen_001484,images/generated/z_image_turbo/gen_001484.png,0,하의,상의|하의,generated,,z_image_turbo,,,f4b5v1,train
gen_001485,images/generated/z_image_turbo/gen_001485.png,0,하의,상의|하의,generated,,z_image_turbo,,,f6b5v3,test
gen_001486,images/generated/z_image_turbo/gen_001486.png,0,하의,상의|하의,generated,,z_image_turbo,,,f4b5v1,val
gen_001487,images/generated/z_image_turbo/gen_001487.png,0,하의,상의|하의,generated,,z_image_turbo,,,f2b2v1,train
gen_001488,images/generated/z_image_turbo/gen_001488.png,0,하의,상의|하의,generated,,z_image_turbo,,,f2b4v1,test
gen_001489,images/generated/z_image_turbo/gen_001489.png,0,하의,상의|하의,generated,,z_image_turbo,,,f1b1v1,val
gen_001490,images/generated/z_image_turbo/gen_001490.png,0,하의,상의|하의,generated,,z_image_turbo,,,f2b6v3,train
gen_001491,images/generated/z_image_turbo/gen_001491.png,0,하의,상의|하의,generated,,z_image_turbo,,,f4b7v1,test
gen_001492,images/generated/z_image_turbo/gen_001492.png,0,하의,상의|하의,generated,,z_image_turbo,,,f5b4v1,val
gen_001493,images/generated/z_image_turbo/gen_001493.png,0,하의,상의|하의,generated,,z_image_turbo,,,f5b4v2,train
gen_001494,images/generated/z_image_turbo/gen_001494.png,0,하의,상의|하의,generated,,z_image_turbo,,,f6b1v1,test
gen_001495,images/generated/z_image_turbo/gen_001495.png,0,하의,상의|하의,generated,,z_image_turbo,,,f6b3v2,val
gen_001496,images/generated/z_image_turbo/gen_001496.png,0,하의,상의|하의,generated,,z_image_turbo,,,f5b2v1,train
gen_001497,images/generated/z_image_turbo/gen_001497.png,0,하의,상의|하의,generated,,z_image_turbo,,,f3b4v2,test
gen_001498,images/generated/z_image_turbo/gen_001498.png,0,하의,상의|하의,generated,,z_image_turbo,,,f1b3v2,val
gen_001499,images/generated/z_image_turbo/gen_001499.png,0,하의,상의|하의,generated,,z_image_turbo,,,f2b3v2,train
gen_001500,images/generated/z_image_turbo/gen_001500.png,0,하의,상의|하의,generated,,z_image_turbo,,,f3b3v1,test
gen_001501,images/generated/z_image_turbo/gen_001501.png,0,하의,상의|하의,generated,,z_image_turbo,,,f6b4v1,val
gen_001502,images/generated/z_image_turbo/gen_001502.png,0,하의,상의|하의,generated,,z_image_turbo,,,f2b5v3,train
gen_001503,images/generated/z_image_turbo/gen_001503.png,0,하의,상의|하의,generated,,z_image_turbo,,,f3b4v1,test
gen_001504,images/generated/z_image_turbo/gen_001504.png,0,하의,상의|하의,generated,,z_image_turbo,,,f1b1v1,val
gen_001505,images/generated/z_image_turbo/gen_001505.png,0,하의,상의|하의,generated,,z_image_turbo,,,f6b1v1,train
gen_001506,images/generated/z_image_turbo/gen_001506.png,0,하의,상의|하의,generated,,z_image_turbo,,,f5b4v1,test
gen_001507,images/generated/z_image_turbo/gen_001507.png,0,하의,상의|하의,generated,,z_image_turbo,,,f6b3v3,val
gen_001508,images/generated/z_image_turbo/gen_001508.png,0,하의,상의|하의,generated,,z_image_turbo,,,f3b7v3,train
gen_001509,images/generated/z_image_turbo/gen_001509.png,0,하의,상의|하의,generated,,z_image_turbo,,,f3b4v1,test
gen_001510,images/generated/z_image_turbo/gen_001510.png,0,하의,상의|하의,generated,,z_image_turbo,,,f2b2v1,val
gen_001511,images/generated/z_image_turbo/gen_001511.png,0,하의,상의|하의,generated,,z_image_turbo,,,f2b2v2,train
gen_001512,images/generated/z_image_turbo/gen_001512.png,0,하의,상의|하의,generated,,z_image_turbo,,,f1b5v1,test
gen_001513,images/generated/z_image_turbo/gen_001513.png,0,하의,상의|하의,generated,,z_image_turbo,,,f3b1v2,val
gen_001514,images/generated/z_image_turbo/gen_001514.png,0,하의,상의|하의,generated,,z_image_turbo,,,f5b4v1,train
gen_001515,images/generated/z_image_turbo/gen_001515.png,0,하의,상의|하의,generated,,z_image_turbo,,,f3b5v1,test
gen_001516,images/generated/z_image_turbo/gen_001516.png,0,하의,상의|하의,generated,,z_image_turbo,,,f6b1v2,val
gen_001517,images/generated/z_image_turbo/gen_001517.png,0,하의,상의|하의,generated,,z_image_turbo,,,f6b7v3,train
gen_001518,images/generated/z_image_turbo/gen_001518.png,0,하의,상의|하의,generated,,z_image_turbo,,,f1b7v1,test
gen_001519,images/generated/z_image_turbo/gen_001519.png,0,하의,상의|하의,generated,,z_image_turbo,,,f3b2v2,val
gen_001520,images/generated/z_image_turbo/gen_001520.png,0,하의,상의|하의,generated,,z_image_turbo,,,f5b5v2,train
gen_001521,images/generated/z_image_turbo/gen_001521.png,0,하의,상의|하의,generated,,z_image_turbo,,,f1b1v2,test
gen_001522,images/generated/z_image_turbo/gen_001522.png,0,하의,상의|하의,generated,,z_image_turbo,,,f4b7v1,val
gen_001523,images/generated/z_image_turbo/gen_001523.png,0,하의,상의|하의,generated,,z_image_turbo,,,f2b7v1,train
gen_001524,images/generated/z_image_turbo/gen_001524.png,0,하의,상의|하의,generated,,z_image_turbo,,,f1b4v1,test
gen_001525,images/generated/z_image_turbo/gen_001525.png,0,하의,상의|하의,generated,,z_image_turbo,,,f5b3v1,val
gen_001526,images/generated/z_image_turbo/gen_001526.png,0,하의,상의|하의,generated,,z_image_turbo,,,f4b2v3,train
gen_001527,images/generated/z_image_turbo/gen_001527.png,0,하의,상의|하의,generated,,z_image_turbo,,,f3b7v1,test
gen_001528,images/generated/z_image_turbo/gen_001528.png,0,하의,상의|하의,generated,,z_image_turbo,,,f1b1v1,val
gen_001529,images/generated/z_image_turbo/gen_001529.png,0,하의,상의|하의,generated,,z_image_turbo,,,f4b3v1,train
gen_001530,images/generated/z_image_turbo/gen_001530.png,0,하의,상의|하의,generated,,z_image_turbo,,,f1b6v1,test
gen_001531,images/generated/z_image_turbo/gen_001531.png,0,하의,상의|하의,generated,,z_image_turbo,,,f3b6v2,val
gen_001532,images/generated/z_image_turbo/gen_001532.png,0,하의,상의|하의,generated,,z_image_turbo,,,f3b4v1,train
gen_001533,images/generated/z_image_turbo/gen_001533.png,0,하의,상의|하의,generated,,z_image_turbo,,,f5b1v1,test
gen_001534,images/generated/z_image_turbo/gen_001534.png,0,하의,상의|하의,generated,,z_image_turbo,,,f2b2v2,val
gen_001535,images/generated/z_image_turbo/gen_001535.png,0,하의,상의|하의,generated,,z_image_turbo,,,f4b4v1,train
gen_001536,images/generated/z_image_turbo/gen_001536.png,0,하의,상의|하의,generated,,z_image_turbo,,,f1b2v1,test
gen_001537,images/generated/z_image_turbo/gen_001537.png,0,하의,상의|하의,generated,,z_image_turbo,,,f1b4v1,val
gen_001538,images/generated/z_image_turbo/gen_001538.png,0,하의,상의|하의,generated,,z_image_turbo,,,f4b1v1,train
gen_001539,images/generated/z_image_turbo/gen_001539.png,0,하의,상의|하의,generated,,z_image_turbo,,,f6b4v1,test
gen_001540,images/generated/z_image_turbo/gen_001540.png,0,하의,상의|하의,generated,,z_image_turbo,,,f6b5v2,val
gen_001541,images/generated/z_image_turbo/gen_001541.png,0,하의,상의|하의,generated,,z_image_turbo,,,f4b2v2,train
gen_001542,images/generated/z_image_turbo/gen_001542.png,0,하의,상의|하의,generated,,z_image_turbo,,,f3b5v1,test
gen_001543,images/generated/z_image_turbo/gen_001543.png,0,하의,상의|하의,generated,,z_image_turbo,,,f5b3v1,val
gen_001544,images/generated/z_image_turbo/gen_001544.png,0,하의,상의|하의,generated,,z_image_turbo,,,f3b6v1,train
gen_001545,images/generated/z_image_turbo/gen_001545.png,0,하의,상의|하의,generated,,z_image_turbo,,,f2b1v1,test
gen_001546,images/generated/z_image_turbo/gen_001546.png,0,하의,상의|하의,generated,,z_image_turbo,,,f6b1v1,val
gen_001547,images/generated/z_image_turbo/gen_001547.png,0,하의,상의|하의,generated,,z_image_turbo,,,f5b5v2,train
gen_001548,images/generated/z_image_turbo/gen_001548.png,0,하의,상의|하의,generated,,z_image_turbo,,,f6b7v1,test
gen_001549,images/generated/z_image_turbo/gen_001549.png,0,하의,상의|하의,generated,,z_image_turbo,,,f6b1v1,val
gen_001550,images/generated/z_image_turbo/gen_001550.png,0,하의,상의|하의,generated,,z_image_turbo,,,f6b2v1,train
gen_001551,images/generated/z_image_turbo/gen_001551.png,0,하의,상의|하의,generated,,z_image_turbo,,,f1b3v1,test
gen_001552,images/generated/z_image_turbo/gen_001552.png,0,하의,상의|하의,generated,,z_image_turbo,,,f1b6v1,val
gen_001553,images/generated/z_image_turbo/gen_001553.png,0,하의,상의|하의,generated,,z_image_turbo,,,f3b1v1,train
gen_001554,images/generated/z_image_turbo/gen_001554.png,0,하의,상의|하의,generated,,z_image_turbo,,,f2b2v3,test
gen_001555,images/generated/z_image_turbo/gen_001555.png,0,하의,상의|하의,generated,,z_image_turbo,,,f6b6v2,val
gen_001556,images/generated/z_image_turbo/gen_001556.png,0,하의,상의|하의,generated,,z_image_turbo,,,f5b3v3,train
gen_001557,images/generated/z_image_turbo/gen_001557.png,0,하의,상의|하의,generated,,z_image_turbo,,,f1b6v1,test
gen_001558,images/generated/z_image_turbo/gen_001558.png,0,하의,상의|하의,generated,,z_image_turbo,,,f2b4v1,val
gen_001559,images/generated/z_image_turbo/gen_001559.png,0,하의,상의|하의,generated,,z_image_turbo,,,f4b3v2,train
gen_001560,images/generated/z_image_turbo/gen_001560.png,0,하의,상의|하의,generated,,z_image_turbo,,,f6b5v2,test
gen_001561,images/generated/z_image_turbo/gen_001561.png,0,하의,상의|하의,generated,,z_image_turbo,,,f4b7v3,val
gen_001562,images/generated/z_image_turbo/gen_001562.png,0,하의,상의|하의,generated,,z_image_turbo,,,f6b7v1,train
gen_001563,images/generated/z_image_turbo/gen_001563.png,0,하의,상의|하의,generated,,z_image_turbo,,,f5b7v1,test
gen_001564,images/generated/z_image_turbo/gen_001564.png,0,하의,상의|하의,generated,,z_image_turbo,,,f2b6v1,val
gen_001565,images/generated/z_image_turbo/gen_001565.png,0,하의,상의|하의,generated,,z_image_turbo,,,f4b5v2,train
gen_001566,images/generated/z_image_turbo/gen_001566.png,0,하의,상의|하의,generated,,z_image_turbo,,,f5b4v2,test
gen_001567,images/generated/z_image_turbo/gen_001567.png,0,하의,상의|하의,generated,,z_image_turbo,,,f1b1v1,val
gen_001568,images/generated/z_image_turbo/gen_001568.png,0,하의,상의|하의,generated,,z_image_turbo,,,f2b6v1,train
gen_001569,images/generated/z_image_turbo/gen_001569.png,0,하의,상의|하의,generated,,z_image_turbo,,,f5b6v3,test
gen_001570,images/generated/z_image_turbo/gen_001570.png,0,하의,상의|하의,generated,,z_image_turbo,,,f5b5v1,val
gen_001571,images/generated/z_image_turbo/gen_001571.png,0,하의,상의|하의,generated,,z_image_turbo,,,f5b5v1,train
gen_001572,images/generated/z_image_turbo/gen_001572.png,0,하의,상의|하의,generated,,z_image_turbo,,,f4b3v1,test
gen_001573,images/generated/z_image_turbo/gen_001573.png,0,하의,상의|하의,generated,,z_image_turbo,,,f6b1v1,val
gen_001574,images/generated/z_image_turbo/gen_001574.png,0,하의,상의|하의,generated,,z_image_turbo,,,f3b3v1,train
gen_001575,images/generated/z_image_turbo/gen_001575.png,0,하의,상의|하의,generated,,z_image_turbo,,,f3b4v3,test
gen_000250,images/generated/sdxl/gen_000250.png,0,원피스,원피스,generated,,sdxl,,,f6b1v1,train
gen_000251,images/generated/sdxl/gen_000251.png,0,원피스,원피스,generated,,sdxl,,,f2b6v1,train
gen_000252,images/generated/sdxl/gen_000252.png,0,원피스,원피스,generated,,sdxl,,,f5b4v1,train
gen_000253,images/generated/sdxl/gen_000253.png,0,원피스,원피스,generated,,sdxl,,,f5b5v1,train
gen_000254,images/generated/sdxl/gen_000254.png,0,원피스,원피스,generated,,sdxl,,,f2b4v1,train
gen_000255,images/generated/sdxl/gen_000255.png,0,원피스,원피스,generated,,sdxl,,,f2b6v1,train
gen_000256,images/generated/sdxl/gen_000256.png,0,원피스,원피스,generated,,sdxl,,,f3b1v1,train
gen_000257,images/generated/sdxl/gen_000257.png,0,원피스,원피스,generated,,sdxl,,,f5b3v2,train
gen_000258,images/generated/sdxl/gen_000258.png,0,원피스,원피스,generated,,sdxl,,,f4b1v1,train
gen_000259,images/generated/sdxl/gen_000259.png,0,원피스,원피스,generated,,sdxl,,,f5b2v2,train
gen_000260,images/generated/sdxl/gen_000260.png,0,원피스,원피스,generated,,sdxl,,,f3b1v3,train
gen_000261,images/generated/sdxl/gen_000261.png,0,원피스,원피스,generated,,sdxl,,,f3b4v2,train
gen_000262,images/generated/sdxl/gen_000262.png,0,원피스,원피스,generated,,sdxl,,,f3b2v2,train
gen_000263,images/generated/sdxl/gen_000263.png,0,원피스,원피스,generated,,sdxl,,,f5b6v1,train
gen_000264,images/generated/sdxl/gen_000264.png,0,원피스,원피스,generated,,sdxl,,,f4b4v1,train
gen_000265,images/generated/sdxl/gen_000265.png,0,원피스,원피스,generated,,sdxl,,,f6b3v2,train
gen_000266,images/generated/sdxl/gen_000266.png,0,원피스,원피스,generated,,sdxl,,,f1b7v1,train
gen_000267,images/generated/sdxl/gen_000267.png,0,원피스,원피스,generated,,sdxl,,,f5b6v1,train
gen_000268,images/generated/sdxl/gen_000268.png,0,원피스,원피스,generated,,sdxl,,,f6b4v1,train
gen_000269,images/generated/sdxl/gen_000269.png,0,원피스,원피스,generated,,sdxl,,,f6b5v1,train
gen_000270,images/generated/sdxl/gen_000270.png,0,원피스,원피스,generated,,sdxl,,,f2b2v1,train
gen_000271,images/generated/sdxl/gen_000271.png,0,원피스,원피스,generated,,sdxl,,,f1b2v2,train
gen_000272,images/generated/sdxl/gen_000272.png,0,원피스,원피스,generated,,sdxl,,,f5b1v1,train
gen_000273,images/generated/sdxl/gen_000273.png,0,원피스,원피스,generated,,sdxl,,,f5b3v3,train
gen_000274,images/generated/sdxl/gen_000274.png,0,원피스,원피스,generated,,sdxl,,,f6b6v1,train
gen_000275,images/generated/sdxl/gen_000275.png,0,원피스,원피스,generated,,sdxl,,,f6b3v1,train
gen_000276,images/generated/sdxl/gen_000276.png,0,원피스,원피스,generated,,sdxl,,,f1b6v3,train
gen_000277,images/generated/sdxl/gen_000277.png,0,원피스,원피스,generated,,sdxl,,,f5b1v3,train
gen_000278,images/generated/sdxl/gen_000278.png,0,원피스,원피스,generated,,sdxl,,,f2b3v2,train
gen_000279,images/generated/sdxl/gen_000279.png,0,원피스,원피스,generated,,sdxl,,,f5b3v1,train
gen_000280,images/generated/sdxl/gen_000280.png,0,원피스,원피스,generated,,sdxl,,,f3b2v1,val
gen_000281,images/generated/sdxl/gen_000281.png,0,아우터,아우터,generated,,sdxl,,,f1b6v1,train
gen_000282,images/generated/sdxl/gen_000282.png,0,아우터,아우터,generated,,sdxl,,,f2b6v1,train
gen_000283,images/generated/sdxl/gen_000283.png,0,아우터,아우터,generated,,sdxl,,,f5b7v2,train
gen_000284,images/generated/sdxl/gen_000284.png,0,아우터,아우터,generated,,sdxl,,,f6b3v1,train
gen_000285,images/generated/sdxl/gen_000285.png,0,아우터,아우터,generated,,sdxl,,,f4b5v1,train
gen_000286,images/generated/sdxl/gen_000286.png,0,아우터,아우터,generated,,sdxl,,,f3b1v1,train
gen_000287,images/generated/sdxl/gen_000287.png,0,아우터,아우터,generated,,sdxl,,,f1b1v2,train
gen_000288,images/generated/sdxl/gen_000288.png,0,아우터,아우터,generated,,sdxl,,,f1b7v1,train
gen_000289,images/generated/sdxl/gen_000289.png,0,아우터,아우터,generated,,sdxl,,,f6b4v1,train
gen_000290,images/generated/sdxl/gen_000290.png,0,아우터,아우터,generated,,sdxl,,,f2b7v1,train
gen_000291,images/generated/sdxl/gen_000291.png,0,아우터,아우터,generated,,sdxl,,,f1b6v1,train
gen_000292,images/generated/sdxl/gen_000292.png,0,아우터,아우터,generated,,sdxl,,,f6b1v2,train
gen_000293,images/generated/sdxl/gen_000293.png,0,아우터,아우터,generated,,sdxl,,,f1b4v2,train
gen_000294,images/generated/sdxl/gen_000294.png,0,아우터,아우터,generated,,sdxl,,,f2b2v1,train
gen_000295,images/generated/sdxl/gen_000295.png,0,아우터,아우터,generated,,sdxl,,,f2b3v1,train
gen_000296,images/generated/sdxl/gen_000296.png,0,아우터,아우터,generated,,sdxl,,,f4b7v3,train
gen_000297,images/generated/sdxl/gen_000297.png,0,아우터,아우터,generated,,sdxl,,,f6b5v2,train
gen_000298,images/generated/sdxl/gen_000298.png,0,아우터,아우터,generated,,sdxl,,,f2b4v1,train
gen_000299,images/generated/sdxl/gen_000299.png,0,아우터,아우터,generated,,sdxl,,,f1b2v1,train
gen_000300,images/generated/sdxl/gen_000300.png,0,아우터,아우터,generated,,sdxl,,,f4b3v1,train
gen_000301,images/generated/sdxl/gen_000301.png,0,아우터,아우터,generated,,sdxl,,,f2b2v1,train
gen_000302,images/generated/sdxl/gen_000302.png,0,아우터,아우터,generated,,sdxl,,,f6b3v1,train
gen_000303,images/generated/sdxl/gen_000303.png,0,아우터,아우터,generated,,sdxl,,,f1b5v1,train
gen_000304,images/generated/sdxl/gen_000304.png,0,아우터,아우터,generated,,sdxl,,,f6b7v1,train
gen_000305,images/generated/sdxl/gen_000305.png,0,아우터,아우터,generated,,sdxl,,,f5b5v1,train
gen_000306,images/generated/sdxl/gen_000306.png,0,아우터,아우터,generated,,sdxl,,,f3b2v2,train
gen_000307,images/generated/sdxl/gen_000307.png,0,아우터,아우터,generated,,sdxl,,,f4b2v2,train
gen_000308,images/generated/sdxl/gen_000308.png,0,아우터,아우터,generated,,sdxl,,,f1b1v1,train
gen_000309,images/generated/sdxl/gen_000309.png,0,아우터,아우터,generated,,sdxl,,,f1b5v1,train
gen_000310,images/generated/sdxl/gen_000310.png,0,아우터,아우터,generated,,sdxl,,,f1b2v1,train
gen_000311,images/generated/sdxl/gen_000311.png,0,아우터,아우터,generated,,sdxl,,,f5b7v2,val
gen_000312,images/generated/sdxl/gen_000312.png,0,상의,상의|하의,generated,,sdxl,,,f6b1v3,train
gen_000313,images/generated/sdxl/gen_000313.png,0,상의,상의|하의,generated,,sdxl,,,f1b6v1,train
gen_000314,images/generated/sdxl/gen_000314.png,0,상의,상의|하의,generated,,sdxl,,,f6b3v1,train
gen_000315,images/generated/sdxl/gen_000315.png,0,상의,상의|하의,generated,,sdxl,,,f5b4v1,train
gen_000316,images/generated/sdxl/gen_000316.png,0,상의,상의|하의,generated,,sdxl,,,f1b6v1,train
gen_000317,images/generated/sdxl/gen_000317.png,0,상의,상의|하의,generated,,sdxl,,,f3b7v1,train
gen_000318,images/generated/sdxl/gen_000318.png,0,상의,상의|하의,generated,,sdxl,,,f6b4v1,train
gen_000319,images/generated/sdxl/gen_000319.png,0,상의,상의|하의,generated,,sdxl,,,f1b1v3,train
gen_000320,images/generated/sdxl/gen_000320.png,0,상의,상의|하의,generated,,sdxl,,,f5b1v2,train
gen_000321,images/generated/sdxl/gen_000321.png,0,상의,상의|하의,generated,,sdxl,,,f4b2v1,train
gen_000322,images/generated/sdxl/gen_000322.png,0,상의,상의|하의,generated,,sdxl,,,f3b2v2,train
gen_000323,images/generated/sdxl/gen_000323.png,0,상의,상의|하의,generated,,sdxl,,,f5b7v1,train
gen_000324,images/generated/sdxl/gen_000324.png,0,상의,상의|하의,generated,,sdxl,,,f2b7v1,train
gen_000325,images/generated/sdxl/gen_000325.png,0,상의,상의|하의,generated,,sdxl,,,f4b1v1,train
gen_000326,images/generated/sdxl/gen_000326.png,0,상의,상의|하의,generated,,sdxl,,,f6b7v2,train
gen_000327,images/generated/sdxl/gen_000327.png,0,상의,상의|하의,generated,,sdxl,,,f6b1v1,train
gen_000328,images/generated/sdxl/gen_000328.png,0,상의,상의|하의,generated,,sdxl,,,f2b2v2,train
gen_000329,images/generated/sdxl/gen_000329.png,0,상의,상의|하의,generated,,sdxl,,,f2b2v1,train
gen_000330,images/generated/sdxl/gen_000330.png,0,상의,상의|하의,generated,,sdxl,,,f3b7v1,train
gen_000331,images/generated/sdxl/gen_000331.png,0,상의,상의|하의,generated,,sdxl,,,f6b5v1,train
gen_000332,images/generated/sdxl/gen_000332.png,0,상의,상의|하의,generated,,sdxl,,,f1b1v3,train
gen_000333,images/generated/sdxl/gen_000333.png,0,상의,상의|하의,generated,,sdxl,,,f1b1v1,train
gen_000334,images/generated/sdxl/gen_000334.png,0,상의,상의|하의,generated,,sdxl,,,f4b5v3,train
gen_000335,images/generated/sdxl/gen_000335.png,0,상의,상의|하의,generated,,sdxl,,,f3b1v2,train
gen_000336,images/generated/sdxl/gen_000336.png,0,상의,상의|하의,generated,,sdxl,,,f3b4v1,train
gen_000337,images/generated/sdxl/gen_000337.png,0,상의,상의|하의,generated,,sdxl,,,f5b3v2,train
gen_000338,images/generated/sdxl/gen_000338.png,0,상의,상의|하의,generated,,sdxl,,,f5b3v2,train
gen_000339,images/generated/sdxl/gen_000339.png,0,상의,상의|하의,generated,,sdxl,,,f5b2v1,train
gen_000340,images/generated/sdxl/gen_000340.png,0,상의,상의|하의,generated,,sdxl,,,f6b6v3,train
gen_000341,images/generated/sdxl/gen_000341.png,0,상의,상의|하의,generated,,sdxl,,,f4b5v2,train
gen_000342,images/generated/sdxl/gen_000342.png,0,상의,상의|하의,generated,,sdxl,,,f4b7v1,val
gen_000343,images/generated/sdxl/gen_000343.png,0,하의,상의|하의,generated,,sdxl,,,f4b4v2,train
gen_000344,images/generated/sdxl/gen_000344.png,0,하의,상의|하의,generated,,sdxl,,,f6b1v1,train
gen_000345,images/generated/sdxl/gen_000345.png,0,하의,상의|하의,generated,,sdxl,,,f1b7v3,train
gen_000346,images/generated/sdxl/gen_000346.png,0,하의,상의|하의,generated,,sdxl,,,f2b7v1,train
gen_000347,images/generated/sdxl/gen_000347.png,0,하의,상의|하의,generated,,sdxl,,,f4b5v2,train
gen_000348,images/generated/sdxl/gen_000348.png,0,하의,상의|하의,generated,,sdxl,,,f6b5v1,train
gen_000349,images/generated/sdxl/gen_000349.png,0,하의,상의|하의,generated,,sdxl,,,f4b2v1,train
gen_000350,images/generated/sdxl/gen_000350.png,0,하의,상의|하의,generated,,sdxl,,,f4b2v1,train
gen_000351,images/generated/sdxl/gen_000351.png,0,하의,상의|하의,generated,,sdxl,,,f1b5v1,train
gen_000352,images/generated/sdxl/gen_000352.png,0,하의,상의|하의,generated,,sdxl,,,f2b7v1,train
gen_000353,images/generated/sdxl/gen_000353.png,0,하의,상의|하의,generated,,sdxl,,,f4b5v2,train
gen_000354,images/generated/sdxl/gen_000354.png,0,하의,상의|하의,generated,,sdxl,,,f5b4v3,train
gen_000355,images/generated/sdxl/gen_000355.png,0,하의,상의|하의,generated,,sdxl,,,f4b3v2,train
gen_000356,images/generated/sdxl/gen_000356.png,0,하의,상의|하의,generated,,sdxl,,,f5b4v2,train
gen_000357,images/generated/sdxl/gen_000357.png,0,하의,상의|하의,generated,,sdxl,,,f6b3v1,train
gen_000358,images/generated/sdxl/gen_000358.png,0,하의,상의|하의,generated,,sdxl,,,f2b2v1,train
gen_000359,images/generated/sdxl/gen_000359.png,0,하의,상의|하의,generated,,sdxl,,,f1b4v1,train
gen_000360,images/generated/sdxl/gen_000360.png,0,하의,상의|하의,generated,,sdxl,,,f1b2v2,train
gen_000361,images/generated/sdxl/gen_000361.png,0,하의,상의|하의,generated,,sdxl,,,f5b4v1,train
gen_000362,images/generated/sdxl/gen_000362.png,0,하의,상의|하의,generated,,sdxl,,,f4b7v3,train
gen_000363,images/generated/sdxl/gen_000363.png,0,하의,상의|하의,generated,,sdxl,,,f4b2v1,train
gen_000364,images/generated/sdxl/gen_000364.png,0,하의,상의|하의,generated,,sdxl,,,f3b6v2,train
gen_000365,images/generated/sdxl/gen_000365.png,0,하의,상의|하의,generated,,sdxl,,,f4b2v3,train
gen_000366,images/generated/sdxl/gen_000366.png,0,하의,상의|하의,generated,,sdxl,,,f5b5v2,train
gen_000367,images/generated/sdxl/gen_000367.png,0,하의,상의|하의,generated,,sdxl,,,f2b7v1,train
gen_000368,images/generated/sdxl/gen_000368.png,0,하의,상의|하의,generated,,sdxl,,,f3b2v1,train
gen_000369,images/generated/sdxl/gen_000369.png,0,하의,상의|하의,generated,,sdxl,,,f3b7v3,train
gen_000370,images/generated/sdxl/gen_000370.png,0,하의,상의|하의,generated,,sdxl,,,f4b1v2,train
gen_000371,images/generated/sdxl/gen_000371.png,0,하의,상의|하의,generated,,sdxl,,,f2b6v1,train
gen_000372,images/generated/sdxl/gen_000372.png,0,하의,상의|하의,generated,,sdxl,,,f1b2v1,train
gen_000373,images/generated/sdxl/gen_000373.png,0,하의,상의|하의,generated,,sdxl,,,f2b2v1,val
gen_001576,images/generated/sdxl/gen_001576.png,0,원피스,원피스,generated,,sdxl,,,f1b3v2,train
gen_001577,images/generated/sdxl/gen_001577.png,0,원피스,원피스,generated,,sdxl,,,f3b6v2,test
gen_001578,images/generated/sdxl/gen_001578.png,0,원피스,원피스,generated,,sdxl,,,f5b1v1,val
gen_001579,images/generated/sdxl/gen_001579.png,0,원피스,원피스,generated,,sdxl,,,f4b2v1,train
gen_001580,images/generated/sdxl/gen_001580.png,0,원피스,원피스,generated,,sdxl,,,f4b2v1,test
gen_001581,images/generated/sdxl/gen_001581.png,0,원피스,원피스,generated,,sdxl,,,f2b7v1,val
gen_001582,images/generated/sdxl/gen_001582.png,0,원피스,원피스,generated,,sdxl,,,f5b2v1,train
gen_001583,images/generated/sdxl/gen_001583.png,0,원피스,원피스,generated,,sdxl,,,f2b1v2,test
gen_001584,images/generated/sdxl/gen_001584.png,0,원피스,원피스,generated,,sdxl,,,f5b5v1,val
gen_001585,images/generated/sdxl/gen_001585.png,0,원피스,원피스,generated,,sdxl,,,f1b7v2,train
gen_001586,images/generated/sdxl/gen_001586.png,0,원피스,원피스,generated,,sdxl,,,f3b5v2,test
gen_001587,images/generated/sdxl/gen_001587.png,0,원피스,원피스,generated,,sdxl,,,f1b7v1,val
gen_001588,images/generated/sdxl/gen_001588.png,0,원피스,원피스,generated,,sdxl,,,f3b6v1,train
gen_001589,images/generated/sdxl/gen_001589.png,0,원피스,원피스,generated,,sdxl,,,f3b4v3,test
gen_001590,images/generated/sdxl/gen_001590.png,0,원피스,원피스,generated,,sdxl,,,f6b4v1,val
gen_001591,images/generated/sdxl/gen_001591.png,0,원피스,원피스,generated,,sdxl,,,f3b2v2,train
gen_001592,images/generated/sdxl/gen_001592.png,0,원피스,원피스,generated,,sdxl,,,f5b7v1,test
gen_001593,images/generated/sdxl/gen_001593.png,0,원피스,원피스,generated,,sdxl,,,f4b5v1,val
gen_001594,images/generated/sdxl/gen_001594.png,0,원피스,원피스,generated,,sdxl,,,f2b6v1,train
gen_001595,images/generated/sdxl/gen_001595.png,0,원피스,원피스,generated,,sdxl,,,f1b6v1,test
gen_001596,images/generated/sdxl/gen_001596.png,0,원피스,원피스,generated,,sdxl,,,f3b7v3,val
gen_001597,images/generated/sdxl/gen_001597.png,0,원피스,원피스,generated,,sdxl,,,f1b6v1,train
gen_001598,images/generated/sdxl/gen_001598.png,0,원피스,원피스,generated,,sdxl,,,f2b6v3,test
gen_001599,images/generated/sdxl/gen_001599.png,0,원피스,원피스,generated,,sdxl,,,f3b4v1,val
gen_001600,images/generated/sdxl/gen_001600.png,0,원피스,원피스,generated,,sdxl,,,f2b6v2,train
gen_001601,images/generated/sdxl/gen_001601.png,0,원피스,원피스,generated,,sdxl,,,f3b2v1,test
gen_001602,images/generated/sdxl/gen_001602.png,0,원피스,원피스,generated,,sdxl,,,f4b2v1,val
gen_001603,images/generated/sdxl/gen_001603.png,0,원피스,원피스,generated,,sdxl,,,f1b1v1,train
gen_001604,images/generated/sdxl/gen_001604.png,0,원피스,원피스,generated,,sdxl,,,f5b3v1,test
gen_001605,images/generated/sdxl/gen_001605.png,0,원피스,원피스,generated,,sdxl,,,f2b2v1,val
gen_001606,images/generated/sdxl/gen_001606.png,0,원피스,원피스,generated,,sdxl,,,f5b5v1,train
gen_001607,images/generated/sdxl/gen_001607.png,0,원피스,원피스,generated,,sdxl,,,f1b2v1,test
gen_001608,images/generated/sdxl/gen_001608.png,0,원피스,원피스,generated,,sdxl,,,f5b2v1,val
gen_001609,images/generated/sdxl/gen_001609.png,0,원피스,원피스,generated,,sdxl,,,f2b2v1,train
gen_001610,images/generated/sdxl/gen_001610.png,0,원피스,원피스,generated,,sdxl,,,f6b7v1,test
gen_001611,images/generated/sdxl/gen_001611.png,0,원피스,원피스,generated,,sdxl,,,f3b2v1,val
gen_001612,images/generated/sdxl/gen_001612.png,0,원피스,원피스,generated,,sdxl,,,f3b5v2,train
gen_001613,images/generated/sdxl/gen_001613.png,0,원피스,원피스,generated,,sdxl,,,f4b3v3,test
gen_001614,images/generated/sdxl/gen_001614.png,0,원피스,원피스,generated,,sdxl,,,f5b5v1,val
gen_001615,images/generated/sdxl/gen_001615.png,0,원피스,원피스,generated,,sdxl,,,f2b5v3,train
gen_001616,images/generated/sdxl/gen_001616.png,0,원피스,원피스,generated,,sdxl,,,f5b6v1,test
gen_001617,images/generated/sdxl/gen_001617.png,0,원피스,원피스,generated,,sdxl,,,f6b2v1,val
gen_001618,images/generated/sdxl/gen_001618.png,0,원피스,원피스,generated,,sdxl,,,f3b2v1,train
gen_001619,images/generated/sdxl/gen_001619.png,0,원피스,원피스,generated,,sdxl,,,f1b3v1,test
gen_001620,images/generated/sdxl/gen_001620.png,0,원피스,원피스,generated,,sdxl,,,f2b1v2,val
gen_001621,images/generated/sdxl/gen_001621.png,0,원피스,원피스,generated,,sdxl,,,f1b7v1,train
gen_001622,images/generated/sdxl/gen_001622.png,0,원피스,원피스,generated,,sdxl,,,f3b7v2,test
gen_001623,images/generated/sdxl/gen_001623.png,0,원피스,원피스,generated,,sdxl,,,f2b3v1,val
gen_001624,images/generated/sdxl/gen_001624.png,0,원피스,원피스,generated,,sdxl,,,f5b6v1,train
gen_001625,images/generated/sdxl/gen_001625.png,0,원피스,원피스,generated,,sdxl,,,f2b2v1,test
gen_001626,images/generated/sdxl/gen_001626.png,0,원피스,원피스,generated,,sdxl,,,f3b4v1,val
gen_001627,images/generated/sdxl/gen_001627.png,0,원피스,원피스,generated,,sdxl,,,f1b7v2,train
gen_001628,images/generated/sdxl/gen_001628.png,0,원피스,원피스,generated,,sdxl,,,f4b3v1,test
gen_001629,images/generated/sdxl/gen_001629.png,0,원피스,원피스,generated,,sdxl,,,f2b5v2,val
gen_001630,images/generated/sdxl/gen_001630.png,0,원피스,원피스,generated,,sdxl,,,f5b4v2,train
gen_001631,images/generated/sdxl/gen_001631.png,0,원피스,원피스,generated,,sdxl,,,f1b6v2,test
gen_001632,images/generated/sdxl/gen_001632.png,0,원피스,원피스,generated,,sdxl,,,f3b1v2,val
gen_001633,images/generated/sdxl/gen_001633.png,0,원피스,원피스,generated,,sdxl,,,f6b6v1,train
gen_001634,images/generated/sdxl/gen_001634.png,0,원피스,원피스,generated,,sdxl,,,f3b1v1,test
gen_001635,images/generated/sdxl/gen_001635.png,0,원피스,원피스,generated,,sdxl,,,f1b5v2,val
gen_001636,images/generated/sdxl/gen_001636.png,0,원피스,원피스,generated,,sdxl,,,f2b3v3,train
gen_001637,images/generated/sdxl/gen_001637.png,0,원피스,원피스,generated,,sdxl,,,f1b6v2,test
gen_001638,images/generated/sdxl/gen_001638.png,0,원피스,원피스,generated,,sdxl,,,f2b5v1,val
gen_001639,images/generated/sdxl/gen_001639.png,0,원피스,원피스,generated,,sdxl,,,f1b1v1,train
gen_001640,images/generated/sdxl/gen_001640.png,0,원피스,원피스,generated,,sdxl,,,f3b3v1,test
gen_001641,images/generated/sdxl/gen_001641.png,0,원피스,원피스,generated,,sdxl,,,f6b6v1,val
gen_001642,images/generated/sdxl/gen_001642.png,0,원피스,원피스,generated,,sdxl,,,f6b6v2,train
gen_001643,images/generated/sdxl/gen_001643.png,0,원피스,원피스,generated,,sdxl,,,f3b5v2,test
gen_001644,images/generated/sdxl/gen_001644.png,0,원피스,원피스,generated,,sdxl,,,f1b5v2,val
gen_001645,images/generated/sdxl/gen_001645.png,0,원피스,원피스,generated,,sdxl,,,f5b2v2,train
gen_001646,images/generated/sdxl/gen_001646.png,0,원피스,원피스,generated,,sdxl,,,f1b4v1,test
gen_001647,images/generated/sdxl/gen_001647.png,0,원피스,원피스,generated,,sdxl,,,f6b6v1,val
gen_001648,images/generated/sdxl/gen_001648.png,0,원피스,원피스,generated,,sdxl,,,f4b7v3,train
gen_001649,images/generated/sdxl/gen_001649.png,0,원피스,원피스,generated,,sdxl,,,f1b4v1,test
gen_001650,images/generated/sdxl/gen_001650.png,0,원피스,원피스,generated,,sdxl,,,f6b1v3,val
gen_001651,images/generated/sdxl/gen_001651.png,0,원피스,원피스,generated,,sdxl,,,f2b6v2,train
gen_001652,images/generated/sdxl/gen_001652.png,0,원피스,원피스,generated,,sdxl,,,f5b1v1,test
gen_001653,images/generated/sdxl/gen_001653.png,0,원피스,원피스,generated,,sdxl,,,f3b3v2,val
gen_001654,images/generated/sdxl/gen_001654.png,0,원피스,원피스,generated,,sdxl,,,f6b6v1,train
gen_001655,images/generated/sdxl/gen_001655.png,0,원피스,원피스,generated,,sdxl,,,f1b4v1,test
gen_001656,images/generated/sdxl/gen_001656.png,0,원피스,원피스,generated,,sdxl,,,f1b3v1,val
gen_001657,images/generated/sdxl/gen_001657.png,0,원피스,원피스,generated,,sdxl,,,f3b7v1,train
gen_001658,images/generated/sdxl/gen_001658.png,0,원피스,원피스,generated,,sdxl,,,f1b7v2,test
gen_001659,images/generated/sdxl/gen_001659.png,0,원피스,원피스,generated,,sdxl,,,f3b3v1,val
gen_001660,images/generated/sdxl/gen_001660.png,0,원피스,원피스,generated,,sdxl,,,f4b3v1,train
gen_001661,images/generated/sdxl/gen_001661.png,0,원피스,원피스,generated,,sdxl,,,f4b4v1,test
gen_001662,images/generated/sdxl/gen_001662.png,0,원피스,원피스,generated,,sdxl,,,f3b4v2,val
gen_001663,images/generated/sdxl/gen_001663.png,0,원피스,원피스,generated,,sdxl,,,f3b3v1,train
gen_001664,images/generated/sdxl/gen_001664.png,0,원피스,원피스,generated,,sdxl,,,f5b4v2,test
gen_001665,images/generated/sdxl/gen_001665.png,0,원피스,원피스,generated,,sdxl,,,f4b7v3,val
gen_001666,images/generated/sdxl/gen_001666.png,0,원피스,원피스,generated,,sdxl,,,f2b3v1,train
gen_001667,images/generated/sdxl/gen_001667.png,0,원피스,원피스,generated,,sdxl,,,f2b5v1,test
gen_001668,images/generated/sdxl/gen_001668.png,0,원피스,원피스,generated,,sdxl,,,f5b1v1,val
gen_001669,images/generated/sdxl/gen_001669.png,0,원피스,원피스,generated,,sdxl,,,f3b5v2,train
gen_001670,images/generated/sdxl/gen_001670.png,0,원피스,원피스,generated,,sdxl,,,f1b3v2,test
gen_001671,images/generated/sdxl/gen_001671.png,0,원피스,원피스,generated,,sdxl,,,f4b6v1,val
gen_001672,images/generated/sdxl/gen_001672.png,0,원피스,원피스,generated,,sdxl,,,f1b6v2,train
gen_001673,images/generated/sdxl/gen_001673.png,0,원피스,원피스,generated,,sdxl,,,f5b4v3,test
gen_001674,images/generated/sdxl/gen_001674.png,0,원피스,원피스,generated,,sdxl,,,f1b4v1,val
gen_001675,images/generated/sdxl/gen_001675.png,0,원피스,원피스,generated,,sdxl,,,f5b7v2,train
gen_001676,images/generated/sdxl/gen_001676.png,0,원피스,원피스,generated,,sdxl,,,f3b5v1,test
gen_001677,images/generated/sdxl/gen_001677.png,0,원피스,원피스,generated,,sdxl,,,f6b4v1,val
gen_001678,images/generated/sdxl/gen_001678.png,0,원피스,원피스,generated,,sdxl,,,f2b4v1,train
gen_001679,images/generated/sdxl/gen_001679.png,0,원피스,원피스,generated,,sdxl,,,f4b2v2,test
gen_001680,images/generated/sdxl/gen_001680.png,0,원피스,원피스,generated,,sdxl,,,f3b7v3,val
gen_001681,images/generated/sdxl/gen_001681.png,0,원피스,원피스,generated,,sdxl,,,f2b2v3,train
gen_001682,images/generated/sdxl/gen_001682.png,0,원피스,원피스,generated,,sdxl,,,f6b6v1,test
gen_001683,images/generated/sdxl/gen_001683.png,0,원피스,원피스,generated,,sdxl,,,f5b2v1,val
gen_001684,images/generated/sdxl/gen_001684.png,0,원피스,원피스,generated,,sdxl,,,f3b2v2,train
gen_001685,images/generated/sdxl/gen_001685.png,0,원피스,원피스,generated,,sdxl,,,f1b3v1,test
gen_001686,images/generated/sdxl/gen_001686.png,0,원피스,원피스,generated,,sdxl,,,f6b3v1,val
gen_001687,images/generated/sdxl/gen_001687.png,0,원피스,원피스,generated,,sdxl,,,f3b2v1,train
gen_001688,images/generated/sdxl/gen_001688.png,0,원피스,원피스,generated,,sdxl,,,f6b5v1,test
gen_001689,images/generated/sdxl/gen_001689.png,0,원피스,원피스,generated,,sdxl,,,f4b4v2,val
gen_001690,images/generated/sdxl/gen_001690.png,0,원피스,원피스,generated,,sdxl,,,f1b6v2,train
gen_001691,images/generated/sdxl/gen_001691.png,0,원피스,원피스,generated,,sdxl,,,f1b5v1,test
gen_001692,images/generated/sdxl/gen_001692.png,0,원피스,원피스,generated,,sdxl,,,f4b1v2,val
gen_001693,images/generated/sdxl/gen_001693.png,0,원피스,원피스,generated,,sdxl,,,f5b4v2,train
gen_001694,images/generated/sdxl/gen_001694.png,0,원피스,원피스,generated,,sdxl,,,f6b3v3,test
gen_001695,images/generated/sdxl/gen_001695.png,0,아우터,아우터,generated,,sdxl,,,f2b7v3,train
gen_001696,images/generated/sdxl/gen_001696.png,0,아우터,아우터,generated,,sdxl,,,f5b1v2,test
gen_001697,images/generated/sdxl/gen_001697.png,0,아우터,아우터,generated,,sdxl,,,f2b1v1,val
gen_001698,images/generated/sdxl/gen_001698.png,0,아우터,아우터,generated,,sdxl,,,f2b6v2,train
gen_001699,images/generated/sdxl/gen_001699.png,0,아우터,아우터,generated,,sdxl,,,f3b6v1,test
gen_001700,images/generated/sdxl/gen_001700.png,0,아우터,아우터,generated,,sdxl,,,f5b3v1,val
gen_001701,images/generated/sdxl/gen_001701.png,0,아우터,아우터,generated,,sdxl,,,f2b4v1,train
gen_001702,images/generated/sdxl/gen_001702.png,0,아우터,아우터,generated,,sdxl,,,f4b1v3,test
gen_001703,images/generated/sdxl/gen_001703.png,0,아우터,아우터,generated,,sdxl,,,f3b2v2,val
gen_001704,images/generated/sdxl/gen_001704.png,0,아우터,아우터,generated,,sdxl,,,f4b6v1,train
gen_001705,images/generated/sdxl/gen_001705.png,0,아우터,아우터,generated,,sdxl,,,f6b5v2,test
gen_001706,images/generated/sdxl/gen_001706.png,0,아우터,아우터,generated,,sdxl,,,f3b3v2,val
gen_001707,images/generated/sdxl/gen_001707.png,0,아우터,아우터,generated,,sdxl,,,f4b5v2,train
gen_001708,images/generated/sdxl/gen_001708.png,0,아우터,아우터,generated,,sdxl,,,f6b1v1,test
gen_001709,images/generated/sdxl/gen_001709.png,0,아우터,아우터,generated,,sdxl,,,f1b6v1,val
gen_001710,images/generated/sdxl/gen_001710.png,0,아우터,아우터,generated,,sdxl,,,f4b4v1,train
gen_001711,images/generated/sdxl/gen_001711.png,0,아우터,아우터,generated,,sdxl,,,f5b2v1,test
gen_001712,images/generated/sdxl/gen_001712.png,0,아우터,아우터,generated,,sdxl,,,f1b1v1,val
gen_001713,images/generated/sdxl/gen_001713.png,0,아우터,아우터,generated,,sdxl,,,f6b4v1,train
gen_001714,images/generated/sdxl/gen_001714.png,0,아우터,아우터,generated,,sdxl,,,f1b3v1,test
gen_001715,images/generated/sdxl/gen_001715.png,0,아우터,아우터,generated,,sdxl,,,f6b1v3,val
gen_001716,images/generated/sdxl/gen_001716.png,0,아우터,아우터,generated,,sdxl,,,f3b5v1,train
gen_001717,images/generated/sdxl/gen_001717.png,0,아우터,아우터,generated,,sdxl,,,f2b1v1,test
gen_001718,images/generated/sdxl/gen_001718.png,0,아우터,아우터,generated,,sdxl,,,f2b5v1,val
gen_001719,images/generated/sdxl/gen_001719.png,0,아우터,아우터,generated,,sdxl,,,f1b4v2,train
gen_001720,images/generated/sdxl/gen_001720.png,0,아우터,아우터,generated,,sdxl,,,f5b2v1,test
gen_001721,images/generated/sdxl/gen_001721.png,0,아우터,아우터,generated,,sdxl,,,f1b7v1,val
gen_001722,images/generated/sdxl/gen_001722.png,0,아우터,아우터,generated,,sdxl,,,f1b6v2,train
gen_001723,images/generated/sdxl/gen_001723.png,0,아우터,아우터,generated,,sdxl,,,f3b2v3,test
gen_001724,images/generated/sdxl/gen_001724.png,0,아우터,아우터,generated,,sdxl,,,f1b5v1,val
gen_001725,images/generated/sdxl/gen_001725.png,0,아우터,아우터,generated,,sdxl,,,f4b2v1,train
gen_001726,images/generated/sdxl/gen_001726.png,0,아우터,아우터,generated,,sdxl,,,f4b7v2,test
gen_001727,images/generated/sdxl/gen_001727.png,0,아우터,아우터,generated,,sdxl,,,f6b7v2,val
gen_001728,images/generated/sdxl/gen_001728.png,0,아우터,아우터,generated,,sdxl,,,f6b2v2,train
gen_001729,images/generated/sdxl/gen_001729.png,0,아우터,아우터,generated,,sdxl,,,f4b1v1,test
gen_001730,images/generated/sdxl/gen_001730.png,0,아우터,아우터,generated,,sdxl,,,f2b6v2,val
gen_001731,images/generated/sdxl/gen_001731.png,0,아우터,아우터,generated,,sdxl,,,f6b2v2,train
gen_001732,images/generated/sdxl/gen_001732.png,0,아우터,아우터,generated,,sdxl,,,f4b1v1,test
gen_001733,images/generated/sdxl/gen_001733.png,0,아우터,아우터,generated,,sdxl,,,f4b3v1,val
gen_001734,images/generated/sdxl/gen_001734.png,0,아우터,아우터,generated,,sdxl,,,f5b3v2,train
gen_001735,images/generated/sdxl/gen_001735.png,0,아우터,아우터,generated,,sdxl,,,f6b4v1,test
gen_001736,images/generated/sdxl/gen_001736.png,0,아우터,아우터,generated,,sdxl,,,f2b2v3,val
gen_001737,images/generated/sdxl/gen_001737.png,0,아우터,아우터,generated,,sdxl,,,f1b5v1,train
gen_001738,images/generated/sdxl/gen_001738.png,0,아우터,아우터,generated,,sdxl,,,f4b4v1,test
gen_001739,images/generated/sdxl/gen_001739.png,0,아우터,아우터,generated,,sdxl,,,f4b4v2,val
gen_001740,images/generated/sdxl/gen_001740.png,0,아우터,아우터,generated,,sdxl,,,f6b6v2,train
gen_001741,images/generated/sdxl/gen_001741.png,0,아우터,아우터,generated,,sdxl,,,f5b7v3,test
gen_001742,images/generated/sdxl/gen_001742.png,0,아우터,아우터,generated,,sdxl,,,f2b3v1,val
gen_001743,images/generated/sdxl/gen_001743.png,0,아우터,아우터,generated,,sdxl,,,f2b1v1,train
gen_001744,images/generated/sdxl/gen_001744.png,0,아우터,아우터,generated,,sdxl,,,f1b6v1,test
gen_001745,images/generated/sdxl/gen_001745.png,0,아우터,아우터,generated,,sdxl,,,f2b4v1,val
gen_001746,images/generated/sdxl/gen_001746.png,0,아우터,아우터,generated,,sdxl,,,f6b6v2,train
gen_001747,images/generated/sdxl/gen_001747.png,0,아우터,아우터,generated,,sdxl,,,f1b1v1,test
gen_001748,images/generated/sdxl/gen_001748.png,0,아우터,아우터,generated,,sdxl,,,f1b7v1,val
gen_001749,images/generated/sdxl/gen_001749.png,0,아우터,아우터,generated,,sdxl,,,f6b7v2,train
gen_001750,images/generated/sdxl/gen_001750.png,0,아우터,아우터,generated,,sdxl,,,f5b2v3,test
gen_001751,images/generated/sdxl/gen_001751.png,0,아우터,아우터,generated,,sdxl,,,f6b3v1,val
gen_001752,images/generated/sdxl/gen_001752.png,0,아우터,아우터,generated,,sdxl,,,f2b1v1,train
gen_001753,images/generated/sdxl/gen_001753.png,0,아우터,아우터,generated,,sdxl,,,f4b2v1,test
gen_001754,images/generated/sdxl/gen_001754.png,0,아우터,아우터,generated,,sdxl,,,f4b7v1,val
gen_001755,images/generated/sdxl/gen_001755.png,0,아우터,아우터,generated,,sdxl,,,f1b1v1,train
gen_001756,images/generated/sdxl/gen_001756.png,0,아우터,아우터,generated,,sdxl,,,f6b2v1,test
gen_001757,images/generated/sdxl/gen_001757.png,0,아우터,아우터,generated,,sdxl,,,f1b4v2,val
gen_001758,images/generated/sdxl/gen_001758.png,0,아우터,아우터,generated,,sdxl,,,f5b6v1,train
gen_001759,images/generated/sdxl/gen_001759.png,0,아우터,아우터,generated,,sdxl,,,f4b4v1,test
gen_001760,images/generated/sdxl/gen_001760.png,0,아우터,아우터,generated,,sdxl,,,f4b5v1,val
gen_001761,images/generated/sdxl/gen_001761.png,0,아우터,아우터,generated,,sdxl,,,f6b4v3,train
gen_001762,images/generated/sdxl/gen_001762.png,0,아우터,아우터,generated,,sdxl,,,f2b7v1,test
gen_001763,images/generated/sdxl/gen_001763.png,0,아우터,아우터,generated,,sdxl,,,f3b3v3,val
gen_001764,images/generated/sdxl/gen_001764.png,0,아우터,아우터,generated,,sdxl,,,f5b5v1,train
gen_001765,images/generated/sdxl/gen_001765.png,0,아우터,아우터,generated,,sdxl,,,f2b7v1,test
gen_001766,images/generated/sdxl/gen_001766.png,0,아우터,아우터,generated,,sdxl,,,f3b3v2,val
gen_001767,images/generated/sdxl/gen_001767.png,0,아우터,아우터,generated,,sdxl,,,f2b5v1,train
gen_001768,images/generated/sdxl/gen_001768.png,0,아우터,아우터,generated,,sdxl,,,f3b4v2,test
gen_001769,images/generated/sdxl/gen_001769.png,0,아우터,아우터,generated,,sdxl,,,f2b1v2,val
gen_001770,images/generated/sdxl/gen_001770.png,0,아우터,아우터,generated,,sdxl,,,f6b5v3,train
gen_001771,images/generated/sdxl/gen_001771.png,0,아우터,아우터,generated,,sdxl,,,f4b2v1,test
gen_001772,images/generated/sdxl/gen_001772.png,0,아우터,아우터,generated,,sdxl,,,f3b3v2,val
gen_001773,images/generated/sdxl/gen_001773.png,0,아우터,아우터,generated,,sdxl,,,f1b4v1,train
gen_001774,images/generated/sdxl/gen_001774.png,0,아우터,아우터,generated,,sdxl,,,f3b1v1,test
gen_001775,images/generated/sdxl/gen_001775.png,0,아우터,아우터,generated,,sdxl,,,f3b4v2,val
gen_001776,images/generated/sdxl/gen_001776.png,0,아우터,아우터,generated,,sdxl,,,f5b3v1,train
gen_001777,images/generated/sdxl/gen_001777.png,0,아우터,아우터,generated,,sdxl,,,f2b3v2,test
gen_001778,images/generated/sdxl/gen_001778.png,0,아우터,아우터,generated,,sdxl,,,f1b4v1,val
gen_001779,images/generated/sdxl/gen_001779.png,0,아우터,아우터,generated,,sdxl,,,f2b4v2,train
gen_001780,images/generated/sdxl/gen_001780.png,0,아우터,아우터,generated,,sdxl,,,f1b7v1,test
gen_001781,images/generated/sdxl/gen_001781.png,0,아우터,아우터,generated,,sdxl,,,f6b6v1,val
gen_001782,images/generated/sdxl/gen_001782.png,0,아우터,아우터,generated,,sdxl,,,f6b6v1,train
gen_001783,images/generated/sdxl/gen_001783.png,0,아우터,아우터,generated,,sdxl,,,f6b1v1,test
gen_001784,images/generated/sdxl/gen_001784.png,0,아우터,아우터,generated,,sdxl,,,f3b7v3,val
gen_001785,images/generated/sdxl/gen_001785.png,0,아우터,아우터,generated,,sdxl,,,f5b4v1,train
gen_001786,images/generated/sdxl/gen_001786.png,0,아우터,아우터,generated,,sdxl,,,f4b5v1,test
gen_001787,images/generated/sdxl/gen_001787.png,0,아우터,아우터,generated,,sdxl,,,f5b6v1,val
gen_001788,images/generated/sdxl/gen_001788.png,0,아우터,아우터,generated,,sdxl,,,f1b3v1,train
gen_001789,images/generated/sdxl/gen_001789.png,0,아우터,아우터,generated,,sdxl,,,f5b4v1,test
gen_001790,images/generated/sdxl/gen_001790.png,0,아우터,아우터,generated,,sdxl,,,f3b6v1,val
gen_001791,images/generated/sdxl/gen_001791.png,0,아우터,아우터,generated,,sdxl,,,f4b3v3,train
gen_001792,images/generated/sdxl/gen_001792.png,0,아우터,아우터,generated,,sdxl,,,f6b4v2,test
gen_001793,images/generated/sdxl/gen_001793.png,0,아우터,아우터,generated,,sdxl,,,f3b3v3,val
gen_001794,images/generated/sdxl/gen_001794.png,0,아우터,아우터,generated,,sdxl,,,f1b1v3,train
gen_001795,images/generated/sdxl/gen_001795.png,0,아우터,아우터,generated,,sdxl,,,f6b6v1,test
gen_001796,images/generated/sdxl/gen_001796.png,0,아우터,아우터,generated,,sdxl,,,f4b1v2,val
gen_001797,images/generated/sdxl/gen_001797.png,0,아우터,아우터,generated,,sdxl,,,f3b2v1,train
gen_001798,images/generated/sdxl/gen_001798.png,0,아우터,아우터,generated,,sdxl,,,f3b3v2,test
gen_001799,images/generated/sdxl/gen_001799.png,0,아우터,아우터,generated,,sdxl,,,f2b6v1,val
gen_001800,images/generated/sdxl/gen_001800.png,0,아우터,아우터,generated,,sdxl,,,f6b3v2,train
gen_001801,images/generated/sdxl/gen_001801.png,0,아우터,아우터,generated,,sdxl,,,f1b6v3,test
gen_001802,images/generated/sdxl/gen_001802.png,0,아우터,아우터,generated,,sdxl,,,f3b7v3,val
gen_001803,images/generated/sdxl/gen_001803.png,0,아우터,아우터,generated,,sdxl,,,f6b2v3,train
gen_001804,images/generated/sdxl/gen_001804.png,0,아우터,아우터,generated,,sdxl,,,f5b3v3,test
gen_001805,images/generated/sdxl/gen_001805.png,0,아우터,아우터,generated,,sdxl,,,f4b5v1,val
gen_001806,images/generated/sdxl/gen_001806.png,0,아우터,아우터,generated,,sdxl,,,f3b3v1,train
gen_001807,images/generated/sdxl/gen_001807.png,0,아우터,아우터,generated,,sdxl,,,f1b7v1,test
gen_001808,images/generated/sdxl/gen_001808.png,0,아우터,아우터,generated,,sdxl,,,f4b4v1,val
gen_001809,images/generated/sdxl/gen_001809.png,0,아우터,아우터,generated,,sdxl,,,f3b4v3,train
gen_001810,images/generated/sdxl/gen_001810.png,0,아우터,아우터,generated,,sdxl,,,f4b7v2,test
gen_001811,images/generated/sdxl/gen_001811.png,0,아우터,아우터,generated,,sdxl,,,f1b3v1,val
gen_001812,images/generated/sdxl/gen_001812.png,0,아우터,아우터,generated,,sdxl,,,f6b3v2,train
gen_001813,images/generated/sdxl/gen_001813.png,0,아우터,아우터,generated,,sdxl,,,f2b3v2,test
gen_001814,images/generated/sdxl/gen_001814.png,0,상의,상의|하의,generated,,sdxl,,,f4b6v2,train
gen_001815,images/generated/sdxl/gen_001815.png,0,상의,상의|하의,generated,,sdxl,,,f4b5v1,test
gen_001816,images/generated/sdxl/gen_001816.png,0,상의,상의|하의,generated,,sdxl,,,f1b2v2,val
gen_001817,images/generated/sdxl/gen_001817.png,0,상의,상의|하의,generated,,sdxl,,,f2b7v1,train
gen_001818,images/generated/sdxl/gen_001818.png,0,상의,상의|하의,generated,,sdxl,,,f3b5v1,test
gen_001819,images/generated/sdxl/gen_001819.png,0,상의,상의|하의,generated,,sdxl,,,f4b5v1,val
gen_001820,images/generated/sdxl/gen_001820.png,0,상의,상의|하의,generated,,sdxl,,,f6b1v2,train
gen_001821,images/generated/sdxl/gen_001821.png,0,상의,상의|하의,generated,,sdxl,,,f6b6v1,test
gen_001822,images/generated/sdxl/gen_001822.png,0,상의,상의|하의,generated,,sdxl,,,f3b1v1,val
gen_001823,images/generated/sdxl/gen_001823.png,0,상의,상의|하의,generated,,sdxl,,,f5b3v1,train
gen_001824,images/generated/sdxl/gen_001824.png,0,상의,상의|하의,generated,,sdxl,,,f5b2v2,test
gen_001825,images/generated/sdxl/gen_001825.png,0,상의,상의|하의,generated,,sdxl,,,f6b3v1,val
gen_001826,images/generated/sdxl/gen_001826.png,0,상의,상의|하의,generated,,sdxl,,,f6b2v1,train
gen_001827,images/generated/sdxl/gen_001827.png,0,상의,상의|하의,generated,,sdxl,,,f1b2v1,test
gen_001828,images/generated/sdxl/gen_001828.png,0,상의,상의|하의,generated,,sdxl,,,f6b4v2,val
gen_001829,images/generated/sdxl/gen_001829.png,0,상의,상의|하의,generated,,sdxl,,,f5b6v1,train
gen_001830,images/generated/sdxl/gen_001830.png,0,상의,상의|하의,generated,,sdxl,,,f2b7v2,test
gen_001831,images/generated/sdxl/gen_001831.png,0,상의,상의|하의,generated,,sdxl,,,f1b4v1,val
gen_001832,images/generated/sdxl/gen_001832.png,0,상의,상의|하의,generated,,sdxl,,,f6b1v1,train
gen_001833,images/generated/sdxl/gen_001833.png,0,상의,상의|하의,generated,,sdxl,,,f5b4v1,test
gen_001834,images/generated/sdxl/gen_001834.png,0,상의,상의|하의,generated,,sdxl,,,f2b1v2,val
gen_001835,images/generated/sdxl/gen_001835.png,0,상의,상의|하의,generated,,sdxl,,,f5b1v1,train
gen_001836,images/generated/sdxl/gen_001836.png,0,상의,상의|하의,generated,,sdxl,,,f6b1v3,test
gen_001837,images/generated/sdxl/gen_001837.png,0,상의,상의|하의,generated,,sdxl,,,f1b1v2,val
gen_001838,images/generated/sdxl/gen_001838.png,0,상의,상의|하의,generated,,sdxl,,,f2b2v3,train
gen_001839,images/generated/sdxl/gen_001839.png,0,상의,상의|하의,generated,,sdxl,,,f2b5v1,test
gen_001840,images/generated/sdxl/gen_001840.png,0,상의,상의|하의,generated,,sdxl,,,f2b1v1,val
gen_001841,images/generated/sdxl/gen_001841.png,0,상의,상의|하의,generated,,sdxl,,,f4b3v1,train
gen_001842,images/generated/sdxl/gen_001842.png,0,상의,상의|하의,generated,,sdxl,,,f5b5v1,test
gen_001843,images/generated/sdxl/gen_001843.png,0,상의,상의|하의,generated,,sdxl,,,f1b5v1,val
gen_001844,images/generated/sdxl/gen_001844.png,0,상의,상의|하의,generated,,sdxl,,,f6b4v1,train
gen_001845,images/generated/sdxl/gen_001845.png,0,상의,상의|하의,generated,,sdxl,,,f4b7v1,test
gen_001846,images/generated/sdxl/gen_001846.png,0,상의,상의|하의,generated,,sdxl,,,f6b5v1,val
gen_001847,images/generated/sdxl/gen_001847.png,0,상의,상의|하의,generated,,sdxl,,,f6b2v2,train
gen_001848,images/generated/sdxl/gen_001848.png,0,상의,상의|하의,generated,,sdxl,,,f4b6v1,test
gen_001849,images/generated/sdxl/gen_001849.png,0,상의,상의|하의,generated,,sdxl,,,f2b6v2,val
gen_001850,images/generated/sdxl/gen_001850.png,0,상의,상의|하의,generated,,sdxl,,,f3b1v3,train
gen_001851,images/generated/sdxl/gen_001851.png,0,상의,상의|하의,generated,,sdxl,,,f3b7v1,test
gen_001852,images/generated/sdxl/gen_001852.png,0,상의,상의|하의,generated,,sdxl,,,f3b7v2,val
gen_001853,images/generated/sdxl/gen_001853.png,0,상의,상의|하의,generated,,sdxl,,,f1b3v1,train
gen_001854,images/generated/sdxl/gen_001854.png,0,상의,상의|하의,generated,,sdxl,,,f3b3v1,test
gen_001855,images/generated/sdxl/gen_001855.png,0,상의,상의|하의,generated,,sdxl,,,f2b6v2,val
gen_001856,images/generated/sdxl/gen_001856.png,0,상의,상의|하의,generated,,sdxl,,,f4b5v1,train
gen_001857,images/generated/sdxl/gen_001857.png,0,상의,상의|하의,generated,,sdxl,,,f2b7v1,test
gen_001858,images/generated/sdxl/gen_001858.png,0,상의,상의|하의,generated,,sdxl,,,f3b1v2,val
gen_001859,images/generated/sdxl/gen_001859.png,0,상의,상의|하의,generated,,sdxl,,,f3b5v1,train
gen_001860,images/generated/sdxl/gen_001860.png,0,상의,상의|하의,generated,,sdxl,,,f4b4v1,test
gen_001861,images/generated/sdxl/gen_001861.png,0,상의,상의|하의,generated,,sdxl,,,f3b4v2,val
gen_001862,images/generated/sdxl/gen_001862.png,0,상의,상의|하의,generated,,sdxl,,,f5b6v2,train
gen_001863,images/generated/sdxl/gen_001863.png,0,상의,상의|하의,generated,,sdxl,,,f5b4v2,test
gen_001864,images/generated/sdxl/gen_001864.png,0,상의,상의|하의,generated,,sdxl,,,f5b4v2,val
gen_001865,images/generated/sdxl/gen_001865.png,0,상의,상의|하의,generated,,sdxl,,,f3b4v2,train
gen_001866,images/generated/sdxl/gen_001866.png,0,상의,상의|하의,generated,,sdxl,,,f4b2v2,test
gen_001867,images/generated/sdxl/gen_001867.png,0,상의,상의|하의,generated,,sdxl,,,f1b3v2,val
gen_001868,images/generated/sdxl/gen_001868.png,0,상의,상의|하의,generated,,sdxl,,,f2b5v1,train
gen_001869,images/generated/sdxl/gen_001869.png,0,상의,상의|하의,generated,,sdxl,,,f4b6v2,test
gen_001870,images/generated/sdxl/gen_001870.png,0,상의,상의|하의,generated,,sdxl,,,f3b3v1,val
gen_001871,images/generated/sdxl/gen_001871.png,0,상의,상의|하의,generated,,sdxl,,,f5b4v1,train
gen_001872,images/generated/sdxl/gen_001872.png,0,상의,상의|하의,generated,,sdxl,,,f3b7v1,test
gen_001873,images/generated/sdxl/gen_001873.png,0,상의,상의|하의,generated,,sdxl,,,f4b2v1,val
gen_001874,images/generated/sdxl/gen_001874.png,0,상의,상의|하의,generated,,sdxl,,,f4b4v1,train
gen_001875,images/generated/sdxl/gen_001875.png,0,상의,상의|하의,generated,,sdxl,,,f1b7v2,test
gen_001876,images/generated/sdxl/gen_001876.png,0,상의,상의|하의,generated,,sdxl,,,f3b1v1,val
gen_001877,images/generated/sdxl/gen_001877.png,0,상의,상의|하의,generated,,sdxl,,,f1b3v1,train
gen_001878,images/generated/sdxl/gen_001878.png,0,상의,상의|하의,generated,,sdxl,,,f3b3v3,test
gen_001879,images/generated/sdxl/gen_001879.png,0,상의,상의|하의,generated,,sdxl,,,f5b6v2,val
gen_001880,images/generated/sdxl/gen_001880.png,0,상의,상의|하의,generated,,sdxl,,,f3b5v3,train
gen_001881,images/generated/sdxl/gen_001881.png,0,상의,상의|하의,generated,,sdxl,,,f4b7v1,test
gen_001882,images/generated/sdxl/gen_001882.png,0,상의,상의|하의,generated,,sdxl,,,f3b5v3,val
gen_001883,images/generated/sdxl/gen_001883.png,0,상의,상의|하의,generated,,sdxl,,,f4b5v2,train
gen_001884,images/generated/sdxl/gen_001884.png,0,상의,상의|하의,generated,,sdxl,,,f6b3v2,test
gen_001885,images/generated/sdxl/gen_001885.png,0,상의,상의|하의,generated,,sdxl,,,f4b5v1,val
gen_001886,images/generated/sdxl/gen_001886.png,0,상의,상의|하의,generated,,sdxl,,,f5b3v2,train
gen_001887,images/generated/sdxl/gen_001887.png,0,상의,상의|하의,generated,,sdxl,,,f2b7v2,test
gen_001888,images/generated/sdxl/gen_001888.png,0,상의,상의|하의,generated,,sdxl,,,f3b6v3,val
gen_001889,images/generated/sdxl/gen_001889.png,0,상의,상의|하의,generated,,sdxl,,,f3b2v2,train
gen_001890,images/generated/sdxl/gen_001890.png,0,상의,상의|하의,generated,,sdxl,,,f4b4v3,test
gen_001891,images/generated/sdxl/gen_001891.png,0,상의,상의|하의,generated,,sdxl,,,f1b1v2,val
gen_001892,images/generated/sdxl/gen_001892.png,0,상의,상의|하의,generated,,sdxl,,,f3b5v3,train
gen_001893,images/generated/sdxl/gen_001893.png,0,상의,상의|하의,generated,,sdxl,,,f2b4v1,test
gen_001894,images/generated/sdxl/gen_001894.png,0,상의,상의|하의,generated,,sdxl,,,f1b6v2,val
gen_001895,images/generated/sdxl/gen_001895.png,0,상의,상의|하의,generated,,sdxl,,,f6b3v3,train
gen_001896,images/generated/sdxl/gen_001896.png,0,상의,상의|하의,generated,,sdxl,,,f3b7v2,test
gen_001897,images/generated/sdxl/gen_001897.png,0,상의,상의|하의,generated,,sdxl,,,f3b7v1,val
gen_001898,images/generated/sdxl/gen_001898.png,0,상의,상의|하의,generated,,sdxl,,,f2b3v1,train
gen_001899,images/generated/sdxl/gen_001899.png,0,상의,상의|하의,generated,,sdxl,,,f6b1v2,test
gen_001900,images/generated/sdxl/gen_001900.png,0,상의,상의|하의,generated,,sdxl,,,f2b4v2,val
gen_001901,images/generated/sdxl/gen_001901.png,0,상의,상의|하의,generated,,sdxl,,,f6b2v1,train
gen_001902,images/generated/sdxl/gen_001902.png,0,상의,상의|하의,generated,,sdxl,,,f3b4v2,test
gen_001903,images/generated/sdxl/gen_001903.png,0,상의,상의|하의,generated,,sdxl,,,f6b5v3,val
gen_001904,images/generated/sdxl/gen_001904.png,0,상의,상의|하의,generated,,sdxl,,,f5b1v3,train
gen_001905,images/generated/sdxl/gen_001905.png,0,상의,상의|하의,generated,,sdxl,,,f4b5v1,test
gen_001906,images/generated/sdxl/gen_001906.png,0,상의,상의|하의,generated,,sdxl,,,f4b7v1,val
gen_001907,images/generated/sdxl/gen_001907.png,0,상의,상의|하의,generated,,sdxl,,,f4b4v3,train
gen_001908,images/generated/sdxl/gen_001908.png,0,상의,상의|하의,generated,,sdxl,,,f4b5v3,test
gen_001909,images/generated/sdxl/gen_001909.png,0,상의,상의|하의,generated,,sdxl,,,f6b3v1,val
gen_001910,images/generated/sdxl/gen_001910.png,0,상의,상의|하의,generated,,sdxl,,,f2b4v1,train
gen_001911,images/generated/sdxl/gen_001911.png,0,상의,상의|하의,generated,,sdxl,,,f2b2v1,test
gen_001912,images/generated/sdxl/gen_001912.png,0,상의,상의|하의,generated,,sdxl,,,f2b4v1,val
gen_001913,images/generated/sdxl/gen_001913.png,0,상의,상의|하의,generated,,sdxl,,,f6b4v1,train
gen_001914,images/generated/sdxl/gen_001914.png,0,상의,상의|하의,generated,,sdxl,,,f3b5v2,test
gen_001915,images/generated/sdxl/gen_001915.png,0,상의,상의|하의,generated,,sdxl,,,f1b5v1,val
gen_001916,images/generated/sdxl/gen_001916.png,0,상의,상의|하의,generated,,sdxl,,,f2b3v1,train
gen_001917,images/generated/sdxl/gen_001917.png,0,상의,상의|하의,generated,,sdxl,,,f6b7v1,test
gen_001918,images/generated/sdxl/gen_001918.png,0,상의,상의|하의,generated,,sdxl,,,f2b3v3,val
gen_001919,images/generated/sdxl/gen_001919.png,0,상의,상의|하의,generated,,sdxl,,,f1b1v2,train
gen_001920,images/generated/sdxl/gen_001920.png,0,상의,상의|하의,generated,,sdxl,,,f1b5v1,test
gen_001921,images/generated/sdxl/gen_001921.png,0,상의,상의|하의,generated,,sdxl,,,f5b2v2,val
gen_001922,images/generated/sdxl/gen_001922.png,0,상의,상의|하의,generated,,sdxl,,,f6b1v3,train
gen_001923,images/generated/sdxl/gen_001923.png,0,상의,상의|하의,generated,,sdxl,,,f5b2v1,test
gen_001924,images/generated/sdxl/gen_001924.png,0,상의,상의|하의,generated,,sdxl,,,f2b5v3,val
gen_001925,images/generated/sdxl/gen_001925.png,0,상의,상의|하의,generated,,sdxl,,,f5b2v1,train
gen_001926,images/generated/sdxl/gen_001926.png,0,상의,상의|하의,generated,,sdxl,,,f3b7v3,test
gen_001927,images/generated/sdxl/gen_001927.png,0,상의,상의|하의,generated,,sdxl,,,f1b4v2,val
gen_001928,images/generated/sdxl/gen_001928.png,0,상의,상의|하의,generated,,sdxl,,,f3b6v2,train
gen_001929,images/generated/sdxl/gen_001929.png,0,상의,상의|하의,generated,,sdxl,,,f5b1v2,test
gen_001930,images/generated/sdxl/gen_001930.png,0,상의,상의|하의,generated,,sdxl,,,f6b1v2,val
gen_001931,images/generated/sdxl/gen_001931.png,0,상의,상의|하의,generated,,sdxl,,,f3b1v2,train
gen_001932,images/generated/sdxl/gen_001932.png,0,상의,상의|하의,generated,,sdxl,,,f4b3v1,test
gen_001933,images/generated/sdxl/gen_001933.png,0,하의,상의|하의,generated,,sdxl,,,f5b7v1,train
gen_001934,images/generated/sdxl/gen_001934.png,0,하의,상의|하의,generated,,sdxl,,,f1b2v2,test
gen_001935,images/generated/sdxl/gen_001935.png,0,하의,상의|하의,generated,,sdxl,,,f5b1v3,val
gen_001936,images/generated/sdxl/gen_001936.png,0,하의,상의|하의,generated,,sdxl,,,f1b6v1,train
gen_001937,images/generated/sdxl/gen_001937.png,0,하의,상의|하의,generated,,sdxl,,,f5b4v1,test
gen_001938,images/generated/sdxl/gen_001938.png,0,하의,상의|하의,generated,,sdxl,,,f5b2v1,val
gen_001939,images/generated/sdxl/gen_001939.png,0,하의,상의|하의,generated,,sdxl,,,f6b3v1,train
gen_001940,images/generated/sdxl/gen_001940.png,0,하의,상의|하의,generated,,sdxl,,,f5b4v1,test
gen_001941,images/generated/sdxl/gen_001941.png,0,하의,상의|하의,generated,,sdxl,,,f1b6v3,val
gen_001942,images/generated/sdxl/gen_001942.png,0,하의,상의|하의,generated,,sdxl,,,f1b2v3,train
gen_001943,images/generated/sdxl/gen_001943.png,0,하의,상의|하의,generated,,sdxl,,,f1b5v1,test
gen_001944,images/generated/sdxl/gen_001944.png,0,하의,상의|하의,generated,,sdxl,,,f2b3v3,val
gen_001945,images/generated/sdxl/gen_001945.png,0,하의,상의|하의,generated,,sdxl,,,f3b3v2,train
gen_001946,images/generated/sdxl/gen_001946.png,0,하의,상의|하의,generated,,sdxl,,,f2b4v1,test
gen_001947,images/generated/sdxl/gen_001947.png,0,하의,상의|하의,generated,,sdxl,,,f4b5v1,val
gen_001948,images/generated/sdxl/gen_001948.png,0,하의,상의|하의,generated,,sdxl,,,f6b7v1,train
gen_001949,images/generated/sdxl/gen_001949.png,0,하의,상의|하의,generated,,sdxl,,,f3b2v3,test
gen_001950,images/generated/sdxl/gen_001950.png,0,하의,상의|하의,generated,,sdxl,,,f4b3v1,val
gen_001951,images/generated/sdxl/gen_001951.png,0,하의,상의|하의,generated,,sdxl,,,f3b7v2,train
gen_001952,images/generated/sdxl/gen_001952.png,0,하의,상의|하의,generated,,sdxl,,,f6b5v1,test
gen_001953,images/generated/sdxl/gen_001953.png,0,하의,상의|하의,generated,,sdxl,,,f3b7v1,val
gen_001954,images/generated/sdxl/gen_001954.png,0,하의,상의|하의,generated,,sdxl,,,f6b3v1,train
gen_001955,images/generated/sdxl/gen_001955.png,0,하의,상의|하의,generated,,sdxl,,,f5b4v1,test
gen_001956,images/generated/sdxl/gen_001956.png,0,하의,상의|하의,generated,,sdxl,,,f6b7v1,val
gen_001957,images/generated/sdxl/gen_001957.png,0,하의,상의|하의,generated,,sdxl,,,f5b6v1,train
gen_001958,images/generated/sdxl/gen_001958.png,0,하의,상의|하의,generated,,sdxl,,,f2b7v1,test
gen_001959,images/generated/sdxl/gen_001959.png,0,하의,상의|하의,generated,,sdxl,,,f1b7v1,val
gen_001960,images/generated/sdxl/gen_001960.png,0,하의,상의|하의,generated,,sdxl,,,f4b5v1,train
gen_001961,images/generated/sdxl/gen_001961.png,0,하의,상의|하의,generated,,sdxl,,,f6b5v3,test
gen_001962,images/generated/sdxl/gen_001962.png,0,하의,상의|하의,generated,,sdxl,,,f4b5v1,val
gen_001963,images/generated/sdxl/gen_001963.png,0,하의,상의|하의,generated,,sdxl,,,f2b2v1,train
gen_001964,images/generated/sdxl/gen_001964.png,0,하의,상의|하의,generated,,sdxl,,,f2b4v1,test
gen_001965,images/generated/sdxl/gen_001965.png,0,하의,상의|하의,generated,,sdxl,,,f1b1v1,val
gen_001966,images/generated/sdxl/gen_001966.png,0,하의,상의|하의,generated,,sdxl,,,f2b6v3,train
gen_001967,images/generated/sdxl/gen_001967.png,0,하의,상의|하의,generated,,sdxl,,,f4b7v1,test
gen_001968,images/generated/sdxl/gen_001968.png,0,하의,상의|하의,generated,,sdxl,,,f5b4v1,val
gen_001969,images/generated/sdxl/gen_001969.png,0,하의,상의|하의,generated,,sdxl,,,f5b4v2,train
gen_001970,images/generated/sdxl/gen_001970.png,0,하의,상의|하의,generated,,sdxl,,,f6b1v1,test
gen_001971,images/generated/sdxl/gen_001971.png,0,하의,상의|하의,generated,,sdxl,,,f6b3v2,val
gen_001972,images/generated/sdxl/gen_001972.png,0,하의,상의|하의,generated,,sdxl,,,f5b2v1,train
gen_001973,images/generated/sdxl/gen_001973.png,0,하의,상의|하의,generated,,sdxl,,,f3b4v2,test
gen_001974,images/generated/sdxl/gen_001974.png,0,하의,상의|하의,generated,,sdxl,,,f1b3v2,val
gen_001975,images/generated/sdxl/gen_001975.png,0,하의,상의|하의,generated,,sdxl,,,f2b3v2,train
gen_001976,images/generated/sdxl/gen_001976.png,0,하의,상의|하의,generated,,sdxl,,,f3b3v1,test
gen_001977,images/generated/sdxl/gen_001977.png,0,하의,상의|하의,generated,,sdxl,,,f6b4v1,val
gen_001978,images/generated/sdxl/gen_001978.png,0,하의,상의|하의,generated,,sdxl,,,f2b5v3,train
gen_001979,images/generated/sdxl/gen_001979.png,0,하의,상의|하의,generated,,sdxl,,,f3b4v1,test
gen_001980,images/generated/sdxl/gen_001980.png,0,하의,상의|하의,generated,,sdxl,,,f1b1v1,val
gen_001981,images/generated/sdxl/gen_001981.png,0,하의,상의|하의,generated,,sdxl,,,f6b1v1,train
gen_001982,images/generated/sdxl/gen_001982.png,0,하의,상의|하의,generated,,sdxl,,,f5b4v1,test
gen_001983,images/generated/sdxl/gen_001983.png,0,하의,상의|하의,generated,,sdxl,,,f6b3v3,val
gen_001984,images/generated/sdxl/gen_001984.png,0,하의,상의|하의,generated,,sdxl,,,f3b7v3,train
gen_001985,images/generated/sdxl/gen_001985.png,0,하의,상의|하의,generated,,sdxl,,,f3b4v1,test
gen_001986,images/generated/sdxl/gen_001986.png,0,하의,상의|하의,generated,,sdxl,,,f2b2v1,val
gen_001987,images/generated/sdxl/gen_001987.png,0,하의,상의|하의,generated,,sdxl,,,f2b2v2,train
gen_001988,images/generated/sdxl/gen_001988.png,0,하의,상의|하의,generated,,sdxl,,,f1b5v1,test
gen_001989,images/generated/sdxl/gen_001989.png,0,하의,상의|하의,generated,,sdxl,,,f3b1v2,val
gen_001990,images/generated/sdxl/gen_001990.png,0,하의,상의|하의,generated,,sdxl,,,f5b4v1,train
gen_001991,images/generated/sdxl/gen_001991.png,0,하의,상의|하의,generated,,sdxl,,,f3b5v1,test
gen_001992,images/generated/sdxl/gen_001992.png,0,하의,상의|하의,generated,,sdxl,,,f6b1v2,val
gen_001993,images/generated/sdxl/gen_001993.png,0,하의,상의|하의,generated,,sdxl,,,f6b7v3,train
gen_001994,images/generated/sdxl/gen_001994.png,0,하의,상의|하의,generated,,sdxl,,,f1b7v1,test
gen_001995,images/generated/sdxl/gen_001995.png,0,하의,상의|하의,generated,,sdxl,,,f3b2v2,val
gen_001996,images/generated/sdxl/gen_001996.png,0,하의,상의|하의,generated,,sdxl,,,f5b5v2,train
gen_001997,images/generated/sdxl/gen_001997.png,0,하의,상의|하의,generated,,sdxl,,,f1b1v2,test
gen_001998,images/generated/sdxl/gen_001998.png,0,하의,상의|하의,generated,,sdxl,,,f4b7v1,val
gen_001999,images/generated/sdxl/gen_001999.png,0,하의,상의|하의,generated,,sdxl,,,f2b7v1,train
gen_002000,images/generated/sdxl/gen_002000.png,0,하의,상의|하의,generated,,sdxl,,,f1b4v1,test
gen_002001,images/generated/sdxl/gen_002001.png,0,하의,상의|하의,generated,,sdxl,,,f5b3v1,val
gen_002002,images/generated/sdxl/gen_002002.png,0,하의,상의|하의,generated,,sdxl,,,f4b2v3,train
gen_002003,images/generated/sdxl/gen_002003.png,0,하의,상의|하의,generated,,sdxl,,,f3b7v1,test
gen_002004,images/generated/sdxl/gen_002004.png,0,하의,상의|하의,generated,,sdxl,,,f1b1v1,val
gen_002005,images/generated/sdxl/gen_002005.png,0,하의,상의|하의,generated,,sdxl,,,f4b3v1,train
gen_002006,images/generated/sdxl/gen_002006.png,0,하의,상의|하의,generated,,sdxl,,,f1b6v1,test
gen_002007,images/generated/sdxl/gen_002007.png,0,하의,상의|하의,generated,,sdxl,,,f3b6v2,val
gen_002008,images/generated/sdxl/gen_002008.png,0,하의,상의|하의,generated,,sdxl,,,f3b4v1,train
gen_002009,images/generated/sdxl/gen_002009.png,0,하의,상의|하의,generated,,sdxl,,,f5b1v1,test
gen_002010,images/generated/sdxl/gen_002010.png,0,하의,상의|하의,generated,,sdxl,,,f2b2v2,val
gen_002011,images/generated/sdxl/gen_002011.png,0,하의,상의|하의,generated,,sdxl,,,f4b4v1,train
gen_002012,images/generated/sdxl/gen_002012.png,0,하의,상의|하의,generated,,sdxl,,,f1b2v1,test
gen_002013,images/generated/sdxl/gen_002013.png,0,하의,상의|하의,generated,,sdxl,,,f1b4v1,val
gen_002014,images/generated/sdxl/gen_002014.png,0,하의,상의|하의,generated,,sdxl,,,f4b1v1,train
gen_002015,images/generated/sdxl/gen_002015.png,0,하의,상의|하의,generated,,sdxl,,,f6b4v1,test
gen_002016,images/generated/sdxl/gen_002016.png,0,하의,상의|하의,generated,,sdxl,,,f6b5v2,val
gen_002017,images/generated/sdxl/gen_002017.png,0,하의,상의|하의,generated,,sdxl,,,f4b2v2,train
gen_002018,images/generated/sdxl/gen_002018.png,0,하의,상의|하의,generated,,sdxl,,,f3b5v1,test
gen_002019,images/generated/sdxl/gen_002019.png,0,하의,상의|하의,generated,,sdxl,,,f5b3v1,val
gen_002020,images/generated/sdxl/gen_002020.png,0,하의,상의|하의,generated,,sdxl,,,f3b6v1,train
gen_002021,images/generated/sdxl/gen_002021.png,0,하의,상의|하의,generated,,sdxl,,,f2b1v1,test
gen_002022,images/generated/sdxl/gen_002022.png,0,하의,상의|하의,generated,,sdxl,,,f6b1v1,val
gen_002023,images/generated/sdxl/gen_002023.png,0,하의,상의|하의,generated,,sdxl,,,f5b5v2,train
gen_002024,images/generated/sdxl/gen_002024.png,0,하의,상의|하의,generated,,sdxl,,,f6b7v1,test
gen_002025,images/generated/sdxl/gen_002025.png,0,하의,상의|하의,generated,,sdxl,,,f6b1v1,val
gen_002026,images/generated/sdxl/gen_002026.png,0,하의,상의|하의,generated,,sdxl,,,f6b2v1,train
gen_002027,images/generated/sdxl/gen_002027.png,0,하의,상의|하의,generated,,sdxl,,,f1b3v1,test
gen_002028,images/generated/sdxl/gen_002028.png,0,하의,상의|하의,generated,,sdxl,,,f1b6v1,val
gen_002029,images/generated/sdxl/gen_002029.png,0,하의,상의|하의,generated,,sdxl,,,f3b1v1,train
gen_002030,images/generated/sdxl/gen_002030.png,0,하의,상의|하의,generated,,sdxl,,,f2b2v3,test
gen_002031,images/generated/sdxl/gen_002031.png,0,하의,상의|하의,generated,,sdxl,,,f6b6v2,val
gen_002032,images/generated/sdxl/gen_002032.png,0,하의,상의|하의,generated,,sdxl,,,f5b3v3,train
gen_002033,images/generated/sdxl/gen_002033.png,0,하의,상의|하의,generated,,sdxl,,,f1b6v1,test
gen_002034,images/generated/sdxl/gen_002034.png,0,하의,상의|하의,generated,,sdxl,,,f2b4v1,val
gen_002035,images/generated/sdxl/gen_002035.png,0,하의,상의|하의,generated,,sdxl,,,f4b3v2,train
gen_002036,images/generated/sdxl/gen_002036.png,0,하의,상의|하의,generated,,sdxl,,,f6b5v2,test
gen_002037,images/generated/sdxl/gen_002037.png,0,하의,상의|하의,generated,,sdxl,,,f4b7v3,val
gen_002038,images/generated/sdxl/gen_002038.png,0,하의,상의|하의,generated,,sdxl,,,f6b7v1,train
gen_002039,images/generated/sdxl/gen_002039.png,0,하의,상의|하의,generated,,sdxl,,,f5b7v1,test
gen_002040,images/generated/sdxl/gen_002040.png,0,하의,상의|하의,generated,,sdxl,,,f2b6v1,val
gen_002041,images/generated/sdxl/gen_002041.png,0,하의,상의|하의,generated,,sdxl,,,f4b5v2,train
gen_002042,images/generated/sdxl/gen_002042.png,0,하의,상의|하의,generated,,sdxl,,,f5b4v2,test
gen_002043,images/generated/sdxl/gen_002043.png,0,하의,상의|하의,generated,,sdxl,,,f1b1v1,val
gen_002044,images/generated/sdxl/gen_002044.png,0,하의,상의|하의,generated,,sdxl,,,f2b6v1,train
gen_002045,images/generated/sdxl/gen_002045.png,0,하의,상의|하의,generated,,sdxl,,,f5b6v3,test
gen_002046,images/generated/sdxl/gen_002046.png,0,하의,상의|하의,generated,,sdxl,,,f5b5v1,val
gen_002047,images/generated/sdxl/gen_002047.png,0,하의,상의|하의,generated,,sdxl,,,f5b5v1,train
gen_002048,images/generated/sdxl/gen_002048.png,0,하의,상의|하의,generated,,sdxl,,,f4b3v1,test
gen_002049,images/generated/sdxl/gen_002049.png,0,하의,상의|하의,generated,,sdxl,,,f6b1v1,val
gen_002050,images/generated/sdxl/gen_002050.png,0,하의,상의|하의,generated,,sdxl,,,f3b3v1,train
gen_002051,images/generated/sdxl/gen_002051.png,0,하의,상의|하의,generated,,sdxl,,,f3b4v3,test
gen_000375,images/generated/playground_25/gen_000375.png,0,원피스,원피스,generated,,playground_25,,,f6b1v1,train
gen_000376,images/generated/playground_25/gen_000376.png,0,원피스,원피스,generated,,playground_25,,,f2b6v1,train
gen_000377,images/generated/playground_25/gen_000377.png,0,원피스,원피스,generated,,playground_25,,,f5b4v1,train
gen_000378,images/generated/playground_25/gen_000378.png,0,원피스,원피스,generated,,playground_25,,,f5b5v1,train
gen_000379,images/generated/playground_25/gen_000379.png,0,원피스,원피스,generated,,playground_25,,,f2b4v1,train
gen_000380,images/generated/playground_25/gen_000380.png,0,원피스,원피스,generated,,playground_25,,,f2b6v1,train
gen_000381,images/generated/playground_25/gen_000381.png,0,원피스,원피스,generated,,playground_25,,,f3b1v1,train
gen_000382,images/generated/playground_25/gen_000382.png,0,원피스,원피스,generated,,playground_25,,,f5b3v2,train
gen_000383,images/generated/playground_25/gen_000383.png,0,원피스,원피스,generated,,playground_25,,,f4b1v1,train
gen_000384,images/generated/playground_25/gen_000384.png,0,원피스,원피스,generated,,playground_25,,,f5b2v2,train
gen_000385,images/generated/playground_25/gen_000385.png,0,원피스,원피스,generated,,playground_25,,,f3b1v3,train
gen_000386,images/generated/playground_25/gen_000386.png,0,원피스,원피스,generated,,playground_25,,,f3b4v2,train
gen_000387,images/generated/playground_25/gen_000387.png,0,원피스,원피스,generated,,playground_25,,,f3b2v2,train
gen_000388,images/generated/playground_25/gen_000388.png,0,원피스,원피스,generated,,playground_25,,,f5b6v1,train
gen_000389,images/generated/playground_25/gen_000389.png,0,원피스,원피스,generated,,playground_25,,,f4b4v1,train
gen_000390,images/generated/playground_25/gen_000390.png,0,원피스,원피스,generated,,playground_25,,,f6b3v2,train
gen_000391,images/generated/playground_25/gen_000391.png,0,원피스,원피스,generated,,playground_25,,,f1b7v1,train
gen_000392,images/generated/playground_25/gen_000392.png,0,원피스,원피스,generated,,playground_25,,,f5b6v1,train
gen_000393,images/generated/playground_25/gen_000393.png,0,원피스,원피스,generated,,playground_25,,,f6b4v1,train
gen_000394,images/generated/playground_25/gen_000394.png,0,원피스,원피스,generated,,playground_25,,,f6b5v1,train
gen_000395,images/generated/playground_25/gen_000395.png,0,원피스,원피스,generated,,playground_25,,,f2b2v1,train
gen_000396,images/generated/playground_25/gen_000396.png,0,원피스,원피스,generated,,playground_25,,,f1b2v2,train
gen_000397,images/generated/playground_25/gen_000397.png,0,원피스,원피스,generated,,playground_25,,,f5b1v1,train
gen_000398,images/generated/playground_25/gen_000398.png,0,원피스,원피스,generated,,playground_25,,,f5b3v3,train
gen_000399,images/generated/playground_25/gen_000399.png,0,원피스,원피스,generated,,playground_25,,,f6b6v1,train
gen_000400,images/generated/playground_25/gen_000400.png,0,원피스,원피스,generated,,playground_25,,,f6b3v1,train
gen_000401,images/generated/playground_25/gen_000401.png,0,원피스,원피스,generated,,playground_25,,,f1b6v3,train
gen_000402,images/generated/playground_25/gen_000402.png,0,원피스,원피스,generated,,playground_25,,,f5b1v3,train
gen_000403,images/generated/playground_25/gen_000403.png,0,원피스,원피스,generated,,playground_25,,,f2b3v2,train
gen_000404,images/generated/playground_25/gen_000404.png,0,원피스,원피스,generated,,playground_25,,,f5b3v1,train
gen_000405,images/generated/playground_25/gen_000405.png,0,원피스,원피스,generated,,playground_25,,,f3b2v1,train
gen_000406,images/generated/playground_25/gen_000406.png,0,아우터,아우터,generated,,playground_25,,,f1b6v1,train
gen_000407,images/generated/playground_25/gen_000407.png,0,아우터,아우터,generated,,playground_25,,,f2b6v1,train
gen_000408,images/generated/playground_25/gen_000408.png,0,아우터,아우터,generated,,playground_25,,,f5b7v2,train
gen_000409,images/generated/playground_25/gen_000409.png,0,아우터,아우터,generated,,playground_25,,,f6b3v1,train
gen_000410,images/generated/playground_25/gen_000410.png,0,아우터,아우터,generated,,playground_25,,,f4b5v1,train
gen_000411,images/generated/playground_25/gen_000411.png,0,아우터,아우터,generated,,playground_25,,,f3b1v1,train
gen_000412,images/generated/playground_25/gen_000412.png,0,아우터,아우터,generated,,playground_25,,,f1b1v2,train
gen_000413,images/generated/playground_25/gen_000413.png,0,아우터,아우터,generated,,playground_25,,,f1b7v1,train
gen_000414,images/generated/playground_25/gen_000414.png,0,아우터,아우터,generated,,playground_25,,,f6b4v1,train
gen_000415,images/generated/playground_25/gen_000415.png,0,아우터,아우터,generated,,playground_25,,,f2b7v1,train
gen_000416,images/generated/playground_25/gen_000416.png,0,아우터,아우터,generated,,playground_25,,,f1b6v1,train
gen_000417,images/generated/playground_25/gen_000417.png,0,아우터,아우터,generated,,playground_25,,,f6b1v2,train
gen_000418,images/generated/playground_25/gen_000418.png,0,아우터,아우터,generated,,playground_25,,,f1b4v2,train
gen_000419,images/generated/playground_25/gen_000419.png,0,아우터,아우터,generated,,playground_25,,,f2b2v1,train
gen_000420,images/generated/playground_25/gen_000420.png,0,아우터,아우터,generated,,playground_25,,,f2b3v1,train
gen_000421,images/generated/playground_25/gen_000421.png,0,아우터,아우터,generated,,playground_25,,,f4b7v3,train
gen_000422,images/generated/playground_25/gen_000422.png,0,아우터,아우터,generated,,playground_25,,,f6b5v2,train
gen_000423,images/generated/playground_25/gen_000423.png,0,아우터,아우터,generated,,playground_25,,,f2b4v1,train
gen_000424,images/generated/playground_25/gen_000424.png,0,아우터,아우터,generated,,playground_25,,,f1b2v1,train
gen_000425,images/generated/playground_25/gen_000425.png,0,아우터,아우터,generated,,playground_25,,,f4b3v1,train
gen_000426,images/generated/playground_25/gen_000426.png,0,아우터,아우터,generated,,playground_25,,,f2b2v1,train
gen_000427,images/generated/playground_25/gen_000427.png,0,아우터,아우터,generated,,playground_25,,,f6b3v1,train
gen_000428,images/generated/playground_25/gen_000428.png,0,아우터,아우터,generated,,playground_25,,,f1b5v1,train
gen_000429,images/generated/playground_25/gen_000429.png,0,아우터,아우터,generated,,playground_25,,,f6b7v1,train
gen_000430,images/generated/playground_25/gen_000430.png,0,아우터,아우터,generated,,playground_25,,,f5b5v1,train
gen_000431,images/generated/playground_25/gen_000431.png,0,아우터,아우터,generated,,playground_25,,,f3b2v2,train
gen_000432,images/generated/playground_25/gen_000432.png,0,아우터,아우터,generated,,playground_25,,,f4b2v2,train
gen_000433,images/generated/playground_25/gen_000433.png,0,아우터,아우터,generated,,playground_25,,,f1b1v1,train
gen_000434,images/generated/playground_25/gen_000434.png,0,아우터,아우터,generated,,playground_25,,,f1b5v1,train
gen_000435,images/generated/playground_25/gen_000435.png,0,아우터,아우터,generated,,playground_25,,,f1b2v1,train
gen_000436,images/generated/playground_25/gen_000436.png,0,아우터,아우터,generated,,playground_25,,,f5b7v2,train
gen_000437,images/generated/playground_25/gen_000437.png,0,상의,상의|하의,generated,,playground_25,,,f6b1v3,train
gen_000438,images/generated/playground_25/gen_000438.png,0,상의,상의|하의,generated,,playground_25,,,f1b6v1,train
gen_000439,images/generated/playground_25/gen_000439.png,0,상의,상의|하의,generated,,playground_25,,,f6b3v1,train
gen_000440,images/generated/playground_25/gen_000440.png,0,상의,상의|하의,generated,,playground_25,,,f5b4v1,train
gen_000441,images/generated/playground_25/gen_000441.png,0,상의,상의|하의,generated,,playground_25,,,f1b6v1,train
gen_000442,images/generated/playground_25/gen_000442.png,0,상의,상의|하의,generated,,playground_25,,,f3b7v1,train
gen_000443,images/generated/playground_25/gen_000443.png,0,상의,상의|하의,generated,,playground_25,,,f6b4v1,train
gen_000444,images/generated/playground_25/gen_000444.png,0,상의,상의|하의,generated,,playground_25,,,f1b1v3,train
gen_000445,images/generated/playground_25/gen_000445.png,0,상의,상의|하의,generated,,playground_25,,,f5b1v2,train
gen_000446,images/generated/playground_25/gen_000446.png,0,상의,상의|하의,generated,,playground_25,,,f4b2v1,train
gen_000447,images/generated/playground_25/gen_000447.png,0,상의,상의|하의,generated,,playground_25,,,f3b2v2,train
gen_000448,images/generated/playground_25/gen_000448.png,0,상의,상의|하의,generated,,playground_25,,,f5b7v1,train
gen_000449,images/generated/playground_25/gen_000449.png,0,상의,상의|하의,generated,,playground_25,,,f2b7v1,train
gen_000450,images/generated/playground_25/gen_000450.png,0,상의,상의|하의,generated,,playground_25,,,f4b1v1,train
gen_000451,images/generated/playground_25/gen_000451.png,0,상의,상의|하의,generated,,playground_25,,,f6b7v2,train
gen_000452,images/generated/playground_25/gen_000452.png,0,상의,상의|하의,generated,,playground_25,,,f6b1v1,train
gen_000453,images/generated/playground_25/gen_000453.png,0,상의,상의|하의,generated,,playground_25,,,f2b2v2,train
gen_000454,images/generated/playground_25/gen_000454.png,0,상의,상의|하의,generated,,playground_25,,,f2b2v1,train
gen_000455,images/generated/playground_25/gen_000455.png,0,상의,상의|하의,generated,,playground_25,,,f3b7v1,train
gen_000456,images/generated/playground_25/gen_000456.png,0,상의,상의|하의,generated,,playground_25,,,f6b5v1,train
gen_000457,images/generated/playground_25/gen_000457.png,0,상의,상의|하의,generated,,playground_25,,,f1b1v3,train
gen_000458,images/generated/playground_25/gen_000458.png,0,상의,상의|하의,generated,,playground_25,,,f1b1v1,train
gen_000459,images/generated/playground_25/gen_000459.png,0,상의,상의|하의,generated,,playground_25,,,f4b5v3,train
gen_000460,images/generated/playground_25/gen_000460.png,0,상의,상의|하의,generated,,playground_25,,,f3b1v2,train
gen_000461,images/generated/playground_25/gen_000461.png,0,상의,상의|하의,generated,,playground_25,,,f3b4v1,train
gen_000462,images/generated/playground_25/gen_000462.png,0,상의,상의|하의,generated,,playground_25,,,f5b3v2,train
gen_000463,images/generated/playground_25/gen_000463.png,0,상의,상의|하의,generated,,playground_25,,,f5b3v2,train
gen_000464,images/generated/playground_25/gen_000464.png,0,상의,상의|하의,generated,,playground_25,,,f5b2v1,train
gen_000465,images/generated/playground_25/gen_000465.png,0,상의,상의|하의,generated,,playground_25,,,f6b6v3,train
gen_000466,images/generated/playground_25/gen_000466.png,0,상의,상의|하의,generated,,playground_25,,,f4b5v2,train
gen_000467,images/generated/playground_25/gen_000467.png,0,상의,상의|하의,generated,,playground_25,,,f4b7v1,train
gen_000468,images/generated/playground_25/gen_000468.png,0,하의,상의|하의,generated,,playground_25,,,f4b4v2,train
gen_000469,images/generated/playground_25/gen_000469.png,0,하의,상의|하의,generated,,playground_25,,,f6b1v1,train
gen_000470,images/generated/playground_25/gen_000470.png,0,하의,상의|하의,generated,,playground_25,,,f1b7v3,train
gen_000471,images/generated/playground_25/gen_000471.png,0,하의,상의|하의,generated,,playground_25,,,f2b7v1,train
gen_000472,images/generated/playground_25/gen_000472.png,0,하의,상의|하의,generated,,playground_25,,,f4b5v2,train
gen_000473,images/generated/playground_25/gen_000473.png,0,하의,상의|하의,generated,,playground_25,,,f6b5v1,train
gen_000474,images/generated/playground_25/gen_000474.png,0,하의,상의|하의,generated,,playground_25,,,f4b2v1,train
gen_000475,images/generated/playground_25/gen_000475.png,0,하의,상의|하의,generated,,playground_25,,,f4b2v1,train
gen_000476,images/generated/playground_25/gen_000476.png,0,하의,상의|하의,generated,,playground_25,,,f1b5v1,train
gen_000477,images/generated/playground_25/gen_000477.png,0,하의,상의|하의,generated,,playground_25,,,f2b7v1,train
gen_000478,images/generated/playground_25/gen_000478.png,0,하의,상의|하의,generated,,playground_25,,,f4b5v2,train
gen_000479,images/generated/playground_25/gen_000479.png,0,하의,상의|하의,generated,,playground_25,,,f5b4v3,train
gen_000480,images/generated/playground_25/gen_000480.png,0,하의,상의|하의,generated,,playground_25,,,f4b3v2,train
gen_000481,images/generated/playground_25/gen_000481.png,0,하의,상의|하의,generated,,playground_25,,,f5b4v2,train
gen_000482,images/generated/playground_25/gen_000482.png,0,하의,상의|하의,generated,,playground_25,,,f6b3v1,train
gen_000483,images/generated/playground_25/gen_000483.png,0,하의,상의|하의,generated,,playground_25,,,f2b2v1,train
gen_000484,images/generated/playground_25/gen_000484.png,0,하의,상의|하의,generated,,playground_25,,,f1b4v1,train
gen_000485,images/generated/playground_25/gen_000485.png,0,하의,상의|하의,generated,,playground_25,,,f1b2v2,train
gen_000486,images/generated/playground_25/gen_000486.png,0,하의,상의|하의,generated,,playground_25,,,f5b4v1,train
gen_000487,images/generated/playground_25/gen_000487.png,0,하의,상의|하의,generated,,playground_25,,,f4b7v3,train
gen_000488,images/generated/playground_25/gen_000488.png,0,하의,상의|하의,generated,,playground_25,,,f4b2v1,train
gen_000489,images/generated/playground_25/gen_000489.png,0,하의,상의|하의,generated,,playground_25,,,f3b6v2,train
gen_000490,images/generated/playground_25/gen_000490.png,0,하의,상의|하의,generated,,playground_25,,,f4b2v3,train
gen_000491,images/generated/playground_25/gen_000491.png,0,하의,상의|하의,generated,,playground_25,,,f5b5v2,train
gen_000492,images/generated/playground_25/gen_000492.png,0,하의,상의|하의,generated,,playground_25,,,f2b7v1,train
gen_000493,images/generated/playground_25/gen_000493.png,0,하의,상의|하의,generated,,playground_25,,,f3b2v1,train
gen_000494,images/generated/playground_25/gen_000494.png,0,하의,상의|하의,generated,,playground_25,,,f3b7v3,train
gen_000495,images/generated/playground_25/gen_000495.png,0,하의,상의|하의,generated,,playground_25,,,f4b1v2,train
gen_000496,images/generated/playground_25/gen_000496.png,0,하의,상의|하의,generated,,playground_25,,,f2b6v1,train
gen_000497,images/generated/playground_25/gen_000497.png,0,하의,상의|하의,generated,,playground_25,,,f1b2v1,train
gen_000498,images/generated/playground_25/gen_000498.png,0,하의,상의|하의,generated,,playground_25,,,f2b2v1,train
gen_002052,images/generated/playground_25/gen_002052.png,0,원피스,원피스,generated,,playground_25,,,f1b3v2,train
gen_002053,images/generated/playground_25/gen_002053.png,0,원피스,원피스,generated,,playground_25,,,f3b6v2,train
gen_002054,images/generated/playground_25/gen_002054.png,0,원피스,원피스,generated,,playground_25,,,f5b1v1,train
gen_002055,images/generated/playground_25/gen_002055.png,0,원피스,원피스,generated,,playground_25,,,f4b2v1,train
gen_002056,images/generated/playground_25/gen_002056.png,0,원피스,원피스,generated,,playground_25,,,f4b2v1,train
gen_002057,images/generated/playground_25/gen_002057.png,0,원피스,원피스,generated,,playground_25,,,f2b7v1,train
gen_002058,images/generated/playground_25/gen_002058.png,0,원피스,원피스,generated,,playground_25,,,f5b2v1,train
gen_002059,images/generated/playground_25/gen_002059.png,0,원피스,원피스,generated,,playground_25,,,f2b1v2,train
gen_002060,images/generated/playground_25/gen_002060.png,0,원피스,원피스,generated,,playground_25,,,f5b5v1,train
gen_002061,images/generated/playground_25/gen_002061.png,0,원피스,원피스,generated,,playground_25,,,f1b7v2,train
gen_002062,images/generated/playground_25/gen_002062.png,0,원피스,원피스,generated,,playground_25,,,f3b5v2,train
gen_002063,images/generated/playground_25/gen_002063.png,0,원피스,원피스,generated,,playground_25,,,f1b7v1,train
gen_002064,images/generated/playground_25/gen_002064.png,0,원피스,원피스,generated,,playground_25,,,f3b6v1,train
gen_002065,images/generated/playground_25/gen_002065.png,0,원피스,원피스,generated,,playground_25,,,f3b4v3,train
gen_002066,images/generated/playground_25/gen_002066.png,0,원피스,원피스,generated,,playground_25,,,f6b4v1,train
gen_002067,images/generated/playground_25/gen_002067.png,0,원피스,원피스,generated,,playground_25,,,f3b2v2,train
gen_002068,images/generated/playground_25/gen_002068.png,0,원피스,원피스,generated,,playground_25,,,f5b7v1,train
gen_002069,images/generated/playground_25/gen_002069.png,0,원피스,원피스,generated,,playground_25,,,f4b5v1,train
gen_002070,images/generated/playground_25/gen_002070.png,0,원피스,원피스,generated,,playground_25,,,f2b6v1,train
gen_002071,images/generated/playground_25/gen_002071.png,0,원피스,원피스,generated,,playground_25,,,f1b6v1,train
gen_002072,images/generated/playground_25/gen_002072.png,0,원피스,원피스,generated,,playground_25,,,f3b7v3,train
gen_002073,images/generated/playground_25/gen_002073.png,0,원피스,원피스,generated,,playground_25,,,f1b6v1,train
gen_002074,images/generated/playground_25/gen_002074.png,0,원피스,원피스,generated,,playground_25,,,f2b6v3,train
gen_002075,images/generated/playground_25/gen_002075.png,0,원피스,원피스,generated,,playground_25,,,f3b4v1,train
gen_002076,images/generated/playground_25/gen_002076.png,0,원피스,원피스,generated,,playground_25,,,f2b6v2,train
gen_002077,images/generated/playground_25/gen_002077.png,0,원피스,원피스,generated,,playground_25,,,f3b2v1,train
gen_002078,images/generated/playground_25/gen_002078.png,0,원피스,원피스,generated,,playground_25,,,f4b2v1,train
gen_002079,images/generated/playground_25/gen_002079.png,0,원피스,원피스,generated,,playground_25,,,f1b1v1,train
gen_002080,images/generated/playground_25/gen_002080.png,0,원피스,원피스,generated,,playground_25,,,f5b3v1,train
gen_002081,images/generated/playground_25/gen_002081.png,0,원피스,원피스,generated,,playground_25,,,f2b2v1,train
gen_002082,images/generated/playground_25/gen_002082.png,0,원피스,원피스,generated,,playground_25,,,f5b5v1,train
gen_002083,images/generated/playground_25/gen_002083.png,0,원피스,원피스,generated,,playground_25,,,f1b2v1,train
gen_002084,images/generated/playground_25/gen_002084.png,0,원피스,원피스,generated,,playground_25,,,f5b2v1,train
gen_002085,images/generated/playground_25/gen_002085.png,0,원피스,원피스,generated,,playground_25,,,f2b2v1,train
gen_002086,images/generated/playground_25/gen_002086.png,0,원피스,원피스,generated,,playground_25,,,f6b7v1,train
gen_002087,images/generated/playground_25/gen_002087.png,0,원피스,원피스,generated,,playground_25,,,f3b2v1,train
gen_002088,images/generated/playground_25/gen_002088.png,0,원피스,원피스,generated,,playground_25,,,f3b5v2,train
gen_002089,images/generated/playground_25/gen_002089.png,0,원피스,원피스,generated,,playground_25,,,f4b3v3,train
gen_002090,images/generated/playground_25/gen_002090.png,0,원피스,원피스,generated,,playground_25,,,f5b5v1,train
gen_002091,images/generated/playground_25/gen_002091.png,0,원피스,원피스,generated,,playground_25,,,f2b5v3,train
gen_002092,images/generated/playground_25/gen_002092.png,0,원피스,원피스,generated,,playground_25,,,f5b6v1,train
gen_002093,images/generated/playground_25/gen_002093.png,0,원피스,원피스,generated,,playground_25,,,f6b2v1,train
gen_002094,images/generated/playground_25/gen_002094.png,0,원피스,원피스,generated,,playground_25,,,f3b2v1,train
gen_002095,images/generated/playground_25/gen_002095.png,0,원피스,원피스,generated,,playground_25,,,f1b3v1,train
gen_002096,images/generated/playground_25/gen_002096.png,0,원피스,원피스,generated,,playground_25,,,f2b1v2,train
gen_002097,images/generated/playground_25/gen_002097.png,0,원피스,원피스,generated,,playground_25,,,f1b7v1,train
gen_002098,images/generated/playground_25/gen_002098.png,0,원피스,원피스,generated,,playground_25,,,f3b7v2,train
gen_002099,images/generated/playground_25/gen_002099.png,0,원피스,원피스,generated,,playground_25,,,f2b3v1,train
gen_002100,images/generated/playground_25/gen_002100.png,0,원피스,원피스,generated,,playground_25,,,f5b6v1,train
gen_002101,images/generated/playground_25/gen_002101.png,0,원피스,원피스,generated,,playground_25,,,f2b2v1,train
gen_002102,images/generated/playground_25/gen_002102.png,0,원피스,원피스,generated,,playground_25,,,f3b4v1,train
gen_002103,images/generated/playground_25/gen_002103.png,0,원피스,원피스,generated,,playground_25,,,f1b7v2,train
gen_002104,images/generated/playground_25/gen_002104.png,0,원피스,원피스,generated,,playground_25,,,f4b3v1,train
gen_002105,images/generated/playground_25/gen_002105.png,0,원피스,원피스,generated,,playground_25,,,f2b5v2,train
gen_002106,images/generated/playground_25/gen_002106.png,0,원피스,원피스,generated,,playground_25,,,f5b4v2,train
gen_002107,images/generated/playground_25/gen_002107.png,0,원피스,원피스,generated,,playground_25,,,f1b6v2,train
gen_002108,images/generated/playground_25/gen_002108.png,0,원피스,원피스,generated,,playground_25,,,f3b1v2,train
gen_002109,images/generated/playground_25/gen_002109.png,0,원피스,원피스,generated,,playground_25,,,f6b6v1,train
gen_002110,images/generated/playground_25/gen_002110.png,0,원피스,원피스,generated,,playground_25,,,f3b1v1,train
gen_002111,images/generated/playground_25/gen_002111.png,0,원피스,원피스,generated,,playground_25,,,f1b5v2,train
gen_002112,images/generated/playground_25/gen_002112.png,0,원피스,원피스,generated,,playground_25,,,f2b3v3,train
gen_002113,images/generated/playground_25/gen_002113.png,0,원피스,원피스,generated,,playground_25,,,f1b6v2,train
gen_002114,images/generated/playground_25/gen_002114.png,0,원피스,원피스,generated,,playground_25,,,f2b5v1,train
gen_002115,images/generated/playground_25/gen_002115.png,0,원피스,원피스,generated,,playground_25,,,f1b1v1,train
gen_002116,images/generated/playground_25/gen_002116.png,0,원피스,원피스,generated,,playground_25,,,f3b3v1,train
gen_002117,images/generated/playground_25/gen_002117.png,0,원피스,원피스,generated,,playground_25,,,f6b6v1,train
gen_002118,images/generated/playground_25/gen_002118.png,0,원피스,원피스,generated,,playground_25,,,f6b6v2,train
gen_002119,images/generated/playground_25/gen_002119.png,0,원피스,원피스,generated,,playground_25,,,f3b5v2,train
gen_002120,images/generated/playground_25/gen_002120.png,0,원피스,원피스,generated,,playground_25,,,f1b5v2,train
gen_002121,images/generated/playground_25/gen_002121.png,0,원피스,원피스,generated,,playground_25,,,f5b2v2,train
gen_002122,images/generated/playground_25/gen_002122.png,0,원피스,원피스,generated,,playground_25,,,f1b4v1,train
gen_002123,images/generated/playground_25/gen_002123.png,0,원피스,원피스,generated,,playground_25,,,f6b6v1,train
gen_002124,images/generated/playground_25/gen_002124.png,0,원피스,원피스,generated,,playground_25,,,f4b7v3,train
gen_002125,images/generated/playground_25/gen_002125.png,0,원피스,원피스,generated,,playground_25,,,f1b4v1,train
gen_002126,images/generated/playground_25/gen_002126.png,0,원피스,원피스,generated,,playground_25,,,f6b1v3,train
gen_002127,images/generated/playground_25/gen_002127.png,0,원피스,원피스,generated,,playground_25,,,f2b6v2,train
gen_002128,images/generated/playground_25/gen_002128.png,0,원피스,원피스,generated,,playground_25,,,f5b1v1,train
gen_002129,images/generated/playground_25/gen_002129.png,0,원피스,원피스,generated,,playground_25,,,f3b3v2,train
gen_002130,images/generated/playground_25/gen_002130.png,0,원피스,원피스,generated,,playground_25,,,f6b6v1,train
gen_002131,images/generated/playground_25/gen_002131.png,0,원피스,원피스,generated,,playground_25,,,f1b4v1,train
gen_002132,images/generated/playground_25/gen_002132.png,0,원피스,원피스,generated,,playground_25,,,f1b3v1,train
gen_002133,images/generated/playground_25/gen_002133.png,0,원피스,원피스,generated,,playground_25,,,f3b7v1,train
gen_002134,images/generated/playground_25/gen_002134.png,0,원피스,원피스,generated,,playground_25,,,f1b7v2,train
gen_002135,images/generated/playground_25/gen_002135.png,0,원피스,원피스,generated,,playground_25,,,f3b3v1,train
gen_002136,images/generated/playground_25/gen_002136.png,0,원피스,원피스,generated,,playground_25,,,f4b3v1,train
gen_002137,images/generated/playground_25/gen_002137.png,0,원피스,원피스,generated,,playground_25,,,f4b4v1,train
gen_002138,images/generated/playground_25/gen_002138.png,0,원피스,원피스,generated,,playground_25,,,f3b4v2,train
gen_002139,images/generated/playground_25/gen_002139.png,0,원피스,원피스,generated,,playground_25,,,f3b3v1,train
gen_002140,images/generated/playground_25/gen_002140.png,0,원피스,원피스,generated,,playground_25,,,f5b4v2,train
gen_002141,images/generated/playground_25/gen_002141.png,0,원피스,원피스,generated,,playground_25,,,f4b7v3,train
gen_002142,images/generated/playground_25/gen_002142.png,0,원피스,원피스,generated,,playground_25,,,f2b3v1,train
gen_002143,images/generated/playground_25/gen_002143.png,0,원피스,원피스,generated,,playground_25,,,f2b5v1,train
gen_002144,images/generated/playground_25/gen_002144.png,0,원피스,원피스,generated,,playground_25,,,f5b1v1,train
gen_002145,images/generated/playground_25/gen_002145.png,0,원피스,원피스,generated,,playground_25,,,f3b5v2,train
gen_002146,images/generated/playground_25/gen_002146.png,0,원피스,원피스,generated,,playground_25,,,f1b3v2,train
gen_002147,images/generated/playground_25/gen_002147.png,0,원피스,원피스,generated,,playground_25,,,f4b6v1,train
gen_002148,images/generated/playground_25/gen_002148.png,0,원피스,원피스,generated,,playground_25,,,f1b6v2,train
gen_002149,images/generated/playground_25/gen_002149.png,0,원피스,원피스,generated,,playground_25,,,f5b4v3,train
gen_002150,images/generated/playground_25/gen_002150.png,0,원피스,원피스,generated,,playground_25,,,f1b4v1,train
gen_002151,images/generated/playground_25/gen_002151.png,0,원피스,원피스,generated,,playground_25,,,f5b7v2,train
gen_002152,images/generated/playground_25/gen_002152.png,0,원피스,원피스,generated,,playground_25,,,f3b5v1,train
gen_002153,images/generated/playground_25/gen_002153.png,0,원피스,원피스,generated,,playground_25,,,f6b4v1,train
gen_002154,images/generated/playground_25/gen_002154.png,0,원피스,원피스,generated,,playground_25,,,f2b4v1,train
gen_002155,images/generated/playground_25/gen_002155.png,0,원피스,원피스,generated,,playground_25,,,f4b2v2,train
gen_002156,images/generated/playground_25/gen_002156.png,0,원피스,원피스,generated,,playground_25,,,f3b7v3,train
gen_002157,images/generated/playground_25/gen_002157.png,0,원피스,원피스,generated,,playground_25,,,f2b2v3,train
gen_002158,images/generated/playground_25/gen_002158.png,0,원피스,원피스,generated,,playground_25,,,f6b6v1,train
gen_002159,images/generated/playground_25/gen_002159.png,0,원피스,원피스,generated,,playground_25,,,f5b2v1,train
gen_002160,images/generated/playground_25/gen_002160.png,0,원피스,원피스,generated,,playground_25,,,f3b2v2,train
gen_002161,images/generated/playground_25/gen_002161.png,0,원피스,원피스,generated,,playground_25,,,f1b3v1,train
gen_002162,images/generated/playground_25/gen_002162.png,0,원피스,원피스,generated,,playground_25,,,f6b3v1,train
gen_002163,images/generated/playground_25/gen_002163.png,0,원피스,원피스,generated,,playground_25,,,f3b2v1,train
gen_002164,images/generated/playground_25/gen_002164.png,0,원피스,원피스,generated,,playground_25,,,f6b5v1,train
gen_002165,images/generated/playground_25/gen_002165.png,0,원피스,원피스,generated,,playground_25,,,f4b4v2,train
gen_002166,images/generated/playground_25/gen_002166.png,0,원피스,원피스,generated,,playground_25,,,f1b6v2,train
gen_002167,images/generated/playground_25/gen_002167.png,0,원피스,원피스,generated,,playground_25,,,f1b5v1,train
gen_002168,images/generated/playground_25/gen_002168.png,0,원피스,원피스,generated,,playground_25,,,f4b1v2,train
gen_002169,images/generated/playground_25/gen_002169.png,0,원피스,원피스,generated,,playground_25,,,f5b4v2,train
gen_002170,images/generated/playground_25/gen_002170.png,0,원피스,원피스,generated,,playground_25,,,f6b3v3,train
gen_002171,images/generated/playground_25/gen_002171.png,0,아우터,아우터,generated,,playground_25,,,f2b7v3,train
gen_002172,images/generated/playground_25/gen_002172.png,0,아우터,아우터,generated,,playground_25,,,f5b1v2,train
gen_002173,images/generated/playground_25/gen_002173.png,0,아우터,아우터,generated,,playground_25,,,f2b1v1,train
gen_002174,images/generated/playground_25/gen_002174.png,0,아우터,아우터,generated,,playground_25,,,f2b6v2,train
gen_002175,images/generated/playground_25/gen_002175.png,0,아우터,아우터,generated,,playground_25,,,f3b6v1,train
gen_002176,images/generated/playground_25/gen_002176.png,0,아우터,아우터,generated,,playground_25,,,f5b3v1,train
gen_002177,images/generated/playground_25/gen_002177.png,0,아우터,아우터,generated,,playground_25,,,f2b4v1,train
gen_002178,images/generated/playground_25/gen_002178.png,0,아우터,아우터,generated,,playground_25,,,f4b1v3,train
gen_002179,images/generated/playground_25/gen_002179.png,0,아우터,아우터,generated,,playground_25,,,f3b2v2,train
gen_002180,images/generated/playground_25/gen_002180.png,0,아우터,아우터,generated,,playground_25,,,f4b6v1,train
gen_002181,images/generated/playground_25/gen_002181.png,0,아우터,아우터,generated,,playground_25,,,f6b5v2,train
gen_002182,images/generated/playground_25/gen_002182.png,0,아우터,아우터,generated,,playground_25,,,f3b3v2,train
gen_002183,images/generated/playground_25/gen_002183.png,0,아우터,아우터,generated,,playground_25,,,f4b5v2,train
gen_002184,images/generated/playground_25/gen_002184.png,0,아우터,아우터,generated,,playground_25,,,f6b1v1,train
gen_002185,images/generated/playground_25/gen_002185.png,0,아우터,아우터,generated,,playground_25,,,f1b6v1,train
gen_002186,images/generated/playground_25/gen_002186.png,0,아우터,아우터,generated,,playground_25,,,f4b4v1,train
gen_002187,images/generated/playground_25/gen_002187.png,0,아우터,아우터,generated,,playground_25,,,f5b2v1,train
gen_002188,images/generated/playground_25/gen_002188.png,0,아우터,아우터,generated,,playground_25,,,f1b1v1,train
gen_002189,images/generated/playground_25/gen_002189.png,0,아우터,아우터,generated,,playground_25,,,f6b4v1,train
gen_002190,images/generated/playground_25/gen_002190.png,0,아우터,아우터,generated,,playground_25,,,f1b3v1,train
gen_002191,images/generated/playground_25/gen_002191.png,0,아우터,아우터,generated,,playground_25,,,f6b1v3,train
gen_002192,images/generated/playground_25/gen_002192.png,0,아우터,아우터,generated,,playground_25,,,f3b5v1,train
gen_002193,images/generated/playground_25/gen_002193.png,0,아우터,아우터,generated,,playground_25,,,f2b1v1,train
gen_002194,images/generated/playground_25/gen_002194.png,0,아우터,아우터,generated,,playground_25,,,f2b5v1,train
gen_002195,images/generated/playground_25/gen_002195.png,0,아우터,아우터,generated,,playground_25,,,f1b4v2,train
gen_002196,images/generated/playground_25/gen_002196.png,0,아우터,아우터,generated,,playground_25,,,f5b2v1,train
gen_002197,images/generated/playground_25/gen_002197.png,0,아우터,아우터,generated,,playground_25,,,f1b7v1,train
gen_002198,images/generated/playground_25/gen_002198.png,0,아우터,아우터,generated,,playground_25,,,f1b6v2,train
gen_002199,images/generated/playground_25/gen_002199.png,0,아우터,아우터,generated,,playground_25,,,f3b2v3,train
gen_002200,images/generated/playground_25/gen_002200.png,0,아우터,아우터,generated,,playground_25,,,f1b5v1,train
gen_002201,images/generated/playground_25/gen_002201.png,0,아우터,아우터,generated,,playground_25,,,f4b2v1,train
gen_002202,images/generated/playground_25/gen_002202.png,0,아우터,아우터,generated,,playground_25,,,f4b7v2,train
gen_002203,images/generated/playground_25/gen_002203.png,0,아우터,아우터,generated,,playground_25,,,f6b7v2,train
gen_002204,images/generated/playground_25/gen_002204.png,0,아우터,아우터,generated,,playground_25,,,f6b2v2,train
gen_002205,images/generated/playground_25/gen_002205.png,0,아우터,아우터,generated,,playground_25,,,f4b1v1,train
gen_002206,images/generated/playground_25/gen_002206.png,0,아우터,아우터,generated,,playground_25,,,f2b6v2,train
gen_002207,images/generated/playground_25/gen_002207.png,0,아우터,아우터,generated,,playground_25,,,f6b2v2,train
gen_002208,images/generated/playground_25/gen_002208.png,0,아우터,아우터,generated,,playground_25,,,f4b1v1,train
gen_002209,images/generated/playground_25/gen_002209.png,0,아우터,아우터,generated,,playground_25,,,f4b3v1,train
gen_002210,images/generated/playground_25/gen_002210.png,0,아우터,아우터,generated,,playground_25,,,f5b3v2,train
gen_002211,images/generated/playground_25/gen_002211.png,0,아우터,아우터,generated,,playground_25,,,f6b4v1,train
gen_002212,images/generated/playground_25/gen_002212.png,0,아우터,아우터,generated,,playground_25,,,f2b2v3,train
gen_002213,images/generated/playground_25/gen_002213.png,0,아우터,아우터,generated,,playground_25,,,f1b5v1,train
gen_002214,images/generated/playground_25/gen_002214.png,0,아우터,아우터,generated,,playground_25,,,f4b4v1,train
gen_002215,images/generated/playground_25/gen_002215.png,0,아우터,아우터,generated,,playground_25,,,f4b4v2,train
gen_002216,images/generated/playground_25/gen_002216.png,0,아우터,아우터,generated,,playground_25,,,f6b6v2,train
gen_002217,images/generated/playground_25/gen_002217.png,0,아우터,아우터,generated,,playground_25,,,f5b7v3,train
gen_002218,images/generated/playground_25/gen_002218.png,0,아우터,아우터,generated,,playground_25,,,f2b3v1,train
gen_002219,images/generated/playground_25/gen_002219.png,0,아우터,아우터,generated,,playground_25,,,f2b1v1,train
gen_002220,images/generated/playground_25/gen_002220.png,0,아우터,아우터,generated,,playground_25,,,f1b6v1,train
gen_002221,images/generated/playground_25/gen_002221.png,0,아우터,아우터,generated,,playground_25,,,f2b4v1,train
gen_002222,images/generated/playground_25/gen_002222.png,0,아우터,아우터,generated,,playground_25,,,f6b6v2,train
gen_002223,images/generated/playground_25/gen_002223.png,0,아우터,아우터,generated,,playground_25,,,f1b1v1,train
gen_002224,images/generated/playground_25/gen_002224.png,0,아우터,아우터,generated,,playground_25,,,f1b7v1,train
gen_002225,images/generated/playground_25/gen_002225.png,0,아우터,아우터,generated,,playground_25,,,f6b7v2,train
gen_002226,images/generated/playground_25/gen_002226.png,0,아우터,아우터,generated,,playground_25,,,f5b2v3,train
gen_002227,images/generated/playground_25/gen_002227.png,0,아우터,아우터,generated,,playground_25,,,f6b3v1,train
gen_002228,images/generated/playground_25/gen_002228.png,0,아우터,아우터,generated,,playground_25,,,f2b1v1,train
gen_002229,images/generated/playground_25/gen_002229.png,0,아우터,아우터,generated,,playground_25,,,f4b2v1,train
gen_002230,images/generated/playground_25/gen_002230.png,0,아우터,아우터,generated,,playground_25,,,f4b7v1,train
gen_002231,images/generated/playground_25/gen_002231.png,0,아우터,아우터,generated,,playground_25,,,f1b1v1,train
gen_002232,images/generated/playground_25/gen_002232.png,0,아우터,아우터,generated,,playground_25,,,f6b2v1,train
gen_002233,images/generated/playground_25/gen_002233.png,0,아우터,아우터,generated,,playground_25,,,f1b4v2,train
gen_002234,images/generated/playground_25/gen_002234.png,0,아우터,아우터,generated,,playground_25,,,f5b6v1,train
gen_002235,images/generated/playground_25/gen_002235.png,0,아우터,아우터,generated,,playground_25,,,f4b4v1,train
gen_002236,images/generated/playground_25/gen_002236.png,0,아우터,아우터,generated,,playground_25,,,f4b5v1,train
gen_002237,images/generated/playground_25/gen_002237.png,0,아우터,아우터,generated,,playground_25,,,f6b4v3,train
gen_002238,images/generated/playground_25/gen_002238.png,0,아우터,아우터,generated,,playground_25,,,f2b7v1,train
gen_002239,images/generated/playground_25/gen_002239.png,0,아우터,아우터,generated,,playground_25,,,f3b3v3,train
gen_002240,images/generated/playground_25/gen_002240.png,0,아우터,아우터,generated,,playground_25,,,f5b5v1,train
gen_002241,images/generated/playground_25/gen_002241.png,0,아우터,아우터,generated,,playground_25,,,f2b7v1,train
gen_002242,images/generated/playground_25/gen_002242.png,0,아우터,아우터,generated,,playground_25,,,f3b3v2,train
gen_002243,images/generated/playground_25/gen_002243.png,0,아우터,아우터,generated,,playground_25,,,f2b5v1,train
gen_002244,images/generated/playground_25/gen_002244.png,0,아우터,아우터,generated,,playground_25,,,f3b4v2,train
gen_002245,images/generated/playground_25/gen_002245.png,0,아우터,아우터,generated,,playground_25,,,f2b1v2,train
gen_002246,images/generated/playground_25/gen_002246.png,0,아우터,아우터,generated,,playground_25,,,f6b5v3,train
gen_002247,images/generated/playground_25/gen_002247.png,0,아우터,아우터,generated,,playground_25,,,f4b2v1,train
gen_002248,images/generated/playground_25/gen_002248.png,0,아우터,아우터,generated,,playground_25,,,f3b3v2,train
gen_002249,images/generated/playground_25/gen_002249.png,0,아우터,아우터,generated,,playground_25,,,f1b4v1,train
gen_002250,images/generated/playground_25/gen_002250.png,0,아우터,아우터,generated,,playground_25,,,f3b1v1,train
gen_002251,images/generated/playground_25/gen_002251.png,0,아우터,아우터,generated,,playground_25,,,f3b4v2,train
gen_002252,images/generated/playground_25/gen_002252.png,0,아우터,아우터,generated,,playground_25,,,f5b3v1,train
gen_002253,images/generated/playground_25/gen_002253.png,0,아우터,아우터,generated,,playground_25,,,f2b3v2,train
gen_002254,images/generated/playground_25/gen_002254.png,0,아우터,아우터,generated,,playground_25,,,f1b4v1,train
gen_002255,images/generated/playground_25/gen_002255.png,0,아우터,아우터,generated,,playground_25,,,f2b4v2,train
gen_002256,images/generated/playground_25/gen_002256.png,0,아우터,아우터,generated,,playground_25,,,f1b7v1,train
gen_002257,images/generated/playground_25/gen_002257.png,0,아우터,아우터,generated,,playground_25,,,f6b6v1,train
gen_002258,images/generated/playground_25/gen_002258.png,0,아우터,아우터,generated,,playground_25,,,f6b6v1,train
gen_002259,images/generated/playground_25/gen_002259.png,0,아우터,아우터,generated,,playground_25,,,f6b1v1,train
gen_002260,images/generated/playground_25/gen_002260.png,0,아우터,아우터,generated,,playground_25,,,f3b7v3,train
gen_002261,images/generated/playground_25/gen_002261.png,0,아우터,아우터,generated,,playground_25,,,f5b4v1,train
gen_002262,images/generated/playground_25/gen_002262.png,0,아우터,아우터,generated,,playground_25,,,f4b5v1,train
gen_002263,images/generated/playground_25/gen_002263.png,0,아우터,아우터,generated,,playground_25,,,f5b6v1,train
gen_002264,images/generated/playground_25/gen_002264.png,0,아우터,아우터,generated,,playground_25,,,f1b3v1,train
gen_002265,images/generated/playground_25/gen_002265.png,0,아우터,아우터,generated,,playground_25,,,f5b4v1,train
gen_002266,images/generated/playground_25/gen_002266.png,0,아우터,아우터,generated,,playground_25,,,f3b6v1,train
gen_002267,images/generated/playground_25/gen_002267.png,0,아우터,아우터,generated,,playground_25,,,f4b3v3,train
gen_002268,images/generated/playground_25/gen_002268.png,0,아우터,아우터,generated,,playground_25,,,f6b4v2,train
gen_002269,images/generated/playground_25/gen_002269.png,0,아우터,아우터,generated,,playground_25,,,f3b3v3,train
gen_002270,images/generated/playground_25/gen_002270.png,0,아우터,아우터,generated,,playground_25,,,f1b1v3,train
gen_002271,images/generated/playground_25/gen_002271.png,0,아우터,아우터,generated,,playground_25,,,f6b6v1,train
gen_002272,images/generated/playground_25/gen_002272.png,0,아우터,아우터,generated,,playground_25,,,f4b1v2,train
gen_002273,images/generated/playground_25/gen_002273.png,0,아우터,아우터,generated,,playground_25,,,f3b2v1,train
gen_002274,images/generated/playground_25/gen_002274.png,0,아우터,아우터,generated,,playground_25,,,f3b3v2,train
gen_002275,images/generated/playground_25/gen_002275.png,0,아우터,아우터,generated,,playground_25,,,f2b6v1,train
gen_002276,images/generated/playground_25/gen_002276.png,0,아우터,아우터,generated,,playground_25,,,f6b3v2,train
gen_002277,images/generated/playground_25/gen_002277.png,0,아우터,아우터,generated,,playground_25,,,f1b6v3,train
gen_002278,images/generated/playground_25/gen_002278.png,0,아우터,아우터,generated,,playground_25,,,f3b7v3,train
gen_002279,images/generated/playground_25/gen_002279.png,0,아우터,아우터,generated,,playground_25,,,f6b2v3,train
gen_002280,images/generated/playground_25/gen_002280.png,0,아우터,아우터,generated,,playground_25,,,f5b3v3,train
gen_002281,images/generated/playground_25/gen_002281.png,0,아우터,아우터,generated,,playground_25,,,f4b5v1,train
gen_002282,images/generated/playground_25/gen_002282.png,0,아우터,아우터,generated,,playground_25,,,f3b3v1,train
gen_002283,images/generated/playground_25/gen_002283.png,0,아우터,아우터,generated,,playground_25,,,f1b7v1,train
gen_002284,images/generated/playground_25/gen_002284.png,0,아우터,아우터,generated,,playground_25,,,f4b4v1,train
gen_002285,images/generated/playground_25/gen_002285.png,0,아우터,아우터,generated,,playground_25,,,f3b4v3,train
gen_002286,images/generated/playground_25/gen_002286.png,0,아우터,아우터,generated,,playground_25,,,f4b7v2,train
gen_002287,images/generated/playground_25/gen_002287.png,0,아우터,아우터,generated,,playground_25,,,f1b3v1,train
gen_002288,images/generated/playground_25/gen_002288.png,0,아우터,아우터,generated,,playground_25,,,f6b3v2,train
gen_002289,images/generated/playground_25/gen_002289.png,0,아우터,아우터,generated,,playground_25,,,f2b3v2,train
gen_002290,images/generated/playground_25/gen_002290.png,0,상의,상의|하의,generated,,playground_25,,,f4b6v2,train
gen_002291,images/generated/playground_25/gen_002291.png,0,상의,상의|하의,generated,,playground_25,,,f4b5v1,train
gen_002292,images/generated/playground_25/gen_002292.png,0,상의,상의|하의,generated,,playground_25,,,f1b2v2,train
gen_002293,images/generated/playground_25/gen_002293.png,0,상의,상의|하의,generated,,playground_25,,,f2b7v1,train
gen_002294,images/generated/playground_25/gen_002294.png,0,상의,상의|하의,generated,,playground_25,,,f3b5v1,train
gen_002295,images/generated/playground_25/gen_002295.png,0,상의,상의|하의,generated,,playground_25,,,f4b5v1,train
gen_002296,images/generated/playground_25/gen_002296.png,0,상의,상의|하의,generated,,playground_25,,,f6b1v2,train
gen_002297,images/generated/playground_25/gen_002297.png,0,상의,상의|하의,generated,,playground_25,,,f6b6v1,train
gen_002298,images/generated/playground_25/gen_002298.png,0,상의,상의|하의,generated,,playground_25,,,f3b1v1,train
gen_002299,images/generated/playground_25/gen_002299.png,0,상의,상의|하의,generated,,playground_25,,,f5b3v1,train
gen_002300,images/generated/playground_25/gen_002300.png,0,상의,상의|하의,generated,,playground_25,,,f5b2v2,train
gen_002301,images/generated/playground_25/gen_002301.png,0,상의,상의|하의,generated,,playground_25,,,f6b3v1,train
gen_002302,images/generated/playground_25/gen_002302.png,0,상의,상의|하의,generated,,playground_25,,,f6b2v1,train
gen_002303,images/generated/playground_25/gen_002303.png,0,상의,상의|하의,generated,,playground_25,,,f1b2v1,train
gen_002304,images/generated/playground_25/gen_002304.png,0,상의,상의|하의,generated,,playground_25,,,f6b4v2,train
gen_002305,images/generated/playground_25/gen_002305.png,0,상의,상의|하의,generated,,playground_25,,,f5b6v1,train
gen_002306,images/generated/playground_25/gen_002306.png,0,상의,상의|하의,generated,,playground_25,,,f2b7v2,train
gen_002307,images/generated/playground_25/gen_002307.png,0,상의,상의|하의,generated,,playground_25,,,f1b4v1,train
gen_002308,images/generated/playground_25/gen_002308.png,0,상의,상의|하의,generated,,playground_25,,,f6b1v1,train
gen_002309,images/generated/playground_25/gen_002309.png,0,상의,상의|하의,generated,,playground_25,,,f5b4v1,train
gen_002310,images/generated/playground_25/gen_002310.png,0,상의,상의|하의,generated,,playground_25,,,f2b1v2,train
gen_002311,images/generated/playground_25/gen_002311.png,0,상의,상의|하의,generated,,playground_25,,,f5b1v1,train
gen_002312,images/generated/playground_25/gen_002312.png,0,상의,상의|하의,generated,,playground_25,,,f6b1v3,train
gen_002313,images/generated/playground_25/gen_002313.png,0,상의,상의|하의,generated,,playground_25,,,f1b1v2,train
gen_002314,images/generated/playground_25/gen_002314.png,0,상의,상의|하의,generated,,playground_25,,,f2b2v3,train
gen_002315,images/generated/playground_25/gen_002315.png,0,상의,상의|하의,generated,,playground_25,,,f2b5v1,train
gen_002316,images/generated/playground_25/gen_002316.png,0,상의,상의|하의,generated,,playground_25,,,f2b1v1,train
gen_002317,images/generated/playground_25/gen_002317.png,0,상의,상의|하의,generated,,playground_25,,,f4b3v1,train
gen_002318,images/generated/playground_25/gen_002318.png,0,상의,상의|하의,generated,,playground_25,,,f5b5v1,train
gen_002319,images/generated/playground_25/gen_002319.png,0,상의,상의|하의,generated,,playground_25,,,f1b5v1,train
gen_002320,images/generated/playground_25/gen_002320.png,0,상의,상의|하의,generated,,playground_25,,,f6b4v1,train
gen_002321,images/generated/playground_25/gen_002321.png,0,상의,상의|하의,generated,,playground_25,,,f4b7v1,train
gen_002322,images/generated/playground_25/gen_002322.png,0,상의,상의|하의,generated,,playground_25,,,f6b5v1,train
gen_002323,images/generated/playground_25/gen_002323.png,0,상의,상의|하의,generated,,playground_25,,,f6b2v2,train
gen_002324,images/generated/playground_25/gen_002324.png,0,상의,상의|하의,generated,,playground_25,,,f4b6v1,train
gen_002325,images/generated/playground_25/gen_002325.png,0,상의,상의|하의,generated,,playground_25,,,f2b6v2,train
gen_002326,images/generated/playground_25/gen_002326.png,0,상의,상의|하의,generated,,playground_25,,,f3b1v3,train
gen_002327,images/generated/playground_25/gen_002327.png,0,상의,상의|하의,generated,,playground_25,,,f3b7v1,train
gen_002328,images/generated/playground_25/gen_002328.png,0,상의,상의|하의,generated,,playground_25,,,f3b7v2,train
gen_002329,images/generated/playground_25/gen_002329.png,0,상의,상의|하의,generated,,playground_25,,,f1b3v1,train
gen_002330,images/generated/playground_25/gen_002330.png,0,상의,상의|하의,generated,,playground_25,,,f3b3v1,train
gen_002331,images/generated/playground_25/gen_002331.png,0,상의,상의|하의,generated,,playground_25,,,f2b6v2,train
gen_002332,images/generated/playground_25/gen_002332.png,0,상의,상의|하의,generated,,playground_25,,,f4b5v1,train
gen_002333,images/generated/playground_25/gen_002333.png,0,상의,상의|하의,generated,,playground_25,,,f2b7v1,train
gen_002334,images/generated/playground_25/gen_002334.png,0,상의,상의|하의,generated,,playground_25,,,f3b1v2,train
gen_002335,images/generated/playground_25/gen_002335.png,0,상의,상의|하의,generated,,playground_25,,,f3b5v1,train
gen_002336,images/generated/playground_25/gen_002336.png,0,상의,상의|하의,generated,,playground_25,,,f4b4v1,train
gen_002337,images/generated/playground_25/gen_002337.png,0,상의,상의|하의,generated,,playground_25,,,f3b4v2,train
gen_002338,images/generated/playground_25/gen_002338.png,0,상의,상의|하의,generated,,playground_25,,,f5b6v2,train
gen_002339,images/generated/playground_25/gen_002339.png,0,상의,상의|하의,generated,,playground_25,,,f5b4v2,train
gen_002340,images/generated/playground_25/gen_002340.png,0,상의,상의|하의,generated,,playground_25,,,f5b4v2,train
gen_002341,images/generated/playground_25/gen_002341.png,0,상의,상의|하의,generated,,playground_25,,,f3b4v2,train
gen_002342,images/generated/playground_25/gen_002342.png,0,상의,상의|하의,generated,,playground_25,,,f4b2v2,train
gen_002343,images/generated/playground_25/gen_002343.png,0,상의,상의|하의,generated,,playground_25,,,f1b3v2,train
gen_002344,images/generated/playground_25/gen_002344.png,0,상의,상의|하의,generated,,playground_25,,,f2b5v1,train
gen_002345,images/generated/playground_25/gen_002345.png,0,상의,상의|하의,generated,,playground_25,,,f4b6v2,train
gen_002346,images/generated/playground_25/gen_002346.png,0,상의,상의|하의,generated,,playground_25,,,f3b3v1,train
gen_002347,images/generated/playground_25/gen_002347.png,0,상의,상의|하의,generated,,playground_25,,,f5b4v1,train
gen_002348,images/generated/playground_25/gen_002348.png,0,상의,상의|하의,generated,,playground_25,,,f3b7v1,train
gen_002349,images/generated/playground_25/gen_002349.png,0,상의,상의|하의,generated,,playground_25,,,f4b2v1,train
gen_002350,images/generated/playground_25/gen_002350.png,0,상의,상의|하의,generated,,playground_25,,,f4b4v1,train
gen_002351,images/generated/playground_25/gen_002351.png,0,상의,상의|하의,generated,,playground_25,,,f1b7v2,train
gen_002352,images/generated/playground_25/gen_002352.png,0,상의,상의|하의,generated,,playground_25,,,f3b1v1,train
gen_002353,images/generated/playground_25/gen_002353.png,0,상의,상의|하의,generated,,playground_25,,,f1b3v1,train
gen_002354,images/generated/playground_25/gen_002354.png,0,상의,상의|하의,generated,,playground_25,,,f3b3v3,train
gen_002355,images/generated/playground_25/gen_002355.png,0,상의,상의|하의,generated,,playground_25,,,f5b6v2,train
gen_002356,images/generated/playground_25/gen_002356.png,0,상의,상의|하의,generated,,playground_25,,,f3b5v3,train
gen_002357,images/generated/playground_25/gen_002357.png,0,상의,상의|하의,generated,,playground_25,,,f4b7v1,train
gen_002358,images/generated/playground_25/gen_002358.png,0,상의,상의|하의,generated,,playground_25,,,f3b5v3,train
gen_002359,images/generated/playground_25/gen_002359.png,0,상의,상의|하의,generated,,playground_25,,,f4b5v2,train
gen_002360,images/generated/playground_25/gen_002360.png,0,상의,상의|하의,generated,,playground_25,,,f6b3v2,train
gen_002361,images/generated/playground_25/gen_002361.png,0,상의,상의|하의,generated,,playground_25,,,f4b5v1,train
gen_002362,images/generated/playground_25/gen_002362.png,0,상의,상의|하의,generated,,playground_25,,,f5b3v2,train
gen_002363,images/generated/playground_25/gen_002363.png,0,상의,상의|하의,generated,,playground_25,,,f2b7v2,train
gen_002364,images/generated/playground_25/gen_002364.png,0,상의,상의|하의,generated,,playground_25,,,f3b6v3,train
gen_002365,images/generated/playground_25/gen_002365.png,0,상의,상의|하의,generated,,playground_25,,,f3b2v2,train
gen_002366,images/generated/playground_25/gen_002366.png,0,상의,상의|하의,generated,,playground_25,,,f4b4v3,train
gen_002367,images/generated/playground_25/gen_002367.png,0,상의,상의|하의,generated,,playground_25,,,f1b1v2,train
gen_002368,images/generated/playground_25/gen_002368.png,0,상의,상의|하의,generated,,playground_25,,,f3b5v3,train
gen_002369,images/generated/playground_25/gen_002369.png,0,상의,상의|하의,generated,,playground_25,,,f2b4v1,train
gen_002370,images/generated/playground_25/gen_002370.png,0,상의,상의|하의,generated,,playground_25,,,f1b6v2,train
gen_002371,images/generated/playground_25/gen_002371.png,0,상의,상의|하의,generated,,playground_25,,,f6b3v3,train
gen_002372,images/generated/playground_25/gen_002372.png,0,상의,상의|하의,generated,,playground_25,,,f3b7v2,train
gen_002373,images/generated/playground_25/gen_002373.png,0,상의,상의|하의,generated,,playground_25,,,f3b7v1,train
gen_002374,images/generated/playground_25/gen_002374.png,0,상의,상의|하의,generated,,playground_25,,,f2b3v1,train
gen_002375,images/generated/playground_25/gen_002375.png,0,상의,상의|하의,generated,,playground_25,,,f6b1v2,train
gen_002376,images/generated/playground_25/gen_002376.png,0,상의,상의|하의,generated,,playground_25,,,f2b4v2,train
gen_002377,images/generated/playground_25/gen_002377.png,0,상의,상의|하의,generated,,playground_25,,,f6b2v1,train
gen_002378,images/generated/playground_25/gen_002378.png,0,상의,상의|하의,generated,,playground_25,,,f3b4v2,train
gen_002379,images/generated/playground_25/gen_002379.png,0,상의,상의|하의,generated,,playground_25,,,f6b5v3,train
gen_002380,images/generated/playground_25/gen_002380.png,0,상의,상의|하의,generated,,playground_25,,,f5b1v3,train
gen_002381,images/generated/playground_25/gen_002381.png,0,상의,상의|하의,generated,,playground_25,,,f4b5v1,train
gen_002382,images/generated/playground_25/gen_002382.png,0,상의,상의|하의,generated,,playground_25,,,f4b7v1,train
gen_002383,images/generated/playground_25/gen_002383.png,0,상의,상의|하의,generated,,playground_25,,,f4b4v3,train
gen_002384,images/generated/playground_25/gen_002384.png,0,상의,상의|하의,generated,,playground_25,,,f4b5v3,train
gen_002385,images/generated/playground_25/gen_002385.png,0,상의,상의|하의,generated,,playground_25,,,f6b3v1,train
gen_002386,images/generated/playground_25/gen_002386.png,0,상의,상의|하의,generated,,playground_25,,,f2b4v1,train
gen_002387,images/generated/playground_25/gen_002387.png,0,상의,상의|하의,generated,,playground_25,,,f2b2v1,train
gen_002388,images/generated/playground_25/gen_002388.png,0,상의,상의|하의,generated,,playground_25,,,f2b4v1,train
gen_002389,images/generated/playground_25/gen_002389.png,0,상의,상의|하의,generated,,playground_25,,,f6b4v1,train
gen_002390,images/generated/playground_25/gen_002390.png,0,상의,상의|하의,generated,,playground_25,,,f3b5v2,train
gen_002391,images/generated/playground_25/gen_002391.png,0,상의,상의|하의,generated,,playground_25,,,f1b5v1,train
gen_002392,images/generated/playground_25/gen_002392.png,0,상의,상의|하의,generated,,playground_25,,,f2b3v1,train
gen_002393,images/generated/playground_25/gen_002393.png,0,상의,상의|하의,generated,,playground_25,,,f6b7v1,train
gen_002394,images/generated/playground_25/gen_002394.png,0,상의,상의|하의,generated,,playground_25,,,f2b3v3,train
gen_002395,images/generated/playground_25/gen_002395.png,0,상의,상의|하의,generated,,playground_25,,,f1b1v2,train
gen_002396,images/generated/playground_25/gen_002396.png,0,상의,상의|하의,generated,,playground_25,,,f1b5v1,train
gen_002397,images/generated/playground_25/gen_002397.png,0,상의,상의|하의,generated,,playground_25,,,f5b2v2,train
gen_002398,images/generated/playground_25/gen_002398.png,0,상의,상의|하의,generated,,playground_25,,,f6b1v3,train
gen_002399,images/generated/playground_25/gen_002399.png,0,상의,상의|하의,generated,,playground_25,,,f5b2v1,train
gen_002400,images/generated/playground_25/gen_002400.png,0,상의,상의|하의,generated,,playground_25,,,f2b5v3,train
gen_002401,images/generated/playground_25/gen_002401.png,0,상의,상의|하의,generated,,playground_25,,,f5b2v1,train
gen_002402,images/generated/playground_25/gen_002402.png,0,상의,상의|하의,generated,,playground_25,,,f3b7v3,train
gen_002403,images/generated/playground_25/gen_002403.png,0,상의,상의|하의,generated,,playground_25,,,f1b4v2,train
gen_002404,images/generated/playground_25/gen_002404.png,0,상의,상의|하의,generated,,playground_25,,,f3b6v2,train
gen_002405,images/generated/playground_25/gen_002405.png,0,상의,상의|하의,generated,,playground_25,,,f5b1v2,train
gen_002406,images/generated/playground_25/gen_002406.png,0,상의,상의|하의,generated,,playground_25,,,f6b1v2,train
gen_002407,images/generated/playground_25/gen_002407.png,0,상의,상의|하의,generated,,playground_25,,,f3b1v2,train
gen_002408,images/generated/playground_25/gen_002408.png,0,상의,상의|하의,generated,,playground_25,,,f4b3v1,train
gen_002409,images/generated/playground_25/gen_002409.png,0,하의,상의|하의,generated,,playground_25,,,f5b7v1,train
gen_002410,images/generated/playground_25/gen_002410.png,0,하의,상의|하의,generated,,playground_25,,,f1b2v2,train
gen_002411,images/generated/playground_25/gen_002411.png,0,하의,상의|하의,generated,,playground_25,,,f5b1v3,train
gen_002412,images/generated/playground_25/gen_002412.png,0,하의,상의|하의,generated,,playground_25,,,f1b6v1,train
gen_002413,images/generated/playground_25/gen_002413.png,0,하의,상의|하의,generated,,playground_25,,,f5b4v1,train
gen_002414,images/generated/playground_25/gen_002414.png,0,하의,상의|하의,generated,,playground_25,,,f5b2v1,train
gen_002415,images/generated/playground_25/gen_002415.png,0,하의,상의|하의,generated,,playground_25,,,f6b3v1,train
gen_002416,images/generated/playground_25/gen_002416.png,0,하의,상의|하의,generated,,playground_25,,,f5b4v1,train
gen_002417,images/generated/playground_25/gen_002417.png,0,하의,상의|하의,generated,,playground_25,,,f1b6v3,train
gen_002418,images/generated/playground_25/gen_002418.png,0,하의,상의|하의,generated,,playground_25,,,f1b2v3,train
gen_002419,images/generated/playground_25/gen_002419.png,0,하의,상의|하의,generated,,playground_25,,,f1b5v1,train
gen_002420,images/generated/playground_25/gen_002420.png,0,하의,상의|하의,generated,,playground_25,,,f2b3v3,train
gen_002421,images/generated/playground_25/gen_002421.png,0,하의,상의|하의,generated,,playground_25,,,f3b3v2,train
gen_002422,images/generated/playground_25/gen_002422.png,0,하의,상의|하의,generated,,playground_25,,,f2b4v1,train
gen_002423,images/generated/playground_25/gen_002423.png,0,하의,상의|하의,generated,,playground_25,,,f4b5v1,train
gen_002424,images/generated/playground_25/gen_002424.png,0,하의,상의|하의,generated,,playground_25,,,f6b7v1,train
gen_002425,images/generated/playground_25/gen_002425.png,0,하의,상의|하의,generated,,playground_25,,,f3b2v3,train
gen_002426,images/generated/playground_25/gen_002426.png,0,하의,상의|하의,generated,,playground_25,,,f4b3v1,train
gen_002427,images/generated/playground_25/gen_002427.png,0,하의,상의|하의,generated,,playground_25,,,f3b7v2,train
gen_002428,images/generated/playground_25/gen_002428.png,0,하의,상의|하의,generated,,playground_25,,,f6b5v1,train
gen_002429,images/generated/playground_25/gen_002429.png,0,하의,상의|하의,generated,,playground_25,,,f3b7v1,train
gen_002430,images/generated/playground_25/gen_002430.png,0,하의,상의|하의,generated,,playground_25,,,f6b3v1,train
gen_002431,images/generated/playground_25/gen_002431.png,0,하의,상의|하의,generated,,playground_25,,,f5b4v1,train
gen_002432,images/generated/playground_25/gen_002432.png,0,하의,상의|하의,generated,,playground_25,,,f6b7v1,train
gen_002433,images/generated/playground_25/gen_002433.png,0,하의,상의|하의,generated,,playground_25,,,f5b6v1,train
gen_002434,images/generated/playground_25/gen_002434.png,0,하의,상의|하의,generated,,playground_25,,,f2b7v1,train
gen_002435,images/generated/playground_25/gen_002435.png,0,하의,상의|하의,generated,,playground_25,,,f1b7v1,train
gen_002436,images/generated/playground_25/gen_002436.png,0,하의,상의|하의,generated,,playground_25,,,f4b5v1,train
gen_002437,images/generated/playground_25/gen_002437.png,0,하의,상의|하의,generated,,playground_25,,,f6b5v3,train
gen_002438,images/generated/playground_25/gen_002438.png,0,하의,상의|하의,generated,,playground_25,,,f4b5v1,train
gen_002439,images/generated/playground_25/gen_002439.png,0,하의,상의|하의,generated,,playground_25,,,f2b2v1,train
gen_002440,images/generated/playground_25/gen_002440.png,0,하의,상의|하의,generated,,playground_25,,,f2b4v1,train
gen_002441,images/generated/playground_25/gen_002441.png,0,하의,상의|하의,generated,,playground_25,,,f1b1v1,train
gen_002442,images/generated/playground_25/gen_002442.png,0,하의,상의|하의,generated,,playground_25,,,f2b6v3,train
gen_002443,images/generated/playground_25/gen_002443.png,0,하의,상의|하의,generated,,playground_25,,,f4b7v1,train
gen_002444,images/generated/playground_25/gen_002444.png,0,하의,상의|하의,generated,,playground_25,,,f5b4v1,train
gen_002445,images/generated/playground_25/gen_002445.png,0,하의,상의|하의,generated,,playground_25,,,f5b4v2,train
gen_002446,images/generated/playground_25/gen_002446.png,0,하의,상의|하의,generated,,playground_25,,,f6b1v1,train
gen_002447,images/generated/playground_25/gen_002447.png,0,하의,상의|하의,generated,,playground_25,,,f6b3v2,train
gen_002448,images/generated/playground_25/gen_002448.png,0,하의,상의|하의,generated,,playground_25,,,f5b2v1,train
gen_002449,images/generated/playground_25/gen_002449.png,0,하의,상의|하의,generated,,playground_25,,,f3b4v2,train
gen_002450,images/generated/playground_25/gen_002450.png,0,하의,상의|하의,generated,,playground_25,,,f1b3v2,train
gen_002451,images/generated/playground_25/gen_002451.png,0,하의,상의|하의,generated,,playground_25,,,f2b3v2,train
gen_002452,images/generated/playground_25/gen_002452.png,0,하의,상의|하의,generated,,playground_25,,,f3b3v1,train
gen_002453,images/generated/playground_25/gen_002453.png,0,하의,상의|하의,generated,,playground_25,,,f6b4v1,train
gen_002454,images/generated/playground_25/gen_002454.png,0,하의,상의|하의,generated,,playground_25,,,f2b5v3,train
gen_002455,images/generated/playground_25/gen_002455.png,0,하의,상의|하의,generated,,playground_25,,,f3b4v1,train
gen_002456,images/generated/playground_25/gen_002456.png,0,하의,상의|하의,generated,,playground_25,,,f1b1v1,train
gen_002457,images/generated/playground_25/gen_002457.png,0,하의,상의|하의,generated,,playground_25,,,f6b1v1,train
gen_002458,images/generated/playground_25/gen_002458.png,0,하의,상의|하의,generated,,playground_25,,,f5b4v1,train
gen_002459,images/generated/playground_25/gen_002459.png,0,하의,상의|하의,generated,,playground_25,,,f6b3v3,train
gen_002460,images/generated/playground_25/gen_002460.png,0,하의,상의|하의,generated,,playground_25,,,f3b7v3,train
gen_002461,images/generated/playground_25/gen_002461.png,0,하의,상의|하의,generated,,playground_25,,,f3b4v1,train
gen_002462,images/generated/playground_25/gen_002462.png,0,하의,상의|하의,generated,,playground_25,,,f2b2v1,train
gen_002463,images/generated/playground_25/gen_002463.png,0,하의,상의|하의,generated,,playground_25,,,f2b2v2,train
gen_002464,images/generated/playground_25/gen_002464.png,0,하의,상의|하의,generated,,playground_25,,,f1b5v1,train
gen_002465,images/generated/playground_25/gen_002465.png,0,하의,상의|하의,generated,,playground_25,,,f3b1v2,train
gen_002466,images/generated/playground_25/gen_002466.png,0,하의,상의|하의,generated,,playground_25,,,f5b4v1,train
gen_002467,images/generated/playground_25/gen_002467.png,0,하의,상의|하의,generated,,playground_25,,,f3b5v1,train
gen_002468,images/generated/playground_25/gen_002468.png,0,하의,상의|하의,generated,,playground_25,,,f6b1v2,train
gen_002469,images/generated/playground_25/gen_002469.png,0,하의,상의|하의,generated,,playground_25,,,f6b7v3,train
gen_002470,images/generated/playground_25/gen_002470.png,0,하의,상의|하의,generated,,playground_25,,,f1b7v1,train
gen_002471,images/generated/playground_25/gen_002471.png,0,하의,상의|하의,generated,,playground_25,,,f3b2v2,train
gen_002472,images/generated/playground_25/gen_002472.png,0,하의,상의|하의,generated,,playground_25,,,f5b5v2,train
gen_002473,images/generated/playground_25/gen_002473.png,0,하의,상의|하의,generated,,playground_25,,,f1b1v2,train
gen_002474,images/generated/playground_25/gen_002474.png,0,하의,상의|하의,generated,,playground_25,,,f4b7v1,train
gen_002475,images/generated/playground_25/gen_002475.png,0,하의,상의|하의,generated,,playground_25,,,f2b7v1,train
gen_002476,images/generated/playground_25/gen_002476.png,0,하의,상의|하의,generated,,playground_25,,,f1b4v1,train
gen_002477,images/generated/playground_25/gen_002477.png,0,하의,상의|하의,generated,,playground_25,,,f5b3v1,train
gen_002478,images/generated/playground_25/gen_002478.png,0,하의,상의|하의,generated,,playground_25,,,f4b2v3,train
gen_002479,images/generated/playground_25/gen_002479.png,0,하의,상의|하의,generated,,playground_25,,,f3b7v1,train
gen_002480,images/generated/playground_25/gen_002480.png,0,하의,상의|하의,generated,,playground_25,,,f1b1v1,train
gen_002481,images/generated/playground_25/gen_002481.png,0,하의,상의|하의,generated,,playground_25,,,f4b3v1,train
gen_002482,images/generated/playground_25/gen_002482.png,0,하의,상의|하의,generated,,playground_25,,,f1b6v1,train
gen_002483,images/generated/playground_25/gen_002483.png,0,하의,상의|하의,generated,,playground_25,,,f3b6v2,train
gen_002484,images/generated/playground_25/gen_002484.png,0,하의,상의|하의,generated,,playground_25,,,f3b4v1,train
gen_002485,images/generated/playground_25/gen_002485.png,0,하의,상의|하의,generated,,playground_25,,,f5b1v1,train
gen_002486,images/generated/playground_25/gen_002486.png,0,하의,상의|하의,generated,,playground_25,,,f2b2v2,train
gen_002487,images/generated/playground_25/gen_002487.png,0,하의,상의|하의,generated,,playground_25,,,f4b4v1,train
gen_002488,images/generated/playground_25/gen_002488.png,0,하의,상의|하의,generated,,playground_25,,,f1b2v1,train
gen_002489,images/generated/playground_25/gen_002489.png,0,하의,상의|하의,generated,,playground_25,,,f1b4v1,train
gen_002490,images/generated/playground_25/gen_002490.png,0,하의,상의|하의,generated,,playground_25,,,f4b1v1,train
gen_002491,images/generated/playground_25/gen_002491.png,0,하의,상의|하의,generated,,playground_25,,,f6b4v1,train
gen_002492,images/generated/playground_25/gen_002492.png,0,하의,상의|하의,generated,,playground_25,,,f6b5v2,train
gen_002493,images/generated/playground_25/gen_002493.png,0,하의,상의|하의,generated,,playground_25,,,f4b2v2,train
gen_002494,images/generated/playground_25/gen_002494.png,0,하의,상의|하의,generated,,playground_25,,,f3b5v1,train
gen_002495,images/generated/playground_25/gen_002495.png,0,하의,상의|하의,generated,,playground_25,,,f5b3v1,train
gen_002496,images/generated/playground_25/gen_002496.png,0,하의,상의|하의,generated,,playground_25,,,f3b6v1,train
gen_002497,images/generated/playground_25/gen_002497.png,0,하의,상의|하의,generated,,playground_25,,,f2b1v1,train
gen_002498,images/generated/playground_25/gen_002498.png,0,하의,상의|하의,generated,,playground_25,,,f6b1v1,train
gen_002499,images/generated/playground_25/gen_002499.png,0,하의,상의|하의,generated,,playground_25,,,f5b5v2,train
gen_002500,images/generated/playground_25/gen_002500.png,0,하의,상의|하의,generated,,playground_25,,,f6b7v1,train
gen_002501,images/generated/playground_25/gen_002501.png,0,하의,상의|하의,generated,,playground_25,,,f6b1v1,train
gen_002502,images/generated/playground_25/gen_002502.png,0,하의,상의|하의,generated,,playground_25,,,f6b2v1,train
gen_002503,images/generated/playground_25/gen_002503.png,0,하의,상의|하의,generated,,playground_25,,,f1b3v1,train
gen_002504,images/generated/playground_25/gen_002504.png,0,하의,상의|하의,generated,,playground_25,,,f1b6v1,train
gen_002505,images/generated/playground_25/gen_002505.png,0,하의,상의|하의,generated,,playground_25,,,f3b1v1,train
gen_002506,images/generated/playground_25/gen_002506.png,0,하의,상의|하의,generated,,playground_25,,,f2b2v3,train
gen_002507,images/generated/playground_25/gen_002507.png,0,하의,상의|하의,generated,,playground_25,,,f6b6v2,train
gen_002508,images/generated/playground_25/gen_002508.png,0,하의,상의|하의,generated,,playground_25,,,f5b3v3,train
gen_002509,images/generated/playground_25/gen_002509.png,0,하의,상의|하의,generated,,playground_25,,,f1b6v1,train
gen_002510,images/generated/playground_25/gen_002510.png,0,하의,상의|하의,generated,,playground_25,,,f2b4v1,train
gen_002511,images/generated/playground_25/gen_002511.png,0,하의,상의|하의,generated,,playground_25,,,f4b3v2,train
gen_002512,images/generated/playground_25/gen_002512.png,0,하의,상의|하의,generated,,playground_25,,,f6b5v2,train
gen_002513,images/generated/playground_25/gen_002513.png,0,하의,상의|하의,generated,,playground_25,,,f4b7v3,train
gen_002514,images/generated/playground_25/gen_002514.png,0,하의,상의|하의,generated,,playground_25,,,f6b7v1,train
gen_002515,images/generated/playground_25/gen_002515.png,0,하의,상의|하의,generated,,playground_25,,,f5b7v1,train
gen_002516,images/generated/playground_25/gen_002516.png,0,하의,상의|하의,generated,,playground_25,,,f2b6v1,train
gen_002517,images/generated/playground_25/gen_002517.png,0,하의,상의|하의,generated,,playground_25,,,f4b5v2,train
gen_002518,images/generated/playground_25/gen_002518.png,0,하의,상의|하의,generated,,playground_25,,,f5b4v2,train
gen_002519,images/generated/playground_25/gen_002519.png,0,하의,상의|하의,generated,,playground_25,,,f1b1v1,train
gen_002520,images/generated/playground_25/gen_002520.png,0,하의,상의|하의,generated,,playground_25,,,f2b6v1,train
gen_002521,images/generated/playground_25/gen_002521.png,0,하의,상의|하의,generated,,playground_25,,,f5b6v3,train
gen_002522,images/generated/playground_25/gen_002522.png,0,하의,상의|하의,generated,,playground_25,,,f5b5v1,train
gen_002523,images/generated/playground_25/gen_002523.png,0,하의,상의|하의,generated,,playground_25,,,f5b5v1,train
gen_002524,images/generated/playground_25/gen_002524.png,0,하의,상의|하의,generated,,playground_25,,,f4b3v1,train
gen_002525,images/generated/playground_25/gen_002525.png,0,하의,상의|하의,generated,,playground_25,,,f6b1v1,train
gen_002526,images/generated/playground_25/gen_002526.png,0,하의,상의|하의,generated,,playground_25,,,f3b3v1,train
gen_002527,images/generated/playground_25/gen_002527.png,0,하의,상의|하의,generated,,playground_25,,,f3b4v3,train
gen_000500,images/generated/sd35_medium/gen_000500.png,0,원피스,원피스,generated,,sd35_medium,,,f6b1v1,test_unseen
gen_000501,images/generated/sd35_medium/gen_000501.png,0,원피스,원피스,generated,,sd35_medium,,,f2b6v1,test_unseen
gen_000502,images/generated/sd35_medium/gen_000502.png,0,원피스,원피스,generated,,sd35_medium,,,f5b4v1,test_unseen
gen_000503,images/generated/sd35_medium/gen_000503.png,0,원피스,원피스,generated,,sd35_medium,,,f5b5v1,test_unseen
gen_000504,images/generated/sd35_medium/gen_000504.png,0,원피스,원피스,generated,,sd35_medium,,,f2b4v1,test_unseen
gen_000505,images/generated/sd35_medium/gen_000505.png,0,원피스,원피스,generated,,sd35_medium,,,f2b6v1,test_unseen
gen_000506,images/generated/sd35_medium/gen_000506.png,0,원피스,원피스,generated,,sd35_medium,,,f3b1v1,test_unseen
gen_000507,images/generated/sd35_medium/gen_000507.png,0,원피스,원피스,generated,,sd35_medium,,,f5b3v2,test_unseen
gen_000508,images/generated/sd35_medium/gen_000508.png,0,원피스,원피스,generated,,sd35_medium,,,f4b1v1,test_unseen
gen_000509,images/generated/sd35_medium/gen_000509.png,0,원피스,원피스,generated,,sd35_medium,,,f5b2v2,test_unseen
gen_000510,images/generated/sd35_medium/gen_000510.png,0,원피스,원피스,generated,,sd35_medium,,,f3b1v3,test_unseen
gen_000511,images/generated/sd35_medium/gen_000511.png,0,원피스,원피스,generated,,sd35_medium,,,f3b4v2,test_unseen
gen_000512,images/generated/sd35_medium/gen_000512.png,0,원피스,원피스,generated,,sd35_medium,,,f3b2v2,test_unseen
gen_000513,images/generated/sd35_medium/gen_000513.png,0,원피스,원피스,generated,,sd35_medium,,,f5b6v1,test_unseen
gen_000514,images/generated/sd35_medium/gen_000514.png,0,원피스,원피스,generated,,sd35_medium,,,f4b4v1,test_unseen
gen_000515,images/generated/sd35_medium/gen_000515.png,0,원피스,원피스,generated,,sd35_medium,,,f6b3v2,test_unseen
gen_000516,images/generated/sd35_medium/gen_000516.png,0,원피스,원피스,generated,,sd35_medium,,,f1b7v1,test_unseen
gen_000517,images/generated/sd35_medium/gen_000517.png,0,원피스,원피스,generated,,sd35_medium,,,f5b6v1,test_unseen
gen_000518,images/generated/sd35_medium/gen_000518.png,0,원피스,원피스,generated,,sd35_medium,,,f6b4v1,test_unseen
gen_000519,images/generated/sd35_medium/gen_000519.png,0,원피스,원피스,generated,,sd35_medium,,,f6b5v1,test_unseen
gen_000520,images/generated/sd35_medium/gen_000520.png,0,원피스,원피스,generated,,sd35_medium,,,f2b2v1,test_unseen
gen_000521,images/generated/sd35_medium/gen_000521.png,0,원피스,원피스,generated,,sd35_medium,,,f1b2v2,test_unseen
gen_000522,images/generated/sd35_medium/gen_000522.png,0,원피스,원피스,generated,,sd35_medium,,,f5b1v1,test_unseen
gen_000523,images/generated/sd35_medium/gen_000523.png,0,원피스,원피스,generated,,sd35_medium,,,f5b3v3,test_unseen
gen_000524,images/generated/sd35_medium/gen_000524.png,0,원피스,원피스,generated,,sd35_medium,,,f6b6v1,test_unseen
gen_000525,images/generated/sd35_medium/gen_000525.png,0,원피스,원피스,generated,,sd35_medium,,,f6b3v1,test_unseen
gen_000526,images/generated/sd35_medium/gen_000526.png,0,원피스,원피스,generated,,sd35_medium,,,f1b6v3,test_unseen
gen_000527,images/generated/sd35_medium/gen_000527.png,0,원피스,원피스,generated,,sd35_medium,,,f5b1v3,test_unseen
gen_000528,images/generated/sd35_medium/gen_000528.png,0,원피스,원피스,generated,,sd35_medium,,,f2b3v2,test_unseen
gen_000529,images/generated/sd35_medium/gen_000529.png,0,원피스,원피스,generated,,sd35_medium,,,f5b3v1,test_unseen
gen_000530,images/generated/sd35_medium/gen_000530.png,0,원피스,원피스,generated,,sd35_medium,,,f3b2v1,test_unseen
gen_000531,images/generated/sd35_medium/gen_000531.png,0,아우터,아우터,generated,,sd35_medium,,,f1b6v1,test_unseen
gen_000532,images/generated/sd35_medium/gen_000532.png,0,아우터,아우터,generated,,sd35_medium,,,f2b6v1,test_unseen
gen_000533,images/generated/sd35_medium/gen_000533.png,0,아우터,아우터,generated,,sd35_medium,,,f5b7v2,test_unseen
gen_000534,images/generated/sd35_medium/gen_000534.png,0,아우터,아우터,generated,,sd35_medium,,,f6b3v1,test_unseen
gen_000535,images/generated/sd35_medium/gen_000535.png,0,아우터,아우터,generated,,sd35_medium,,,f4b5v1,test_unseen
gen_000536,images/generated/sd35_medium/gen_000536.png,0,아우터,아우터,generated,,sd35_medium,,,f3b1v1,test_unseen
gen_000537,images/generated/sd35_medium/gen_000537.png,0,아우터,아우터,generated,,sd35_medium,,,f1b1v2,test_unseen
gen_000538,images/generated/sd35_medium/gen_000538.png,0,아우터,아우터,generated,,sd35_medium,,,f1b7v1,test_unseen
gen_000539,images/generated/sd35_medium/gen_000539.png,0,아우터,아우터,generated,,sd35_medium,,,f6b4v1,test_unseen
gen_000540,images/generated/sd35_medium/gen_000540.png,0,아우터,아우터,generated,,sd35_medium,,,f2b7v1,test_unseen
gen_000541,images/generated/sd35_medium/gen_000541.png,0,아우터,아우터,generated,,sd35_medium,,,f1b6v1,test_unseen
gen_000542,images/generated/sd35_medium/gen_000542.png,0,아우터,아우터,generated,,sd35_medium,,,f6b1v2,test_unseen
gen_000543,images/generated/sd35_medium/gen_000543.png,0,아우터,아우터,generated,,sd35_medium,,,f1b4v2,test_unseen
gen_000544,images/generated/sd35_medium/gen_000544.png,0,아우터,아우터,generated,,sd35_medium,,,f2b2v1,test_unseen
gen_000545,images/generated/sd35_medium/gen_000545.png,0,아우터,아우터,generated,,sd35_medium,,,f2b3v1,test_unseen
gen_000546,images/generated/sd35_medium/gen_000546.png,0,아우터,아우터,generated,,sd35_medium,,,f4b7v3,test_unseen
gen_000547,images/generated/sd35_medium/gen_000547.png,0,아우터,아우터,generated,,sd35_medium,,,f6b5v2,test_unseen
gen_000548,images/generated/sd35_medium/gen_000548.png,0,아우터,아우터,generated,,sd35_medium,,,f2b4v1,test_unseen
gen_000549,images/generated/sd35_medium/gen_000549.png,0,아우터,아우터,generated,,sd35_medium,,,f1b2v1,test_unseen
gen_000550,images/generated/sd35_medium/gen_000550.png,0,아우터,아우터,generated,,sd35_medium,,,f4b3v1,test_unseen
gen_000551,images/generated/sd35_medium/gen_000551.png,0,아우터,아우터,generated,,sd35_medium,,,f2b2v1,test_unseen
gen_000552,images/generated/sd35_medium/gen_000552.png,0,아우터,아우터,generated,,sd35_medium,,,f6b3v1,test_unseen
gen_000553,images/generated/sd35_medium/gen_000553.png,0,아우터,아우터,generated,,sd35_medium,,,f1b5v1,test_unseen
gen_000554,images/generated/sd35_medium/gen_000554.png,0,아우터,아우터,generated,,sd35_medium,,,f6b7v1,test_unseen
gen_000555,images/generated/sd35_medium/gen_000555.png,0,아우터,아우터,generated,,sd35_medium,,,f5b5v1,test_unseen
gen_000556,images/generated/sd35_medium/gen_000556.png,0,아우터,아우터,generated,,sd35_medium,,,f3b2v2,test_unseen
gen_000557,images/generated/sd35_medium/gen_000557.png,0,아우터,아우터,generated,,sd35_medium,,,f4b2v2,test_unseen
gen_000558,images/generated/sd35_medium/gen_000558.png,0,아우터,아우터,generated,,sd35_medium,,,f1b1v1,test_unseen
gen_000559,images/generated/sd35_medium/gen_000559.png,0,아우터,아우터,generated,,sd35_medium,,,f1b5v1,test_unseen
gen_000560,images/generated/sd35_medium/gen_000560.png,0,아우터,아우터,generated,,sd35_medium,,,f1b2v1,test_unseen
gen_000561,images/generated/sd35_medium/gen_000561.png,0,아우터,아우터,generated,,sd35_medium,,,f5b7v2,test_unseen
gen_000562,images/generated/sd35_medium/gen_000562.png,0,상의,상의|하의,generated,,sd35_medium,,,f6b1v3,test_unseen
gen_000563,images/generated/sd35_medium/gen_000563.png,0,상의,상의|하의,generated,,sd35_medium,,,f1b6v1,test_unseen
gen_000564,images/generated/sd35_medium/gen_000564.png,0,상의,상의|하의,generated,,sd35_medium,,,f6b3v1,test_unseen
gen_000565,images/generated/sd35_medium/gen_000565.png,0,상의,상의|하의,generated,,sd35_medium,,,f5b4v1,test_unseen
gen_000566,images/generated/sd35_medium/gen_000566.png,0,상의,상의|하의,generated,,sd35_medium,,,f1b6v1,test_unseen
gen_000567,images/generated/sd35_medium/gen_000567.png,0,상의,상의|하의,generated,,sd35_medium,,,f3b7v1,test_unseen
gen_000568,images/generated/sd35_medium/gen_000568.png,0,상의,상의|하의,generated,,sd35_medium,,,f6b4v1,test_unseen
gen_000569,images/generated/sd35_medium/gen_000569.png,0,상의,상의|하의,generated,,sd35_medium,,,f1b1v3,test_unseen
gen_000570,images/generated/sd35_medium/gen_000570.png,0,상의,상의|하의,generated,,sd35_medium,,,f5b1v2,test_unseen
gen_000571,images/generated/sd35_medium/gen_000571.png,0,상의,상의|하의,generated,,sd35_medium,,,f4b2v1,test_unseen
gen_000572,images/generated/sd35_medium/gen_000572.png,0,상의,상의|하의,generated,,sd35_medium,,,f3b2v2,test_unseen
gen_000573,images/generated/sd35_medium/gen_000573.png,0,상의,상의|하의,generated,,sd35_medium,,,f5b7v1,test_unseen
gen_000574,images/generated/sd35_medium/gen_000574.png,0,상의,상의|하의,generated,,sd35_medium,,,f2b7v1,test_unseen
gen_000575,images/generated/sd35_medium/gen_000575.png,0,상의,상의|하의,generated,,sd35_medium,,,f4b1v1,test_unseen
gen_000576,images/generated/sd35_medium/gen_000576.png,0,상의,상의|하의,generated,,sd35_medium,,,f6b7v2,test_unseen
gen_000577,images/generated/sd35_medium/gen_000577.png,0,상의,상의|하의,generated,,sd35_medium,,,f6b1v1,test_unseen
gen_000578,images/generated/sd35_medium/gen_000578.png,0,상의,상의|하의,generated,,sd35_medium,,,f2b2v2,test_unseen
gen_000579,images/generated/sd35_medium/gen_000579.png,0,상의,상의|하의,generated,,sd35_medium,,,f2b2v1,test_unseen
gen_000580,images/generated/sd35_medium/gen_000580.png,0,상의,상의|하의,generated,,sd35_medium,,,f3b7v1,test_unseen
gen_000581,images/generated/sd35_medium/gen_000581.png,0,상의,상의|하의,generated,,sd35_medium,,,f6b5v1,test_unseen
gen_000582,images/generated/sd35_medium/gen_000582.png,0,상의,상의|하의,generated,,sd35_medium,,,f1b1v3,test_unseen
gen_000583,images/generated/sd35_medium/gen_000583.png,0,상의,상의|하의,generated,,sd35_medium,,,f1b1v1,test_unseen
gen_000584,images/generated/sd35_medium/gen_000584.png,0,상의,상의|하의,generated,,sd35_medium,,,f4b5v3,test_unseen
gen_000585,images/generated/sd35_medium/gen_000585.png,0,상의,상의|하의,generated,,sd35_medium,,,f3b1v2,test_unseen
gen_000586,images/generated/sd35_medium/gen_000586.png,0,상의,상의|하의,generated,,sd35_medium,,,f3b4v1,test_unseen
gen_000587,images/generated/sd35_medium/gen_000587.png,0,상의,상의|하의,generated,,sd35_medium,,,f5b3v2,test_unseen
gen_000588,images/generated/sd35_medium/gen_000588.png,0,상의,상의|하의,generated,,sd35_medium,,,f5b3v2,test_unseen
gen_000589,images/generated/sd35_medium/gen_000589.png,0,상의,상의|하의,generated,,sd35_medium,,,f5b2v1,test_unseen
gen_000590,images/generated/sd35_medium/gen_000590.png,0,상의,상의|하의,generated,,sd35_medium,,,f6b6v3,test_unseen
gen_000591,images/generated/sd35_medium/gen_000591.png,0,상의,상의|하의,generated,,sd35_medium,,,f4b5v2,test_unseen
gen_000592,images/generated/sd35_medium/gen_000592.png,0,상의,상의|하의,generated,,sd35_medium,,,f4b7v1,test_unseen
gen_000593,images/generated/sd35_medium/gen_000593.png,0,하의,상의|하의,generated,,sd35_medium,,,f4b4v2,test_unseen
gen_000594,images/generated/sd35_medium/gen_000594.png,0,하의,상의|하의,generated,,sd35_medium,,,f6b1v1,test_unseen
gen_000595,images/generated/sd35_medium/gen_000595.png,0,하의,상의|하의,generated,,sd35_medium,,,f1b7v3,test_unseen
gen_000596,images/generated/sd35_medium/gen_000596.png,0,하의,상의|하의,generated,,sd35_medium,,,f2b7v1,test_unseen
gen_000597,images/generated/sd35_medium/gen_000597.png,0,하의,상의|하의,generated,,sd35_medium,,,f4b5v2,test_unseen
gen_000598,images/generated/sd35_medium/gen_000598.png,0,하의,상의|하의,generated,,sd35_medium,,,f6b5v1,test_unseen
gen_000599,images/generated/sd35_medium/gen_000599.png,0,하의,상의|하의,generated,,sd35_medium,,,f4b2v1,test_unseen
gen_000600,images/generated/sd35_medium/gen_000600.png,0,하의,상의|하의,generated,,sd35_medium,,,f4b2v1,test_unseen
gen_000601,images/generated/sd35_medium/gen_000601.png,0,하의,상의|하의,generated,,sd35_medium,,,f1b5v1,test_unseen
gen_000602,images/generated/sd35_medium/gen_000602.png,0,하의,상의|하의,generated,,sd35_medium,,,f2b7v1,test_unseen
gen_000603,images/generated/sd35_medium/gen_000603.png,0,하의,상의|하의,generated,,sd35_medium,,,f4b5v2,test_unseen
gen_000604,images/generated/sd35_medium/gen_000604.png,0,하의,상의|하의,generated,,sd35_medium,,,f5b4v3,test_unseen
gen_000605,images/generated/sd35_medium/gen_000605.png,0,하의,상의|하의,generated,,sd35_medium,,,f4b3v2,test_unseen
gen_000606,images/generated/sd35_medium/gen_000606.png,0,하의,상의|하의,generated,,sd35_medium,,,f5b4v2,test_unseen
gen_000607,images/generated/sd35_medium/gen_000607.png,0,하의,상의|하의,generated,,sd35_medium,,,f6b3v1,test_unseen
gen_000608,images/generated/sd35_medium/gen_000608.png,0,하의,상의|하의,generated,,sd35_medium,,,f2b2v1,test_unseen
gen_000609,images/generated/sd35_medium/gen_000609.png,0,하의,상의|하의,generated,,sd35_medium,,,f1b4v1,test_unseen
gen_000610,images/generated/sd35_medium/gen_000610.png,0,하의,상의|하의,generated,,sd35_medium,,,f1b2v2,test_unseen
gen_000611,images/generated/sd35_medium/gen_000611.png,0,하의,상의|하의,generated,,sd35_medium,,,f5b4v1,test_unseen
gen_000612,images/generated/sd35_medium/gen_000612.png,0,하의,상의|하의,generated,,sd35_medium,,,f4b7v3,test_unseen
gen_000613,images/generated/sd35_medium/gen_000613.png,0,하의,상의|하의,generated,,sd35_medium,,,f4b2v1,test_unseen
gen_000614,images/generated/sd35_medium/gen_000614.png,0,하의,상의|하의,generated,,sd35_medium,,,f3b6v2,test_unseen
gen_000615,images/generated/sd35_medium/gen_000615.png,0,하의,상의|하의,generated,,sd35_medium,,,f4b2v3,test_unseen
gen_000616,images/generated/sd35_medium/gen_000616.png,0,하의,상의|하의,generated,,sd35_medium,,,f5b5v2,test_unseen
gen_000617,images/generated/sd35_medium/gen_000617.png,0,하의,상의|하의,generated,,sd35_medium,,,f2b7v1,test_unseen
gen_000618,images/generated/sd35_medium/gen_000618.png,0,하의,상의|하의,generated,,sd35_medium,,,f3b2v1,test_unseen
gen_000619,images/generated/sd35_medium/gen_000619.png,0,하의,상의|하의,generated,,sd35_medium,,,f3b7v3,test_unseen
gen_000620,images/generated/sd35_medium/gen_000620.png,0,하의,상의|하의,generated,,sd35_medium,,,f4b1v2,test_unseen
gen_000621,images/generated/sd35_medium/gen_000621.png,0,하의,상의|하의,generated,,sd35_medium,,,f2b6v1,test_unseen
gen_000622,images/generated/sd35_medium/gen_000622.png,0,하의,상의|하의,generated,,sd35_medium,,,f1b2v1,test_unseen
gen_000623,images/generated/sd35_medium/gen_000623.png,0,하의,상의|하의,generated,,sd35_medium,,,f2b2v1,test_unseen
gen_002528,images/generated/sd35_medium/gen_002528.png,0,원피스,원피스,generated,,sd35_medium,,,f1b3v2,test_unseen
gen_002529,images/generated/sd35_medium/gen_002529.png,0,원피스,원피스,generated,,sd35_medium,,,f3b6v2,test_unseen
gen_002530,images/generated/sd35_medium/gen_002530.png,0,원피스,원피스,generated,,sd35_medium,,,f5b1v1,test_unseen
gen_002531,images/generated/sd35_medium/gen_002531.png,0,원피스,원피스,generated,,sd35_medium,,,f4b2v1,test_unseen
gen_002532,images/generated/sd35_medium/gen_002532.png,0,원피스,원피스,generated,,sd35_medium,,,f4b2v1,test_unseen
gen_002533,images/generated/sd35_medium/gen_002533.png,0,원피스,원피스,generated,,sd35_medium,,,f2b7v1,test_unseen
gen_002534,images/generated/sd35_medium/gen_002534.png,0,원피스,원피스,generated,,sd35_medium,,,f5b2v1,test_unseen
gen_002535,images/generated/sd35_medium/gen_002535.png,0,원피스,원피스,generated,,sd35_medium,,,f2b1v2,test_unseen
gen_002536,images/generated/sd35_medium/gen_002536.png,0,원피스,원피스,generated,,sd35_medium,,,f5b5v1,test_unseen
gen_002537,images/generated/sd35_medium/gen_002537.png,0,원피스,원피스,generated,,sd35_medium,,,f1b7v2,test_unseen
gen_002538,images/generated/sd35_medium/gen_002538.png,0,원피스,원피스,generated,,sd35_medium,,,f3b5v2,test_unseen
gen_002539,images/generated/sd35_medium/gen_002539.png,0,원피스,원피스,generated,,sd35_medium,,,f1b7v1,test_unseen
gen_002540,images/generated/sd35_medium/gen_002540.png,0,원피스,원피스,generated,,sd35_medium,,,f3b6v1,test_unseen
gen_002541,images/generated/sd35_medium/gen_002541.png,0,원피스,원피스,generated,,sd35_medium,,,f3b4v3,test_unseen
gen_002542,images/generated/sd35_medium/gen_002542.png,0,원피스,원피스,generated,,sd35_medium,,,f6b4v1,test_unseen
gen_002543,images/generated/sd35_medium/gen_002543.png,0,원피스,원피스,generated,,sd35_medium,,,f3b2v2,test_unseen
gen_002544,images/generated/sd35_medium/gen_002544.png,0,원피스,원피스,generated,,sd35_medium,,,f5b7v1,test_unseen
gen_002545,images/generated/sd35_medium/gen_002545.png,0,원피스,원피스,generated,,sd35_medium,,,f4b5v1,test_unseen
gen_002546,images/generated/sd35_medium/gen_002546.png,0,원피스,원피스,generated,,sd35_medium,,,f2b6v1,test_unseen
gen_002547,images/generated/sd35_medium/gen_002547.png,0,원피스,원피스,generated,,sd35_medium,,,f1b6v1,test_unseen
gen_002548,images/generated/sd35_medium/gen_002548.png,0,원피스,원피스,generated,,sd35_medium,,,f3b7v3,test_unseen
gen_002549,images/generated/sd35_medium/gen_002549.png,0,원피스,원피스,generated,,sd35_medium,,,f1b6v1,test_unseen
gen_002550,images/generated/sd35_medium/gen_002550.png,0,원피스,원피스,generated,,sd35_medium,,,f2b6v3,test_unseen
gen_002551,images/generated/sd35_medium/gen_002551.png,0,원피스,원피스,generated,,sd35_medium,,,f3b4v1,test_unseen
gen_002552,images/generated/sd35_medium/gen_002552.png,0,원피스,원피스,generated,,sd35_medium,,,f2b6v2,test_unseen
gen_002553,images/generated/sd35_medium/gen_002553.png,0,원피스,원피스,generated,,sd35_medium,,,f3b2v1,test_unseen
gen_002554,images/generated/sd35_medium/gen_002554.png,0,원피스,원피스,generated,,sd35_medium,,,f4b2v1,test_unseen
gen_002555,images/generated/sd35_medium/gen_002555.png,0,원피스,원피스,generated,,sd35_medium,,,f1b1v1,test_unseen
gen_002556,images/generated/sd35_medium/gen_002556.png,0,원피스,원피스,generated,,sd35_medium,,,f5b3v1,test_unseen
gen_002557,images/generated/sd35_medium/gen_002557.png,0,원피스,원피스,generated,,sd35_medium,,,f2b2v1,test_unseen
gen_002558,images/generated/sd35_medium/gen_002558.png,0,원피스,원피스,generated,,sd35_medium,,,f5b5v1,test_unseen
gen_002559,images/generated/sd35_medium/gen_002559.png,0,원피스,원피스,generated,,sd35_medium,,,f1b2v1,test_unseen
gen_002560,images/generated/sd35_medium/gen_002560.png,0,원피스,원피스,generated,,sd35_medium,,,f5b2v1,test_unseen
gen_002561,images/generated/sd35_medium/gen_002561.png,0,원피스,원피스,generated,,sd35_medium,,,f2b2v1,test_unseen
gen_002562,images/generated/sd35_medium/gen_002562.png,0,원피스,원피스,generated,,sd35_medium,,,f6b7v1,test_unseen
gen_002563,images/generated/sd35_medium/gen_002563.png,0,원피스,원피스,generated,,sd35_medium,,,f3b2v1,test_unseen
gen_002564,images/generated/sd35_medium/gen_002564.png,0,원피스,원피스,generated,,sd35_medium,,,f3b5v2,test_unseen
gen_002565,images/generated/sd35_medium/gen_002565.png,0,원피스,원피스,generated,,sd35_medium,,,f4b3v3,test_unseen
gen_002566,images/generated/sd35_medium/gen_002566.png,0,원피스,원피스,generated,,sd35_medium,,,f5b5v1,test_unseen
gen_002567,images/generated/sd35_medium/gen_002567.png,0,원피스,원피스,generated,,sd35_medium,,,f2b5v3,test_unseen
gen_002568,images/generated/sd35_medium/gen_002568.png,0,원피스,원피스,generated,,sd35_medium,,,f5b6v1,test_unseen
gen_002569,images/generated/sd35_medium/gen_002569.png,0,원피스,원피스,generated,,sd35_medium,,,f6b2v1,test_unseen
gen_002570,images/generated/sd35_medium/gen_002570.png,0,원피스,원피스,generated,,sd35_medium,,,f3b2v1,test_unseen
gen_002571,images/generated/sd35_medium/gen_002571.png,0,원피스,원피스,generated,,sd35_medium,,,f1b3v1,test_unseen
gen_002572,images/generated/sd35_medium/gen_002572.png,0,원피스,원피스,generated,,sd35_medium,,,f2b1v2,test_unseen
gen_002573,images/generated/sd35_medium/gen_002573.png,0,원피스,원피스,generated,,sd35_medium,,,f1b7v1,test_unseen
gen_002574,images/generated/sd35_medium/gen_002574.png,0,원피스,원피스,generated,,sd35_medium,,,f3b7v2,test_unseen
gen_002575,images/generated/sd35_medium/gen_002575.png,0,원피스,원피스,generated,,sd35_medium,,,f2b3v1,test_unseen
gen_002576,images/generated/sd35_medium/gen_002576.png,0,원피스,원피스,generated,,sd35_medium,,,f5b6v1,test_unseen
gen_002577,images/generated/sd35_medium/gen_002577.png,0,원피스,원피스,generated,,sd35_medium,,,f2b2v1,test_unseen
gen_002578,images/generated/sd35_medium/gen_002578.png,0,원피스,원피스,generated,,sd35_medium,,,f3b4v1,test_unseen
gen_002579,images/generated/sd35_medium/gen_002579.png,0,원피스,원피스,generated,,sd35_medium,,,f1b7v2,test_unseen
gen_002580,images/generated/sd35_medium/gen_002580.png,0,원피스,원피스,generated,,sd35_medium,,,f4b3v1,test_unseen
gen_002581,images/generated/sd35_medium/gen_002581.png,0,원피스,원피스,generated,,sd35_medium,,,f2b5v2,test_unseen
gen_002582,images/generated/sd35_medium/gen_002582.png,0,원피스,원피스,generated,,sd35_medium,,,f5b4v2,test_unseen
gen_002583,images/generated/sd35_medium/gen_002583.png,0,원피스,원피스,generated,,sd35_medium,,,f1b6v2,test_unseen
gen_002584,images/generated/sd35_medium/gen_002584.png,0,원피스,원피스,generated,,sd35_medium,,,f3b1v2,test_unseen
gen_002585,images/generated/sd35_medium/gen_002585.png,0,원피스,원피스,generated,,sd35_medium,,,f6b6v1,test_unseen
gen_002586,images/generated/sd35_medium/gen_002586.png,0,원피스,원피스,generated,,sd35_medium,,,f3b1v1,test_unseen
gen_002587,images/generated/sd35_medium/gen_002587.png,0,원피스,원피스,generated,,sd35_medium,,,f1b5v2,test_unseen
gen_002588,images/generated/sd35_medium/gen_002588.png,0,원피스,원피스,generated,,sd35_medium,,,f2b3v3,test_unseen
gen_002589,images/generated/sd35_medium/gen_002589.png,0,원피스,원피스,generated,,sd35_medium,,,f1b6v2,test_unseen
gen_002590,images/generated/sd35_medium/gen_002590.png,0,원피스,원피스,generated,,sd35_medium,,,f2b5v1,test_unseen
gen_002591,images/generated/sd35_medium/gen_002591.png,0,원피스,원피스,generated,,sd35_medium,,,f1b1v1,test_unseen
gen_002592,images/generated/sd35_medium/gen_002592.png,0,원피스,원피스,generated,,sd35_medium,,,f3b3v1,test_unseen
gen_002593,images/generated/sd35_medium/gen_002593.png,0,원피스,원피스,generated,,sd35_medium,,,f6b6v1,test_unseen
gen_002594,images/generated/sd35_medium/gen_002594.png,0,원피스,원피스,generated,,sd35_medium,,,f6b6v2,test_unseen
gen_002595,images/generated/sd35_medium/gen_002595.png,0,원피스,원피스,generated,,sd35_medium,,,f3b5v2,test_unseen
gen_002596,images/generated/sd35_medium/gen_002596.png,0,원피스,원피스,generated,,sd35_medium,,,f1b5v2,test_unseen
gen_002597,images/generated/sd35_medium/gen_002597.png,0,원피스,원피스,generated,,sd35_medium,,,f5b2v2,test_unseen
gen_002598,images/generated/sd35_medium/gen_002598.png,0,원피스,원피스,generated,,sd35_medium,,,f1b4v1,test_unseen
gen_002599,images/generated/sd35_medium/gen_002599.png,0,원피스,원피스,generated,,sd35_medium,,,f6b6v1,test_unseen
gen_002600,images/generated/sd35_medium/gen_002600.png,0,원피스,원피스,generated,,sd35_medium,,,f4b7v3,test_unseen
gen_002601,images/generated/sd35_medium/gen_002601.png,0,원피스,원피스,generated,,sd35_medium,,,f1b4v1,test_unseen
gen_002602,images/generated/sd35_medium/gen_002602.png,0,원피스,원피스,generated,,sd35_medium,,,f6b1v3,test_unseen
gen_002603,images/generated/sd35_medium/gen_002603.png,0,원피스,원피스,generated,,sd35_medium,,,f2b6v2,test_unseen
gen_002604,images/generated/sd35_medium/gen_002604.png,0,원피스,원피스,generated,,sd35_medium,,,f5b1v1,test_unseen
gen_002605,images/generated/sd35_medium/gen_002605.png,0,원피스,원피스,generated,,sd35_medium,,,f3b3v2,test_unseen
gen_002606,images/generated/sd35_medium/gen_002606.png,0,원피스,원피스,generated,,sd35_medium,,,f6b6v1,test_unseen
gen_002607,images/generated/sd35_medium/gen_002607.png,0,원피스,원피스,generated,,sd35_medium,,,f1b4v1,test_unseen
gen_002608,images/generated/sd35_medium/gen_002608.png,0,원피스,원피스,generated,,sd35_medium,,,f1b3v1,test_unseen
gen_002609,images/generated/sd35_medium/gen_002609.png,0,원피스,원피스,generated,,sd35_medium,,,f3b7v1,test_unseen
gen_002610,images/generated/sd35_medium/gen_002610.png,0,원피스,원피스,generated,,sd35_medium,,,f1b7v2,test_unseen
gen_002611,images/generated/sd35_medium/gen_002611.png,0,원피스,원피스,generated,,sd35_medium,,,f3b3v1,test_unseen
gen_002612,images/generated/sd35_medium/gen_002612.png,0,원피스,원피스,generated,,sd35_medium,,,f4b3v1,test_unseen
gen_002613,images/generated/sd35_medium/gen_002613.png,0,원피스,원피스,generated,,sd35_medium,,,f4b4v1,test_unseen
gen_002614,images/generated/sd35_medium/gen_002614.png,0,원피스,원피스,generated,,sd35_medium,,,f3b4v2,test_unseen
gen_002615,images/generated/sd35_medium/gen_002615.png,0,원피스,원피스,generated,,sd35_medium,,,f3b3v1,test_unseen
gen_002616,images/generated/sd35_medium/gen_002616.png,0,원피스,원피스,generated,,sd35_medium,,,f5b4v2,test_unseen
gen_002617,images/generated/sd35_medium/gen_002617.png,0,원피스,원피스,generated,,sd35_medium,,,f4b7v3,test_unseen
gen_002618,images/generated/sd35_medium/gen_002618.png,0,원피스,원피스,generated,,sd35_medium,,,f2b3v1,test_unseen
gen_002619,images/generated/sd35_medium/gen_002619.png,0,원피스,원피스,generated,,sd35_medium,,,f2b5v1,test_unseen
gen_002620,images/generated/sd35_medium/gen_002620.png,0,원피스,원피스,generated,,sd35_medium,,,f5b1v1,test_unseen
gen_002621,images/generated/sd35_medium/gen_002621.png,0,원피스,원피스,generated,,sd35_medium,,,f3b5v2,test_unseen
gen_002622,images/generated/sd35_medium/gen_002622.png,0,원피스,원피스,generated,,sd35_medium,,,f1b3v2,test_unseen
gen_002623,images/generated/sd35_medium/gen_002623.png,0,원피스,원피스,generated,,sd35_medium,,,f4b6v1,test_unseen
gen_002624,images/generated/sd35_medium/gen_002624.png,0,원피스,원피스,generated,,sd35_medium,,,f1b6v2,test_unseen
gen_002625,images/generated/sd35_medium/gen_002625.png,0,원피스,원피스,generated,,sd35_medium,,,f5b4v3,test_unseen
gen_002626,images/generated/sd35_medium/gen_002626.png,0,원피스,원피스,generated,,sd35_medium,,,f1b4v1,test_unseen
gen_002627,images/generated/sd35_medium/gen_002627.png,0,원피스,원피스,generated,,sd35_medium,,,f5b7v2,test_unseen
gen_002628,images/generated/sd35_medium/gen_002628.png,0,원피스,원피스,generated,,sd35_medium,,,f3b5v1,test_unseen
gen_002629,images/generated/sd35_medium/gen_002629.png,0,원피스,원피스,generated,,sd35_medium,,,f6b4v1,test_unseen
gen_002630,images/generated/sd35_medium/gen_002630.png,0,원피스,원피스,generated,,sd35_medium,,,f2b4v1,test_unseen
gen_002631,images/generated/sd35_medium/gen_002631.png,0,원피스,원피스,generated,,sd35_medium,,,f4b2v2,test_unseen
gen_002632,images/generated/sd35_medium/gen_002632.png,0,원피스,원피스,generated,,sd35_medium,,,f3b7v3,test_unseen
gen_002633,images/generated/sd35_medium/gen_002633.png,0,원피스,원피스,generated,,sd35_medium,,,f2b2v3,test_unseen
gen_002634,images/generated/sd35_medium/gen_002634.png,0,원피스,원피스,generated,,sd35_medium,,,f6b6v1,test_unseen
gen_002635,images/generated/sd35_medium/gen_002635.png,0,원피스,원피스,generated,,sd35_medium,,,f5b2v1,test_unseen
gen_002636,images/generated/sd35_medium/gen_002636.png,0,원피스,원피스,generated,,sd35_medium,,,f3b2v2,test_unseen
gen_002637,images/generated/sd35_medium/gen_002637.png,0,원피스,원피스,generated,,sd35_medium,,,f1b3v1,test_unseen
gen_002638,images/generated/sd35_medium/gen_002638.png,0,원피스,원피스,generated,,sd35_medium,,,f6b3v1,test_unseen
gen_002639,images/generated/sd35_medium/gen_002639.png,0,원피스,원피스,generated,,sd35_medium,,,f3b2v1,test_unseen
gen_002640,images/generated/sd35_medium/gen_002640.png,0,원피스,원피스,generated,,sd35_medium,,,f6b5v1,test_unseen
gen_002641,images/generated/sd35_medium/gen_002641.png,0,원피스,원피스,generated,,sd35_medium,,,f4b4v2,test_unseen
gen_002642,images/generated/sd35_medium/gen_002642.png,0,원피스,원피스,generated,,sd35_medium,,,f1b6v2,test_unseen
gen_002643,images/generated/sd35_medium/gen_002643.png,0,원피스,원피스,generated,,sd35_medium,,,f1b5v1,test_unseen
gen_002644,images/generated/sd35_medium/gen_002644.png,0,원피스,원피스,generated,,sd35_medium,,,f4b1v2,test_unseen
gen_002645,images/generated/sd35_medium/gen_002645.png,0,원피스,원피스,generated,,sd35_medium,,,f5b4v2,test_unseen
gen_002646,images/generated/sd35_medium/gen_002646.png,0,원피스,원피스,generated,,sd35_medium,,,f6b3v3,test_unseen
gen_002647,images/generated/sd35_medium/gen_002647.png,0,아우터,아우터,generated,,sd35_medium,,,f2b7v3,test_unseen
gen_002648,images/generated/sd35_medium/gen_002648.png,0,아우터,아우터,generated,,sd35_medium,,,f5b1v2,test_unseen
gen_002649,images/generated/sd35_medium/gen_002649.png,0,아우터,아우터,generated,,sd35_medium,,,f2b1v1,test_unseen
gen_002650,images/generated/sd35_medium/gen_002650.png,0,아우터,아우터,generated,,sd35_medium,,,f2b6v2,test_unseen
gen_002651,images/generated/sd35_medium/gen_002651.png,0,아우터,아우터,generated,,sd35_medium,,,f3b6v1,test_unseen
gen_002652,images/generated/sd35_medium/gen_002652.png,0,아우터,아우터,generated,,sd35_medium,,,f5b3v1,test_unseen
gen_002653,images/generated/sd35_medium/gen_002653.png,0,아우터,아우터,generated,,sd35_medium,,,f2b4v1,test_unseen
gen_002654,images/generated/sd35_medium/gen_002654.png,0,아우터,아우터,generated,,sd35_medium,,,f4b1v3,test_unseen
gen_002655,images/generated/sd35_medium/gen_002655.png,0,아우터,아우터,generated,,sd35_medium,,,f3b2v2,test_unseen
gen_002656,images/generated/sd35_medium/gen_002656.png,0,아우터,아우터,generated,,sd35_medium,,,f4b6v1,test_unseen
gen_002657,images/generated/sd35_medium/gen_002657.png,0,아우터,아우터,generated,,sd35_medium,,,f6b5v2,test_unseen
gen_002658,images/generated/sd35_medium/gen_002658.png,0,아우터,아우터,generated,,sd35_medium,,,f3b3v2,test_unseen
gen_002659,images/generated/sd35_medium/gen_002659.png,0,아우터,아우터,generated,,sd35_medium,,,f4b5v2,test_unseen
gen_002660,images/generated/sd35_medium/gen_002660.png,0,아우터,아우터,generated,,sd35_medium,,,f6b1v1,test_unseen
gen_002661,images/generated/sd35_medium/gen_002661.png,0,아우터,아우터,generated,,sd35_medium,,,f1b6v1,test_unseen
gen_002662,images/generated/sd35_medium/gen_002662.png,0,아우터,아우터,generated,,sd35_medium,,,f4b4v1,test_unseen
gen_002663,images/generated/sd35_medium/gen_002663.png,0,아우터,아우터,generated,,sd35_medium,,,f5b2v1,test_unseen
gen_002664,images/generated/sd35_medium/gen_002664.png,0,아우터,아우터,generated,,sd35_medium,,,f1b1v1,test_unseen
gen_002665,images/generated/sd35_medium/gen_002665.png,0,아우터,아우터,generated,,sd35_medium,,,f6b4v1,test_unseen
gen_002666,images/generated/sd35_medium/gen_002666.png,0,아우터,아우터,generated,,sd35_medium,,,f1b3v1,test_unseen
gen_002667,images/generated/sd35_medium/gen_002667.png,0,아우터,아우터,generated,,sd35_medium,,,f6b1v3,test_unseen
gen_002668,images/generated/sd35_medium/gen_002668.png,0,아우터,아우터,generated,,sd35_medium,,,f3b5v1,test_unseen
gen_002669,images/generated/sd35_medium/gen_002669.png,0,아우터,아우터,generated,,sd35_medium,,,f2b1v1,test_unseen
gen_002670,images/generated/sd35_medium/gen_002670.png,0,아우터,아우터,generated,,sd35_medium,,,f2b5v1,test_unseen
gen_002671,images/generated/sd35_medium/gen_002671.png,0,아우터,아우터,generated,,sd35_medium,,,f1b4v2,test_unseen
gen_002672,images/generated/sd35_medium/gen_002672.png,0,아우터,아우터,generated,,sd35_medium,,,f5b2v1,test_unseen
gen_002673,images/generated/sd35_medium/gen_002673.png,0,아우터,아우터,generated,,sd35_medium,,,f1b7v1,test_unseen
gen_002674,images/generated/sd35_medium/gen_002674.png,0,아우터,아우터,generated,,sd35_medium,,,f1b6v2,test_unseen
gen_002675,images/generated/sd35_medium/gen_002675.png,0,아우터,아우터,generated,,sd35_medium,,,f3b2v3,test_unseen
gen_002676,images/generated/sd35_medium/gen_002676.png,0,아우터,아우터,generated,,sd35_medium,,,f1b5v1,test_unseen
gen_002677,images/generated/sd35_medium/gen_002677.png,0,아우터,아우터,generated,,sd35_medium,,,f4b2v1,test_unseen
gen_002678,images/generated/sd35_medium/gen_002678.png,0,아우터,아우터,generated,,sd35_medium,,,f4b7v2,test_unseen
gen_002679,images/generated/sd35_medium/gen_002679.png,0,아우터,아우터,generated,,sd35_medium,,,f6b7v2,test_unseen
gen_002680,images/generated/sd35_medium/gen_002680.png,0,아우터,아우터,generated,,sd35_medium,,,f6b2v2,test_unseen
gen_002681,images/generated/sd35_medium/gen_002681.png,0,아우터,아우터,generated,,sd35_medium,,,f4b1v1,test_unseen
gen_002682,images/generated/sd35_medium/gen_002682.png,0,아우터,아우터,generated,,sd35_medium,,,f2b6v2,test_unseen
gen_002683,images/generated/sd35_medium/gen_002683.png,0,아우터,아우터,generated,,sd35_medium,,,f6b2v2,test_unseen
gen_002684,images/generated/sd35_medium/gen_002684.png,0,아우터,아우터,generated,,sd35_medium,,,f4b1v1,test_unseen
gen_002685,images/generated/sd35_medium/gen_002685.png,0,아우터,아우터,generated,,sd35_medium,,,f4b3v1,test_unseen
gen_002686,images/generated/sd35_medium/gen_002686.png,0,아우터,아우터,generated,,sd35_medium,,,f5b3v2,test_unseen
gen_002687,images/generated/sd35_medium/gen_002687.png,0,아우터,아우터,generated,,sd35_medium,,,f6b4v1,test_unseen
gen_002688,images/generated/sd35_medium/gen_002688.png,0,아우터,아우터,generated,,sd35_medium,,,f2b2v3,test_unseen
gen_002689,images/generated/sd35_medium/gen_002689.png,0,아우터,아우터,generated,,sd35_medium,,,f1b5v1,test_unseen
gen_002690,images/generated/sd35_medium/gen_002690.png,0,아우터,아우터,generated,,sd35_medium,,,f4b4v1,test_unseen
gen_002691,images/generated/sd35_medium/gen_002691.png,0,아우터,아우터,generated,,sd35_medium,,,f4b4v2,test_unseen
gen_002692,images/generated/sd35_medium/gen_002692.png,0,아우터,아우터,generated,,sd35_medium,,,f6b6v2,test_unseen
gen_002693,images/generated/sd35_medium/gen_002693.png,0,아우터,아우터,generated,,sd35_medium,,,f5b7v3,test_unseen
gen_002694,images/generated/sd35_medium/gen_002694.png,0,아우터,아우터,generated,,sd35_medium,,,f2b3v1,test_unseen
gen_002695,images/generated/sd35_medium/gen_002695.png,0,아우터,아우터,generated,,sd35_medium,,,f2b1v1,test_unseen
gen_002696,images/generated/sd35_medium/gen_002696.png,0,아우터,아우터,generated,,sd35_medium,,,f1b6v1,test_unseen
gen_002697,images/generated/sd35_medium/gen_002697.png,0,아우터,아우터,generated,,sd35_medium,,,f2b4v1,test_unseen
gen_002698,images/generated/sd35_medium/gen_002698.png,0,아우터,아우터,generated,,sd35_medium,,,f6b6v2,test_unseen
gen_002699,images/generated/sd35_medium/gen_002699.png,0,아우터,아우터,generated,,sd35_medium,,,f1b1v1,test_unseen
gen_002700,images/generated/sd35_medium/gen_002700.png,0,아우터,아우터,generated,,sd35_medium,,,f1b7v1,test_unseen
gen_002701,images/generated/sd35_medium/gen_002701.png,0,아우터,아우터,generated,,sd35_medium,,,f6b7v2,test_unseen
gen_002702,images/generated/sd35_medium/gen_002702.png,0,아우터,아우터,generated,,sd35_medium,,,f5b2v3,test_unseen
gen_002703,images/generated/sd35_medium/gen_002703.png,0,아우터,아우터,generated,,sd35_medium,,,f6b3v1,test_unseen
gen_002704,images/generated/sd35_medium/gen_002704.png,0,아우터,아우터,generated,,sd35_medium,,,f2b1v1,test_unseen
gen_002705,images/generated/sd35_medium/gen_002705.png,0,아우터,아우터,generated,,sd35_medium,,,f4b2v1,test_unseen
gen_002706,images/generated/sd35_medium/gen_002706.png,0,아우터,아우터,generated,,sd35_medium,,,f4b7v1,test_unseen
gen_002707,images/generated/sd35_medium/gen_002707.png,0,아우터,아우터,generated,,sd35_medium,,,f1b1v1,test_unseen
gen_002708,images/generated/sd35_medium/gen_002708.png,0,아우터,아우터,generated,,sd35_medium,,,f6b2v1,test_unseen
gen_002709,images/generated/sd35_medium/gen_002709.png,0,아우터,아우터,generated,,sd35_medium,,,f1b4v2,test_unseen
gen_002710,images/generated/sd35_medium/gen_002710.png,0,아우터,아우터,generated,,sd35_medium,,,f5b6v1,test_unseen
gen_002711,images/generated/sd35_medium/gen_002711.png,0,아우터,아우터,generated,,sd35_medium,,,f4b4v1,test_unseen
gen_002712,images/generated/sd35_medium/gen_002712.png,0,아우터,아우터,generated,,sd35_medium,,,f4b5v1,test_unseen
gen_002713,images/generated/sd35_medium/gen_002713.png,0,아우터,아우터,generated,,sd35_medium,,,f6b4v3,test_unseen
gen_002714,images/generated/sd35_medium/gen_002714.png,0,아우터,아우터,generated,,sd35_medium,,,f2b7v1,test_unseen
gen_002715,images/generated/sd35_medium/gen_002715.png,0,아우터,아우터,generated,,sd35_medium,,,f3b3v3,test_unseen
gen_002716,images/generated/sd35_medium/gen_002716.png,0,아우터,아우터,generated,,sd35_medium,,,f5b5v1,test_unseen
gen_002717,images/generated/sd35_medium/gen_002717.png,0,아우터,아우터,generated,,sd35_medium,,,f2b7v1,test_unseen
gen_002718,images/generated/sd35_medium/gen_002718.png,0,아우터,아우터,generated,,sd35_medium,,,f3b3v2,test_unseen
gen_002719,images/generated/sd35_medium/gen_002719.png,0,아우터,아우터,generated,,sd35_medium,,,f2b5v1,test_unseen
gen_002720,images/generated/sd35_medium/gen_002720.png,0,아우터,아우터,generated,,sd35_medium,,,f3b4v2,test_unseen
gen_002721,images/generated/sd35_medium/gen_002721.png,0,아우터,아우터,generated,,sd35_medium,,,f2b1v2,test_unseen
gen_002722,images/generated/sd35_medium/gen_002722.png,0,아우터,아우터,generated,,sd35_medium,,,f6b5v3,test_unseen
gen_002723,images/generated/sd35_medium/gen_002723.png,0,아우터,아우터,generated,,sd35_medium,,,f4b2v1,test_unseen
gen_002724,images/generated/sd35_medium/gen_002724.png,0,아우터,아우터,generated,,sd35_medium,,,f3b3v2,test_unseen
gen_002725,images/generated/sd35_medium/gen_002725.png,0,아우터,아우터,generated,,sd35_medium,,,f1b4v1,test_unseen
gen_002726,images/generated/sd35_medium/gen_002726.png,0,아우터,아우터,generated,,sd35_medium,,,f3b1v1,test_unseen
gen_002727,images/generated/sd35_medium/gen_002727.png,0,아우터,아우터,generated,,sd35_medium,,,f3b4v2,test_unseen
gen_002728,images/generated/sd35_medium/gen_002728.png,0,아우터,아우터,generated,,sd35_medium,,,f5b3v1,test_unseen
gen_002729,images/generated/sd35_medium/gen_002729.png,0,아우터,아우터,generated,,sd35_medium,,,f2b3v2,test_unseen
gen_002730,images/generated/sd35_medium/gen_002730.png,0,아우터,아우터,generated,,sd35_medium,,,f1b4v1,test_unseen
gen_002731,images/generated/sd35_medium/gen_002731.png,0,아우터,아우터,generated,,sd35_medium,,,f2b4v2,test_unseen
gen_002732,images/generated/sd35_medium/gen_002732.png,0,아우터,아우터,generated,,sd35_medium,,,f1b7v1,test_unseen
gen_002733,images/generated/sd35_medium/gen_002733.png,0,아우터,아우터,generated,,sd35_medium,,,f6b6v1,test_unseen
gen_002734,images/generated/sd35_medium/gen_002734.png,0,아우터,아우터,generated,,sd35_medium,,,f6b6v1,test_unseen
gen_002735,images/generated/sd35_medium/gen_002735.png,0,아우터,아우터,generated,,sd35_medium,,,f6b1v1,test_unseen
gen_002736,images/generated/sd35_medium/gen_002736.png,0,아우터,아우터,generated,,sd35_medium,,,f3b7v3,test_unseen
gen_002737,images/generated/sd35_medium/gen_002737.png,0,아우터,아우터,generated,,sd35_medium,,,f5b4v1,test_unseen
gen_002738,images/generated/sd35_medium/gen_002738.png,0,아우터,아우터,generated,,sd35_medium,,,f4b5v1,test_unseen
gen_002739,images/generated/sd35_medium/gen_002739.png,0,아우터,아우터,generated,,sd35_medium,,,f5b6v1,test_unseen
gen_002740,images/generated/sd35_medium/gen_002740.png,0,아우터,아우터,generated,,sd35_medium,,,f1b3v1,test_unseen
gen_002741,images/generated/sd35_medium/gen_002741.png,0,아우터,아우터,generated,,sd35_medium,,,f5b4v1,test_unseen
gen_002742,images/generated/sd35_medium/gen_002742.png,0,아우터,아우터,generated,,sd35_medium,,,f3b6v1,test_unseen
gen_002743,images/generated/sd35_medium/gen_002743.png,0,아우터,아우터,generated,,sd35_medium,,,f4b3v3,test_unseen
gen_002744,images/generated/sd35_medium/gen_002744.png,0,아우터,아우터,generated,,sd35_medium,,,f6b4v2,test_unseen
gen_002745,images/generated/sd35_medium/gen_002745.png,0,아우터,아우터,generated,,sd35_medium,,,f3b3v3,test_unseen
gen_002746,images/generated/sd35_medium/gen_002746.png,0,아우터,아우터,generated,,sd35_medium,,,f1b1v3,test_unseen
gen_002747,images/generated/sd35_medium/gen_002747.png,0,아우터,아우터,generated,,sd35_medium,,,f6b6v1,test_unseen
gen_002748,images/generated/sd35_medium/gen_002748.png,0,아우터,아우터,generated,,sd35_medium,,,f4b1v2,test_unseen
gen_002749,images/generated/sd35_medium/gen_002749.png,0,아우터,아우터,generated,,sd35_medium,,,f3b2v1,test_unseen
gen_002750,images/generated/sd35_medium/gen_002750.png,0,아우터,아우터,generated,,sd35_medium,,,f3b3v2,test_unseen
gen_002751,images/generated/sd35_medium/gen_002751.png,0,아우터,아우터,generated,,sd35_medium,,,f2b6v1,test_unseen
gen_002752,images/generated/sd35_medium/gen_002752.png,0,아우터,아우터,generated,,sd35_medium,,,f6b3v2,test_unseen
gen_002753,images/generated/sd35_medium/gen_002753.png,0,아우터,아우터,generated,,sd35_medium,,,f1b6v3,test_unseen
gen_002754,images/generated/sd35_medium/gen_002754.png,0,아우터,아우터,generated,,sd35_medium,,,f3b7v3,test_unseen
gen_002755,images/generated/sd35_medium/gen_002755.png,0,아우터,아우터,generated,,sd35_medium,,,f6b2v3,test_unseen
gen_002756,images/generated/sd35_medium/gen_002756.png,0,아우터,아우터,generated,,sd35_medium,,,f5b3v3,test_unseen
gen_002757,images/generated/sd35_medium/gen_002757.png,0,아우터,아우터,generated,,sd35_medium,,,f4b5v1,test_unseen
gen_002758,images/generated/sd35_medium/gen_002758.png,0,아우터,아우터,generated,,sd35_medium,,,f3b3v1,test_unseen
gen_002759,images/generated/sd35_medium/gen_002759.png,0,아우터,아우터,generated,,sd35_medium,,,f1b7v1,test_unseen
gen_002760,images/generated/sd35_medium/gen_002760.png,0,아우터,아우터,generated,,sd35_medium,,,f4b4v1,test_unseen
gen_002761,images/generated/sd35_medium/gen_002761.png,0,아우터,아우터,generated,,sd35_medium,,,f3b4v3,test_unseen
gen_002762,images/generated/sd35_medium/gen_002762.png,0,아우터,아우터,generated,,sd35_medium,,,f4b7v2,test_unseen
gen_002763,images/generated/sd35_medium/gen_002763.png,0,아우터,아우터,generated,,sd35_medium,,,f1b3v1,test_unseen
gen_002764,images/generated/sd35_medium/gen_002764.png,0,아우터,아우터,generated,,sd35_medium,,,f6b3v2,test_unseen
gen_002765,images/generated/sd35_medium/gen_002765.png,0,아우터,아우터,generated,,sd35_medium,,,f2b3v2,test_unseen
gen_002766,images/generated/sd35_medium/gen_002766.png,0,상의,상의|하의,generated,,sd35_medium,,,f4b6v2,test_unseen
gen_002767,images/generated/sd35_medium/gen_002767.png,0,상의,상의|하의,generated,,sd35_medium,,,f4b5v1,test_unseen
gen_002768,images/generated/sd35_medium/gen_002768.png,0,상의,상의|하의,generated,,sd35_medium,,,f1b2v2,test_unseen
gen_002769,images/generated/sd35_medium/gen_002769.png,0,상의,상의|하의,generated,,sd35_medium,,,f2b7v1,test_unseen
gen_002770,images/generated/sd35_medium/gen_002770.png,0,상의,상의|하의,generated,,sd35_medium,,,f3b5v1,test_unseen
gen_002771,images/generated/sd35_medium/gen_002771.png,0,상의,상의|하의,generated,,sd35_medium,,,f4b5v1,test_unseen
gen_002772,images/generated/sd35_medium/gen_002772.png,0,상의,상의|하의,generated,,sd35_medium,,,f6b1v2,test_unseen
gen_002773,images/generated/sd35_medium/gen_002773.png,0,상의,상의|하의,generated,,sd35_medium,,,f6b6v1,test_unseen
gen_002774,images/generated/sd35_medium/gen_002774.png,0,상의,상의|하의,generated,,sd35_medium,,,f3b1v1,test_unseen
gen_002775,images/generated/sd35_medium/gen_002775.png,0,상의,상의|하의,generated,,sd35_medium,,,f5b3v1,test_unseen
gen_002776,images/generated/sd35_medium/gen_002776.png,0,상의,상의|하의,generated,,sd35_medium,,,f5b2v2,test_unseen
gen_002777,images/generated/sd35_medium/gen_002777.png,0,상의,상의|하의,generated,,sd35_medium,,,f6b3v1,test_unseen
gen_002778,images/generated/sd35_medium/gen_002778.png,0,상의,상의|하의,generated,,sd35_medium,,,f6b2v1,test_unseen
gen_002779,images/generated/sd35_medium/gen_002779.png,0,상의,상의|하의,generated,,sd35_medium,,,f1b2v1,test_unseen
gen_002780,images/generated/sd35_medium/gen_002780.png,0,상의,상의|하의,generated,,sd35_medium,,,f6b4v2,test_unseen
gen_002781,images/generated/sd35_medium/gen_002781.png,0,상의,상의|하의,generated,,sd35_medium,,,f5b6v1,test_unseen
gen_002782,images/generated/sd35_medium/gen_002782.png,0,상의,상의|하의,generated,,sd35_medium,,,f2b7v2,test_unseen
gen_002783,images/generated/sd35_medium/gen_002783.png,0,상의,상의|하의,generated,,sd35_medium,,,f1b4v1,test_unseen
gen_002784,images/generated/sd35_medium/gen_002784.png,0,상의,상의|하의,generated,,sd35_medium,,,f6b1v1,test_unseen
gen_002785,images/generated/sd35_medium/gen_002785.png,0,상의,상의|하의,generated,,sd35_medium,,,f5b4v1,test_unseen
gen_002786,images/generated/sd35_medium/gen_002786.png,0,상의,상의|하의,generated,,sd35_medium,,,f2b1v2,test_unseen
gen_002787,images/generated/sd35_medium/gen_002787.png,0,상의,상의|하의,generated,,sd35_medium,,,f5b1v1,test_unseen
gen_002788,images/generated/sd35_medium/gen_002788.png,0,상의,상의|하의,generated,,sd35_medium,,,f6b1v3,test_unseen
gen_002789,images/generated/sd35_medium/gen_002789.png,0,상의,상의|하의,generated,,sd35_medium,,,f1b1v2,test_unseen
gen_002790,images/generated/sd35_medium/gen_002790.png,0,상의,상의|하의,generated,,sd35_medium,,,f2b2v3,test_unseen
gen_002791,images/generated/sd35_medium/gen_002791.png,0,상의,상의|하의,generated,,sd35_medium,,,f2b5v1,test_unseen
gen_002792,images/generated/sd35_medium/gen_002792.png,0,상의,상의|하의,generated,,sd35_medium,,,f2b1v1,test_unseen
gen_002793,images/generated/sd35_medium/gen_002793.png,0,상의,상의|하의,generated,,sd35_medium,,,f4b3v1,test_unseen
gen_002794,images/generated/sd35_medium/gen_002794.png,0,상의,상의|하의,generated,,sd35_medium,,,f5b5v1,test_unseen
gen_002795,images/generated/sd35_medium/gen_002795.png,0,상의,상의|하의,generated,,sd35_medium,,,f1b5v1,test_unseen
gen_002796,images/generated/sd35_medium/gen_002796.png,0,상의,상의|하의,generated,,sd35_medium,,,f6b4v1,test_unseen
gen_002797,images/generated/sd35_medium/gen_002797.png,0,상의,상의|하의,generated,,sd35_medium,,,f4b7v1,test_unseen
gen_002798,images/generated/sd35_medium/gen_002798.png,0,상의,상의|하의,generated,,sd35_medium,,,f6b5v1,test_unseen
gen_002799,images/generated/sd35_medium/gen_002799.png,0,상의,상의|하의,generated,,sd35_medium,,,f6b2v2,test_unseen
gen_002800,images/generated/sd35_medium/gen_002800.png,0,상의,상의|하의,generated,,sd35_medium,,,f4b6v1,test_unseen
gen_002801,images/generated/sd35_medium/gen_002801.png,0,상의,상의|하의,generated,,sd35_medium,,,f2b6v2,test_unseen
gen_002802,images/generated/sd35_medium/gen_002802.png,0,상의,상의|하의,generated,,sd35_medium,,,f3b1v3,test_unseen
gen_002803,images/generated/sd35_medium/gen_002803.png,0,상의,상의|하의,generated,,sd35_medium,,,f3b7v1,test_unseen
gen_002804,images/generated/sd35_medium/gen_002804.png,0,상의,상의|하의,generated,,sd35_medium,,,f3b7v2,test_unseen
gen_002805,images/generated/sd35_medium/gen_002805.png,0,상의,상의|하의,generated,,sd35_medium,,,f1b3v1,test_unseen
gen_002806,images/generated/sd35_medium/gen_002806.png,0,상의,상의|하의,generated,,sd35_medium,,,f3b3v1,test_unseen
gen_002807,images/generated/sd35_medium/gen_002807.png,0,상의,상의|하의,generated,,sd35_medium,,,f2b6v2,test_unseen
gen_002808,images/generated/sd35_medium/gen_002808.png,0,상의,상의|하의,generated,,sd35_medium,,,f4b5v1,test_unseen
gen_002809,images/generated/sd35_medium/gen_002809.png,0,상의,상의|하의,generated,,sd35_medium,,,f2b7v1,test_unseen
gen_002810,images/generated/sd35_medium/gen_002810.png,0,상의,상의|하의,generated,,sd35_medium,,,f3b1v2,test_unseen
gen_002811,images/generated/sd35_medium/gen_002811.png,0,상의,상의|하의,generated,,sd35_medium,,,f3b5v1,test_unseen
gen_002812,images/generated/sd35_medium/gen_002812.png,0,상의,상의|하의,generated,,sd35_medium,,,f4b4v1,test_unseen
gen_002813,images/generated/sd35_medium/gen_002813.png,0,상의,상의|하의,generated,,sd35_medium,,,f3b4v2,test_unseen
gen_002814,images/generated/sd35_medium/gen_002814.png,0,상의,상의|하의,generated,,sd35_medium,,,f5b6v2,test_unseen
gen_002815,images/generated/sd35_medium/gen_002815.png,0,상의,상의|하의,generated,,sd35_medium,,,f5b4v2,test_unseen
gen_002816,images/generated/sd35_medium/gen_002816.png,0,상의,상의|하의,generated,,sd35_medium,,,f5b4v2,test_unseen
gen_002817,images/generated/sd35_medium/gen_002817.png,0,상의,상의|하의,generated,,sd35_medium,,,f3b4v2,test_unseen
gen_002818,images/generated/sd35_medium/gen_002818.png,0,상의,상의|하의,generated,,sd35_medium,,,f4b2v2,test_unseen
gen_002819,images/generated/sd35_medium/gen_002819.png,0,상의,상의|하의,generated,,sd35_medium,,,f1b3v2,test_unseen
gen_002820,images/generated/sd35_medium/gen_002820.png,0,상의,상의|하의,generated,,sd35_medium,,,f2b5v1,test_unseen
gen_002821,images/generated/sd35_medium/gen_002821.png,0,상의,상의|하의,generated,,sd35_medium,,,f4b6v2,test_unseen
gen_002822,images/generated/sd35_medium/gen_002822.png,0,상의,상의|하의,generated,,sd35_medium,,,f3b3v1,test_unseen
gen_002823,images/generated/sd35_medium/gen_002823.png,0,상의,상의|하의,generated,,sd35_medium,,,f5b4v1,test_unseen
gen_002824,images/generated/sd35_medium/gen_002824.png,0,상의,상의|하의,generated,,sd35_medium,,,f3b7v1,test_unseen
gen_002825,images/generated/sd35_medium/gen_002825.png,0,상의,상의|하의,generated,,sd35_medium,,,f4b2v1,test_unseen
gen_002826,images/generated/sd35_medium/gen_002826.png,0,상의,상의|하의,generated,,sd35_medium,,,f4b4v1,test_unseen
gen_002827,images/generated/sd35_medium/gen_002827.png,0,상의,상의|하의,generated,,sd35_medium,,,f1b7v2,test_unseen
gen_002828,images/generated/sd35_medium/gen_002828.png,0,상의,상의|하의,generated,,sd35_medium,,,f3b1v1,test_unseen
gen_002829,images/generated/sd35_medium/gen_002829.png,0,상의,상의|하의,generated,,sd35_medium,,,f1b3v1,test_unseen
gen_002830,images/generated/sd35_medium/gen_002830.png,0,상의,상의|하의,generated,,sd35_medium,,,f3b3v3,test_unseen
gen_002831,images/generated/sd35_medium/gen_002831.png,0,상의,상의|하의,generated,,sd35_medium,,,f5b6v2,test_unseen
gen_002832,images/generated/sd35_medium/gen_002832.png,0,상의,상의|하의,generated,,sd35_medium,,,f3b5v3,test_unseen
gen_002833,images/generated/sd35_medium/gen_002833.png,0,상의,상의|하의,generated,,sd35_medium,,,f4b7v1,test_unseen
gen_002834,images/generated/sd35_medium/gen_002834.png,0,상의,상의|하의,generated,,sd35_medium,,,f3b5v3,test_unseen
gen_002835,images/generated/sd35_medium/gen_002835.png,0,상의,상의|하의,generated,,sd35_medium,,,f4b5v2,test_unseen
gen_002836,images/generated/sd35_medium/gen_002836.png,0,상의,상의|하의,generated,,sd35_medium,,,f6b3v2,test_unseen
gen_002837,images/generated/sd35_medium/gen_002837.png,0,상의,상의|하의,generated,,sd35_medium,,,f4b5v1,test_unseen
gen_002838,images/generated/sd35_medium/gen_002838.png,0,상의,상의|하의,generated,,sd35_medium,,,f5b3v2,test_unseen
gen_002839,images/generated/sd35_medium/gen_002839.png,0,상의,상의|하의,generated,,sd35_medium,,,f2b7v2,test_unseen
gen_002840,images/generated/sd35_medium/gen_002840.png,0,상의,상의|하의,generated,,sd35_medium,,,f3b6v3,test_unseen
gen_002841,images/generated/sd35_medium/gen_002841.png,0,상의,상의|하의,generated,,sd35_medium,,,f3b2v2,test_unseen
gen_002842,images/generated/sd35_medium/gen_002842.png,0,상의,상의|하의,generated,,sd35_medium,,,f4b4v3,test_unseen
gen_002843,images/generated/sd35_medium/gen_002843.png,0,상의,상의|하의,generated,,sd35_medium,,,f1b1v2,test_unseen
gen_002844,images/generated/sd35_medium/gen_002844.png,0,상의,상의|하의,generated,,sd35_medium,,,f3b5v3,test_unseen
gen_002845,images/generated/sd35_medium/gen_002845.png,0,상의,상의|하의,generated,,sd35_medium,,,f2b4v1,test_unseen
gen_002846,images/generated/sd35_medium/gen_002846.png,0,상의,상의|하의,generated,,sd35_medium,,,f1b6v2,test_unseen
gen_002847,images/generated/sd35_medium/gen_002847.png,0,상의,상의|하의,generated,,sd35_medium,,,f6b3v3,test_unseen
gen_002848,images/generated/sd35_medium/gen_002848.png,0,상의,상의|하의,generated,,sd35_medium,,,f3b7v2,test_unseen
gen_002849,images/generated/sd35_medium/gen_002849.png,0,상의,상의|하의,generated,,sd35_medium,,,f3b7v1,test_unseen
gen_002850,images/generated/sd35_medium/gen_002850.png,0,상의,상의|하의,generated,,sd35_medium,,,f2b3v1,test_unseen
gen_002851,images/generated/sd35_medium/gen_002851.png,0,상의,상의|하의,generated,,sd35_medium,,,f6b1v2,test_unseen
gen_002852,images/generated/sd35_medium/gen_002852.png,0,상의,상의|하의,generated,,sd35_medium,,,f2b4v2,test_unseen
gen_002853,images/generated/sd35_medium/gen_002853.png,0,상의,상의|하의,generated,,sd35_medium,,,f6b2v1,test_unseen
gen_002854,images/generated/sd35_medium/gen_002854.png,0,상의,상의|하의,generated,,sd35_medium,,,f3b4v2,test_unseen
gen_002855,images/generated/sd35_medium/gen_002855.png,0,상의,상의|하의,generated,,sd35_medium,,,f6b5v3,test_unseen
gen_002856,images/generated/sd35_medium/gen_002856.png,0,상의,상의|하의,generated,,sd35_medium,,,f5b1v3,test_unseen
gen_002857,images/generated/sd35_medium/gen_002857.png,0,상의,상의|하의,generated,,sd35_medium,,,f4b5v1,test_unseen
gen_002858,images/generated/sd35_medium/gen_002858.png,0,상의,상의|하의,generated,,sd35_medium,,,f4b7v1,test_unseen
gen_002859,images/generated/sd35_medium/gen_002859.png,0,상의,상의|하의,generated,,sd35_medium,,,f4b4v3,test_unseen
gen_002860,images/generated/sd35_medium/gen_002860.png,0,상의,상의|하의,generated,,sd35_medium,,,f4b5v3,test_unseen
gen_002861,images/generated/sd35_medium/gen_002861.png,0,상의,상의|하의,generated,,sd35_medium,,,f6b3v1,test_unseen
gen_002862,images/generated/sd35_medium/gen_002862.png,0,상의,상의|하의,generated,,sd35_medium,,,f2b4v1,test_unseen
gen_002863,images/generated/sd35_medium/gen_002863.png,0,상의,상의|하의,generated,,sd35_medium,,,f2b2v1,test_unseen
gen_002864,images/generated/sd35_medium/gen_002864.png,0,상의,상의|하의,generated,,sd35_medium,,,f2b4v1,test_unseen
gen_002865,images/generated/sd35_medium/gen_002865.png,0,상의,상의|하의,generated,,sd35_medium,,,f6b4v1,test_unseen
gen_002866,images/generated/sd35_medium/gen_002866.png,0,상의,상의|하의,generated,,sd35_medium,,,f3b5v2,test_unseen
gen_002867,images/generated/sd35_medium/gen_002867.png,0,상의,상의|하의,generated,,sd35_medium,,,f1b5v1,test_unseen
gen_002868,images/generated/sd35_medium/gen_002868.png,0,상의,상의|하의,generated,,sd35_medium,,,f2b3v1,test_unseen
gen_002869,images/generated/sd35_medium/gen_002869.png,0,상의,상의|하의,generated,,sd35_medium,,,f6b7v1,test_unseen
gen_002870,images/generated/sd35_medium/gen_002870.png,0,상의,상의|하의,generated,,sd35_medium,,,f2b3v3,test_unseen
gen_002871,images/generated/sd35_medium/gen_002871.png,0,상의,상의|하의,generated,,sd35_medium,,,f1b1v2,test_unseen
gen_002872,images/generated/sd35_medium/gen_002872.png,0,상의,상의|하의,generated,,sd35_medium,,,f1b5v1,test_unseen
gen_002873,images/generated/sd35_medium/gen_002873.png,0,상의,상의|하의,generated,,sd35_medium,,,f5b2v2,test_unseen
gen_002874,images/generated/sd35_medium/gen_002874.png,0,상의,상의|하의,generated,,sd35_medium,,,f6b1v3,test_unseen
gen_002875,images/generated/sd35_medium/gen_002875.png,0,상의,상의|하의,generated,,sd35_medium,,,f5b2v1,test_unseen
gen_002876,images/generated/sd35_medium/gen_002876.png,0,상의,상의|하의,generated,,sd35_medium,,,f2b5v3,test_unseen
gen_002877,images/generated/sd35_medium/gen_002877.png,0,상의,상의|하의,generated,,sd35_medium,,,f5b2v1,test_unseen
gen_002878,images/generated/sd35_medium/gen_002878.png,0,상의,상의|하의,generated,,sd35_medium,,,f3b7v3,test_unseen
gen_002879,images/generated/sd35_medium/gen_002879.png,0,상의,상의|하의,generated,,sd35_medium,,,f1b4v2,test_unseen
gen_002880,images/generated/sd35_medium/gen_002880.png,0,상의,상의|하의,generated,,sd35_medium,,,f3b6v2,test_unseen
gen_002881,images/generated/sd35_medium/gen_002881.png,0,상의,상의|하의,generated,,sd35_medium,,,f5b1v2,test_unseen
gen_002882,images/generated/sd35_medium/gen_002882.png,0,상의,상의|하의,generated,,sd35_medium,,,f6b1v2,test_unseen
gen_002883,images/generated/sd35_medium/gen_002883.png,0,상의,상의|하의,generated,,sd35_medium,,,f3b1v2,test_unseen
gen_002884,images/generated/sd35_medium/gen_002884.png,0,상의,상의|하의,generated,,sd35_medium,,,f4b3v1,test_unseen
gen_002885,images/generated/sd35_medium/gen_002885.png,0,하의,상의|하의,generated,,sd35_medium,,,f5b7v1,test_unseen
gen_002886,images/generated/sd35_medium/gen_002886.png,0,하의,상의|하의,generated,,sd35_medium,,,f1b2v2,test_unseen
gen_002887,images/generated/sd35_medium/gen_002887.png,0,하의,상의|하의,generated,,sd35_medium,,,f5b1v3,test_unseen
gen_002888,images/generated/sd35_medium/gen_002888.png,0,하의,상의|하의,generated,,sd35_medium,,,f1b6v1,test_unseen
gen_002889,images/generated/sd35_medium/gen_002889.png,0,하의,상의|하의,generated,,sd35_medium,,,f5b4v1,test_unseen
gen_002890,images/generated/sd35_medium/gen_002890.png,0,하의,상의|하의,generated,,sd35_medium,,,f5b2v1,test_unseen
gen_002891,images/generated/sd35_medium/gen_002891.png,0,하의,상의|하의,generated,,sd35_medium,,,f6b3v1,test_unseen
gen_002892,images/generated/sd35_medium/gen_002892.png,0,하의,상의|하의,generated,,sd35_medium,,,f5b4v1,test_unseen
gen_002893,images/generated/sd35_medium/gen_002893.png,0,하의,상의|하의,generated,,sd35_medium,,,f1b6v3,test_unseen
gen_002894,images/generated/sd35_medium/gen_002894.png,0,하의,상의|하의,generated,,sd35_medium,,,f1b2v3,test_unseen
gen_002895,images/generated/sd35_medium/gen_002895.png,0,하의,상의|하의,generated,,sd35_medium,,,f1b5v1,test_unseen
gen_002896,images/generated/sd35_medium/gen_002896.png,0,하의,상의|하의,generated,,sd35_medium,,,f2b3v3,test_unseen
gen_002897,images/generated/sd35_medium/gen_002897.png,0,하의,상의|하의,generated,,sd35_medium,,,f3b3v2,test_unseen
gen_002898,images/generated/sd35_medium/gen_002898.png,0,하의,상의|하의,generated,,sd35_medium,,,f2b4v1,test_unseen
gen_002899,images/generated/sd35_medium/gen_002899.png,0,하의,상의|하의,generated,,sd35_medium,,,f4b5v1,test_unseen
gen_002900,images/generated/sd35_medium/gen_002900.png,0,하의,상의|하의,generated,,sd35_medium,,,f6b7v1,test_unseen
gen_002901,images/generated/sd35_medium/gen_002901.png,0,하의,상의|하의,generated,,sd35_medium,,,f3b2v3,test_unseen
gen_002902,images/generated/sd35_medium/gen_002902.png,0,하의,상의|하의,generated,,sd35_medium,,,f4b3v1,test_unseen
gen_002903,images/generated/sd35_medium/gen_002903.png,0,하의,상의|하의,generated,,sd35_medium,,,f3b7v2,test_unseen
gen_002904,images/generated/sd35_medium/gen_002904.png,0,하의,상의|하의,generated,,sd35_medium,,,f6b5v1,test_unseen
gen_002905,images/generated/sd35_medium/gen_002905.png,0,하의,상의|하의,generated,,sd35_medium,,,f3b7v1,test_unseen
gen_002906,images/generated/sd35_medium/gen_002906.png,0,하의,상의|하의,generated,,sd35_medium,,,f6b3v1,test_unseen
gen_002907,images/generated/sd35_medium/gen_002907.png,0,하의,상의|하의,generated,,sd35_medium,,,f5b4v1,test_unseen
gen_002908,images/generated/sd35_medium/gen_002908.png,0,하의,상의|하의,generated,,sd35_medium,,,f6b7v1,test_unseen
gen_002909,images/generated/sd35_medium/gen_002909.png,0,하의,상의|하의,generated,,sd35_medium,,,f5b6v1,test_unseen
gen_002910,images/generated/sd35_medium/gen_002910.png,0,하의,상의|하의,generated,,sd35_medium,,,f2b7v1,test_unseen
gen_002911,images/generated/sd35_medium/gen_002911.png,0,하의,상의|하의,generated,,sd35_medium,,,f1b7v1,test_unseen
gen_002912,images/generated/sd35_medium/gen_002912.png,0,하의,상의|하의,generated,,sd35_medium,,,f4b5v1,test_unseen
gen_002913,images/generated/sd35_medium/gen_002913.png,0,하의,상의|하의,generated,,sd35_medium,,,f6b5v3,test_unseen
gen_002914,images/generated/sd35_medium/gen_002914.png,0,하의,상의|하의,generated,,sd35_medium,,,f4b5v1,test_unseen
gen_002915,images/generated/sd35_medium/gen_002915.png,0,하의,상의|하의,generated,,sd35_medium,,,f2b2v1,test_unseen
gen_002916,images/generated/sd35_medium/gen_002916.png,0,하의,상의|하의,generated,,sd35_medium,,,f2b4v1,test_unseen
gen_002917,images/generated/sd35_medium/gen_002917.png,0,하의,상의|하의,generated,,sd35_medium,,,f1b1v1,test_unseen
gen_002918,images/generated/sd35_medium/gen_002918.png,0,하의,상의|하의,generated,,sd35_medium,,,f2b6v3,test_unseen
gen_002919,images/generated/sd35_medium/gen_002919.png,0,하의,상의|하의,generated,,sd35_medium,,,f4b7v1,test_unseen
gen_002920,images/generated/sd35_medium/gen_002920.png,0,하의,상의|하의,generated,,sd35_medium,,,f5b4v1,test_unseen
gen_002921,images/generated/sd35_medium/gen_002921.png,0,하의,상의|하의,generated,,sd35_medium,,,f5b4v2,test_unseen
gen_002922,images/generated/sd35_medium/gen_002922.png,0,하의,상의|하의,generated,,sd35_medium,,,f6b1v1,test_unseen
gen_002923,images/generated/sd35_medium/gen_002923.png,0,하의,상의|하의,generated,,sd35_medium,,,f6b3v2,test_unseen
gen_002924,images/generated/sd35_medium/gen_002924.png,0,하의,상의|하의,generated,,sd35_medium,,,f5b2v1,test_unseen
gen_002925,images/generated/sd35_medium/gen_002925.png,0,하의,상의|하의,generated,,sd35_medium,,,f3b4v2,test_unseen
gen_002926,images/generated/sd35_medium/gen_002926.png,0,하의,상의|하의,generated,,sd35_medium,,,f1b3v2,test_unseen
gen_002927,images/generated/sd35_medium/gen_002927.png,0,하의,상의|하의,generated,,sd35_medium,,,f2b3v2,test_unseen
gen_002928,images/generated/sd35_medium/gen_002928.png,0,하의,상의|하의,generated,,sd35_medium,,,f3b3v1,test_unseen
gen_002929,images/generated/sd35_medium/gen_002929.png,0,하의,상의|하의,generated,,sd35_medium,,,f6b4v1,test_unseen
gen_002930,images/generated/sd35_medium/gen_002930.png,0,하의,상의|하의,generated,,sd35_medium,,,f2b5v3,test_unseen
gen_002931,images/generated/sd35_medium/gen_002931.png,0,하의,상의|하의,generated,,sd35_medium,,,f3b4v1,test_unseen
gen_002932,images/generated/sd35_medium/gen_002932.png,0,하의,상의|하의,generated,,sd35_medium,,,f1b1v1,test_unseen
gen_002933,images/generated/sd35_medium/gen_002933.png,0,하의,상의|하의,generated,,sd35_medium,,,f6b1v1,test_unseen
gen_002934,images/generated/sd35_medium/gen_002934.png,0,하의,상의|하의,generated,,sd35_medium,,,f5b4v1,test_unseen
gen_002935,images/generated/sd35_medium/gen_002935.png,0,하의,상의|하의,generated,,sd35_medium,,,f6b3v3,test_unseen
gen_002936,images/generated/sd35_medium/gen_002936.png,0,하의,상의|하의,generated,,sd35_medium,,,f3b7v3,test_unseen
gen_002937,images/generated/sd35_medium/gen_002937.png,0,하의,상의|하의,generated,,sd35_medium,,,f3b4v1,test_unseen
gen_002938,images/generated/sd35_medium/gen_002938.png,0,하의,상의|하의,generated,,sd35_medium,,,f2b2v1,test_unseen
gen_002939,images/generated/sd35_medium/gen_002939.png,0,하의,상의|하의,generated,,sd35_medium,,,f2b2v2,test_unseen
gen_002940,images/generated/sd35_medium/gen_002940.png,0,하의,상의|하의,generated,,sd35_medium,,,f1b5v1,test_unseen
gen_002941,images/generated/sd35_medium/gen_002941.png,0,하의,상의|하의,generated,,sd35_medium,,,f3b1v2,test_unseen
gen_002942,images/generated/sd35_medium/gen_002942.png,0,하의,상의|하의,generated,,sd35_medium,,,f5b4v1,test_unseen
gen_002943,images/generated/sd35_medium/gen_002943.png,0,하의,상의|하의,generated,,sd35_medium,,,f3b5v1,test_unseen
gen_002944,images/generated/sd35_medium/gen_002944.png,0,하의,상의|하의,generated,,sd35_medium,,,f6b1v2,test_unseen
gen_002945,images/generated/sd35_medium/gen_002945.png,0,하의,상의|하의,generated,,sd35_medium,,,f6b7v3,test_unseen
gen_002946,images/generated/sd35_medium/gen_002946.png,0,하의,상의|하의,generated,,sd35_medium,,,f1b7v1,test_unseen
gen_002947,images/generated/sd35_medium/gen_002947.png,0,하의,상의|하의,generated,,sd35_medium,,,f3b2v2,test_unseen
gen_002948,images/generated/sd35_medium/gen_002948.png,0,하의,상의|하의,generated,,sd35_medium,,,f5b5v2,test_unseen
gen_002949,images/generated/sd35_medium/gen_002949.png,0,하의,상의|하의,generated,,sd35_medium,,,f1b1v2,test_unseen
gen_002950,images/generated/sd35_medium/gen_002950.png,0,하의,상의|하의,generated,,sd35_medium,,,f4b7v1,test_unseen
gen_002951,images/generated/sd35_medium/gen_002951.png,0,하의,상의|하의,generated,,sd35_medium,,,f2b7v1,test_unseen
gen_002952,images/generated/sd35_medium/gen_002952.png,0,하의,상의|하의,generated,,sd35_medium,,,f1b4v1,test_unseen
gen_002953,images/generated/sd35_medium/gen_002953.png,0,하의,상의|하의,generated,,sd35_medium,,,f5b3v1,test_unseen
gen_002954,images/generated/sd35_medium/gen_002954.png,0,하의,상의|하의,generated,,sd35_medium,,,f4b2v3,test_unseen
gen_002955,images/generated/sd35_medium/gen_002955.png,0,하의,상의|하의,generated,,sd35_medium,,,f3b7v1,test_unseen
gen_002956,images/generated/sd35_medium/gen_002956.png,0,하의,상의|하의,generated,,sd35_medium,,,f1b1v1,test_unseen
gen_002957,images/generated/sd35_medium/gen_002957.png,0,하의,상의|하의,generated,,sd35_medium,,,f4b3v1,test_unseen
gen_002958,images/generated/sd35_medium/gen_002958.png,0,하의,상의|하의,generated,,sd35_medium,,,f1b6v1,test_unseen
gen_002959,images/generated/sd35_medium/gen_002959.png,0,하의,상의|하의,generated,,sd35_medium,,,f3b6v2,test_unseen
gen_002960,images/generated/sd35_medium/gen_002960.png,0,하의,상의|하의,generated,,sd35_medium,,,f3b4v1,test_unseen
gen_002961,images/generated/sd35_medium/gen_002961.png,0,하의,상의|하의,generated,,sd35_medium,,,f5b1v1,test_unseen
gen_002962,images/generated/sd35_medium/gen_002962.png,0,하의,상의|하의,generated,,sd35_medium,,,f2b2v2,test_unseen
gen_002963,images/generated/sd35_medium/gen_002963.png,0,하의,상의|하의,generated,,sd35_medium,,,f4b4v1,test_unseen
gen_002964,images/generated/sd35_medium/gen_002964.png,0,하의,상의|하의,generated,,sd35_medium,,,f1b2v1,test_unseen
gen_002965,images/generated/sd35_medium/gen_002965.png,0,하의,상의|하의,generated,,sd35_medium,,,f1b4v1,test_unseen
gen_002966,images/generated/sd35_medium/gen_002966.png,0,하의,상의|하의,generated,,sd35_medium,,,f4b1v1,test_unseen
gen_002967,images/generated/sd35_medium/gen_002967.png,0,하의,상의|하의,generated,,sd35_medium,,,f6b4v1,test_unseen
gen_002968,images/generated/sd35_medium/gen_002968.png,0,하의,상의|하의,generated,,sd35_medium,,,f6b5v2,test_unseen
gen_002969,images/generated/sd35_medium/gen_002969.png,0,하의,상의|하의,generated,,sd35_medium,,,f4b2v2,test_unseen
gen_002970,images/generated/sd35_medium/gen_002970.png,0,하의,상의|하의,generated,,sd35_medium,,,f3b5v1,test_unseen
gen_002971,images/generated/sd35_medium/gen_002971.png,0,하의,상의|하의,generated,,sd35_medium,,,f5b3v1,test_unseen
gen_002972,images/generated/sd35_medium/gen_002972.png,0,하의,상의|하의,generated,,sd35_medium,,,f3b6v1,test_unseen
gen_002973,images/generated/sd35_medium/gen_002973.png,0,하의,상의|하의,generated,,sd35_medium,,,f2b1v1,test_unseen
gen_002974,images/generated/sd35_medium/gen_002974.png,0,하의,상의|하의,generated,,sd35_medium,,,f6b1v1,test_unseen
gen_002975,images/generated/sd35_medium/gen_002975.png,0,하의,상의|하의,generated,,sd35_medium,,,f5b5v2,test_unseen
gen_002976,images/generated/sd35_medium/gen_002976.png,0,하의,상의|하의,generated,,sd35_medium,,,f6b7v1,test_unseen
gen_002977,images/generated/sd35_medium/gen_002977.png,0,하의,상의|하의,generated,,sd35_medium,,,f6b1v1,test_unseen
gen_002978,images/generated/sd35_medium/gen_002978.png,0,하의,상의|하의,generated,,sd35_medium,,,f6b2v1,test_unseen
gen_002979,images/generated/sd35_medium/gen_002979.png,0,하의,상의|하의,generated,,sd35_medium,,,f1b3v1,test_unseen
gen_002980,images/generated/sd35_medium/gen_002980.png,0,하의,상의|하의,generated,,sd35_medium,,,f1b6v1,test_unseen
gen_002981,images/generated/sd35_medium/gen_002981.png,0,하의,상의|하의,generated,,sd35_medium,,,f3b1v1,test_unseen
gen_002982,images/generated/sd35_medium/gen_002982.png,0,하의,상의|하의,generated,,sd35_medium,,,f2b2v3,test_unseen
gen_002983,images/generated/sd35_medium/gen_002983.png,0,하의,상의|하의,generated,,sd35_medium,,,f6b6v2,test_unseen
gen_002984,images/generated/sd35_medium/gen_002984.png,0,하의,상의|하의,generated,,sd35_medium,,,f5b3v3,test_unseen
gen_002985,images/generated/sd35_medium/gen_002985.png,0,하의,상의|하의,generated,,sd35_medium,,,f1b6v1,test_unseen
gen_002986,images/generated/sd35_medium/gen_002986.png,0,하의,상의|하의,generated,,sd35_medium,,,f2b4v1,test_unseen
gen_002987,images/generated/sd35_medium/gen_002987.png,0,하의,상의|하의,generated,,sd35_medium,,,f4b3v2,test_unseen
gen_002988,images/generated/sd35_medium/gen_002988.png,0,하의,상의|하의,generated,,sd35_medium,,,f6b5v2,test_unseen
gen_002989,images/generated/sd35_medium/gen_002989.png,0,하의,상의|하의,generated,,sd35_medium,,,f4b7v3,test_unseen
gen_002990,images/generated/sd35_medium/gen_002990.png,0,하의,상의|하의,generated,,sd35_medium,,,f6b7v1,test_unseen
gen_002991,images/generated/sd35_medium/gen_002991.png,0,하의,상의|하의,generated,,sd35_medium,,,f5b7v1,test_unseen
gen_002992,images/generated/sd35_medium/gen_002992.png,0,하의,상의|하의,generated,,sd35_medium,,,f2b6v1,test_unseen
gen_002993,images/generated/sd35_medium/gen_002993.png,0,하의,상의|하의,generated,,sd35_medium,,,f4b5v2,test_unseen
gen_002994,images/generated/sd35_medium/gen_002994.png,0,하의,상의|하의,generated,,sd35_medium,,,f5b4v2,test_unseen
gen_002995,images/generated/sd35_medium/gen_002995.png,0,하의,상의|하의,generated,,sd35_medium,,,f1b1v1,test_unseen
gen_002996,images/generated/sd35_medium/gen_002996.png,0,하의,상의|하의,generated,,sd35_medium,,,f2b6v1,test_unseen
gen_002997,images/generated/sd35_medium/gen_002997.png,0,하의,상의|하의,generated,,sd35_medium,,,f5b6v3,test_unseen
gen_002998,images/generated/sd35_medium/gen_002998.png,0,하의,상의|하의,generated,,sd35_medium,,,f5b5v1,test_unseen
gen_002999,images/generated/sd35_medium/gen_002999.png,0,하의,상의|하의,generated,,sd35_medium,,,f5b5v1,test_unseen
gen_003000,images/generated/sd35_medium/gen_003000.png,0,하의,상의|하의,generated,,sd35_medium,,,f4b3v1,test_unseen
gen_003001,images/generated/sd35_medium/gen_003001.png,0,하의,상의|하의,generated,,sd35_medium,,,f6b1v1,test_unseen
gen_003002,images/generated/sd35_medium/gen_003002.png,0,하의,상의|하의,generated,,sd35_medium,,,f3b3v1,test_unseen
gen_003003,images/generated/sd35_medium/gen_003003.png,0,하의,상의|하의,generated,,sd35_medium,,,f3b4v3,test_unseen
