image_id,condition,logit
621167,original,12.683878898620605
998959,original,2.746358633041382
780930,original,7.754036903381348
464258,original,7.197878360748291
140859,original,8.624801635742188
476751,original,12.13059139251709
1261919,original,8.563956260681152
1332250,original,1.6918773651123047
464898,original,8.773452758789062
1186861,original,9.552189826965332
598121,original,7.380096435546875
797190,original,12.572861671447754
81653,original,9.38033390045166
838263,original,12.975958824157715
1273931,original,1.8317347764968872
386688,original,9.964044570922852
1195841,original,5.209074020385742
245197,original,11.010130882263184
1119392,original,10.430846214294434
872302,original,10.17983341217041
647756,original,2.610382556915283
1337009,original,11.889349937438965
601326,original,11.090128898620605
948753,original,8.5580472946167
1278147,original,5.510739803314209
598864,original,9.692089080810547
930423,original,1.9977917671203613
1021263,original,7.574129581451416
1006155,original,10.551972389221191
345305,original,5.864298343658447
943090,original,9.327075004577637
803689,original,5.155937671661377
1002182,original,16.312259674072266
908871,original,6.214851379394531
831995,original,9.212200164794922
1056303,original,14.049296379089355
1083660,original,4.917878150939941
1244784,original,10.46634292602539
894052,original,5.201197624206543
882202,original,13.383082389831543
29070,original,9.666687965393066
1234200,original,10.878572463989258
386449,original,10.224205017089844
897397,original,8.156108856201172
1078148,original,7.645830154418945
910803,original,7.721078872680664
379109,original,7.835097312927246
794285,original,6.1082305908203125
748427,original,14.893964767456055
513457,original,6.343066692352295
384271,original,9.8413667678833
383545,original,12.7142972946167
477869,original,10.815604209899902
611738,original,12.3735933303833
487524,original,11.2232084274292
384555,original,2.300400495529175
383792,original,9.828925132751465
397268,original,10.390830993652344
675864,original,1.9201648235321045
1122751,original,11.869878768920898
156074,original,11.079113006591797
394594,original,9.341110229492188
702818,original,7.879121780395508
1225841,original,14.768289566040039
1002337,original,3.9284024238586426
1049031,original,9.251386642456055
887906,original,10.122747421264648
1286883,original,12.391714096069336
707340,original,7.572996139526367
978708,original,11.211691856384277
682959,original,2.788642644882202
1281959,original,1.8359711170196533
833858,original,14.593146324157715
909903,original,8.499378204345703
876525,original,9.166620254516602
1065005,original,14.4503755569458
513779,original,7.623376846313477
911557,original,14.328664779663086
1308759,original,4.915720462799072
1305174,original,7.916586875915527
396290,original,3.4035208225250244
73290,original,2.9098598957061768
704661,original,2.6568427085876465
1096035,original,10.837825775146484
264003,original,8.730660438537598
716749,original,6.674699783325195
1325559,original,5.30881404876709
890991,original,7.364771842956543
111255,original,10.398589134216309
172626,original,10.390384674072266
871400,original,15.011249542236328
664099,original,9.467886924743652
709252,original,5.097126007080078
409649,original,13.127501487731934
946133,original,11.259984016418457
1252451,original,9.972770690917969
394048,original,9.186105728149414
756306,original,5.386106491088867
1054374,original,2.5889832973480225
1229331,original,8.40272045135498
187081,original,11.834996223449707
1299426,original,4.328121662139893
1169741,original,14.17587947845459
1109305,original,9.093599319458008
1093624,original,6.79229736328125
797018,original,5.606403350830078
581614,original,6.614230155944824
933891,original,7.622740268707275
1220099,original,13.823741912841797
614111,original,5.91072416305542
523014,original,5.228302001953125
108087,original,7.487736701965332
1082948,original,8.148173332214355
839967,original,6.447952747344971
914545,original,9.366822242736816
1297385,original,6.428142547607422
831716,original,6.236900806427002
728965,original,5.569131851196289
804617,original,10.290936470031738
104498,original,7.816504955291748
1142055,original,4.776556015014648
391676,original,2.2170276641845703
677599,original,6.259214401245117
622131,original,10.812089920043945
411323,original,13.678808212280273
937707,original,18.053186416625977
870960,original,10.621732711791992
755027,original,8.259149551391602
930353,original,13.015271186828613
1165608,original,6.296470642089844
778526,original,10.89273738861084
773563,original,8.95750904083252
340069,original,12.502978324890137
719262,original,16.334749221801758
413443,original,12.07786750793457
1179289,original,14.22760009765625
1194110,original,5.653690338134766
796375,original,11.671377182006836
211044,original,12.865077018737793
572919,original,12.516142845153809
498964,original,10.749310493469238
1311628,original,12.13369083404541
541169,original,6.174445152282715
833367,original,14.639360427856445
682839,original,10.123547554016113
762750,original,7.553071022033691
393045,original,7.260349273681641
541920,original,4.851114273071289
1345189,original,10.294881820678711
601572,original,12.03427791595459
103264,original,9.049010276794434
1194940,original,4.737628936767578
1293881,original,10.138785362243652
4380,original,5.558134078979492
1199018,original,7.009418487548828
507218,original,5.710687160491943
800343,original,5.890453338623047
1152157,original,11.261889457702637
1343309,original,8.550382614135742
398197,original,8.131505012512207
490895,original,12.37524127960205
188418,original,7.260538578033447
621652,original,7.0715131759643555
440086,original,3.6382999420166016
1291120,original,11.902241706848145
725437,original,9.06236743927002
719945,original,14.074287414550781
29696,original,11.12362003326416
442689,original,4.930363655090332
773680,original,9.163166999816895
947195,original,6.408206462860107
990563,original,14.970963478088379
1052154,original,16.552270889282227
528691,original,8.363923072814941
136770,original,13.147154808044434
1325443,original,7.236867904663086
888547,original,6.536128997802734
973737,original,8.676580429077148
508195,original,12.590203285217285
539881,original,8.634007453918457
584527,original,8.396038055419922
1267693,original,8.786796569824219
1278229,original,7.53372859954834
1227516,original,11.932594299316406
1134146,original,10.040017127990723
1042236,original,15.842367172241211
583764,original,8.671732902526855
982108,original,7.762535572052002
1306012,original,0.9225769639015198
485248,original,9.917767524719238
462424,original,8.562966346740723
437553,original,11.15333080291748
1100658,original,10.612563133239746
1219357,original,10.0512113571167
702705,original,10.766823768615723
1322314,original,8.63732624053955
1014796,original,4.7101030349731445
525804,original,6.723679542541504
1100727,original,4.158272743225098
463285,original,6.315464496612549
609380,original,4.892026901245117
1250833,original,4.629339694976807
529910,original,6.47338342666626
954884,original,9.6402006149292
790733,original,12.915704727172852
919467,original,12.266620635986328
467786,original,12.577171325683594
1044788,original,10.68778133392334
1104582,original,13.40652847290039
1336691,original,2.73425030708313
465643,original,7.890748977661133
390777,original,10.481236457824707
1139240,original,6.49769401550293
929714,original,12.967719078063965
409465,original,9.015278816223145
872938,original,13.719834327697754
341819,original,5.996358871459961
749243,original,5.656732559204102
981677,original,9.152373313903809
691880,original,-0.5830041766166687
617987,original,8.60755443572998
1086378,original,7.7458319664001465
678657,original,8.196112632751465
967388,original,10.980521202087402
462619,original,8.838967323303223
375308,original,11.791502952575684
377397,original,10.88018798828125
374814,original,7.96402645111084
355228,original,4.255086898803711
375713,original,9.33132266998291
371987,original,12.121869087219238
1331653,original,11.72959041595459
1232525,original,8.355374336242676
1101258,original,14.234175682067871
1042574,original,4.509108543395996
1172364,original,11.520806312561035
769464,original,10.157668113708496
370375,original,8.175335884094238
907321,original,10.146363258361816
1284627,original,11.08476448059082
545690,original,7.852827072143555
1033596,original,7.412797927856445
1027845,original,10.174029350280762
605664,original,6.745731353759766
953935,original,13.109346389770508
949957,original,10.600052833557129
933466,original,12.700965881347656
372469,original,11.82906436920166
774389,original,9.443156242370605
991792,original,13.124000549316406
1308857,original,8.767321586608887
764798,original,11.221748352050781
366615,original,8.875847816467285
1087986,original,4.354257583618164
1231904,original,7.942914009094238
1108625,original,9.680636405944824
1275757,original,9.440672874450684
1113432,original,11.155339241027832
1127505,original,15.92347240447998
502810,original,6.302582740783691
594741,original,10.374802589416504
801545,original,10.341691017150879
376473,original,11.071098327636719
977241,original,8.539563179016113
309442,original,5.4354119300842285
709734,original,8.192593574523926
810874,original,9.99897289276123
366459,original,4.599376678466797
492742,original,9.23554515838623
1061182,original,7.932587146759033
1156502,original,6.912315368652344
206688,original,6.113884925842285
711110,original,8.65393352508545
577449,original,11.960988998413086
1033017,original,7.769529342651367
943818,original,11.49779224395752
366482,original,9.209954261779785
898340,original,4.735212326049805
17471,original,8.21857738494873
1247671,original,0.6640372276306152
835678,original,13.06789779663086
711033,original,9.58174991607666
506162,original,13.593829154968262
689257,original,6.849709510803223
210347,original,9.94259262084961
720699,original,12.270953178405762
926260,original,12.360343933105469
884698,original,11.01110553741455
729712,original,8.159208297729492
1294454,original,6.218257427215576
1175004,original,3.164710760116577
494909,original,7.826630115509033
1173478,original,12.414787292480469
1129005,original,11.520415306091309
997622,original,12.0316162109375
372499,original,8.658815383911133
881919,original,6.295733451843262
941251,original,9.166773796081543
45367,original,12.67013931274414
373550,original,7.339742183685303
213494,original,10.806779861450195
594751,original,9.5952730178833
1300741,original,10.50426197052002
796836,original,11.153428077697754
675794,original,6.381706237792969
922944,original,8.499869346618652
953534,original,9.026183128356934
898255,original,5.414243221282959
1224082,original,4.878907203674316
726551,original,8.667988777160645
1222319,original,8.814866065979004
1306818,original,14.699347496032715
704220,original,5.463943004608154
694023,original,10.219401359558105
1070784,original,6.96384334564209
1127324,original,13.805167198181152
926714,original,11.711709022521973
1183170,original,6.12465763092041
1003809,original,5.999912261962891
369686,original,6.757923126220703
1053076,original,12.958582878112793
352536,original,7.349171161651611
354679,original,11.426142692565918
582199,original,5.032756805419922
1172949,original,6.620594024658203
376249,original,8.32529067993164
1176104,original,11.487931251525879
949424,original,9.555277824401855
1287893,original,10.021025657653809
863183,original,12.716767311096191
527963,original,6.675345420837402
760162,original,10.921442985534668
228279,original,8.204026222229004
1059729,original,9.30260181427002
1221798,original,9.017380714416504
897281,original,7.075718402862549
690058,original,12.511886596679688
1311559,original,2.8063764572143555
490796,original,13.1053466796875
754093,original,8.900227546691895
422216,original,11.872649192810059
926101,original,11.128483772277832
1130467,original,9.70328426361084
582178,original,6.6884050369262695
1029585,original,8.511048316955566
1032814,original,-0.09905540943145752
355553,original,7.204201698303223
703903,original,7.869709014892578
1233583,original,7.62225866317749
1118120,original,11.95264720916748
820570,original,8.654692649841309
801236,original,9.806319236755371
847169,original,12.101248741149902
1248438,original,5.483757972717285
986940,original,10.532957077026367
1137471,original,10.075106620788574
1152439,original,13.014164924621582
712358,original,9.458392143249512
946010,original,14.656950950622559
323697,original,5.189322471618652
491666,original,14.103805541992188
764150,original,10.385540962219238
676015,original,2.9370980262756348
818509,original,14.712342262268066
952125,original,10.110798835754395
650017,original,5.400232315063477
366492,original,9.275593757629395
1217119,original,6.633986473083496
321020,original,7.992502212524414
1256142,original,7.6401166915893555
645485,original,8.242932319641113
841850,original,6.021003723144531
582495,original,9.0580472946167
944543,original,14.187975883483887
1007376,original,10.364694595336914
1189369,original,8.473888397216797
369559,original,10.118691444396973
954982,original,6.537073135375977
733624,original,3.6515791416168213
1298510,original,8.770537376403809
949457,original,10.136914253234863
509376,original,4.721340179443359
664910,original,10.319222450256348
929233,original,6.6464128494262695
377666,original,7.403151035308838
400429,original,6.877156734466553
655112,original,7.928908348083496
900379,original,6.807511806488037
1190371,original,7.365969657897949
950858,original,10.430184364318848
1246902,original,8.155986785888672
648148,original,8.341923713684082
715674,original,10.480534553527832
768000,original,9.041708946228027
1248307,original,11.178354263305664
492689,original,12.495636940002441
52856,original,5.05047082901001
1224678,original,9.483206748962402
1161486,original,6.093276023864746
1101374,original,7.549267768859863
2738,original,6.614391326904297
376491,original,6.398622989654541
1163056,original,12.412861824035645
1102478,original,5.834901809692383
606936,original,2.7538681030273438
846370,original,4.962867259979248
949717,original,6.839178085327148
553052,original,8.624153137207031
1217301,original,6.77579402923584
750922,original,5.830256462097168
675795,original,5.835931777954102
573848,original,7.044920921325684
725767,original,13.413103103637695
384168,original,11.119436264038086
491172,original,9.601630210876465
366759,original,10.56163501739502
490007,original,11.327392578125
1027635,original,11.867287635803223
268175,original,10.59865951538086
932130,original,10.26602840423584
1103342,original,11.516945838928223
897451,original,9.260397911071777
1220610,original,9.43697452545166
885783,original,13.49843692779541
604361,original,9.118603706359863
847145,original,8.929738998413086
853044,original,15.957332611083984
1172830,original,4.167246341705322
1056946,original,12.251992225646973
821593,original,15.042680740356445
764938,original,8.962220191955566
1171544,original,10.329137802124023
371713,original,7.486560344696045
1180827,original,15.371565818786621
1193399,original,12.037416458129883
366642,original,4.5468292236328125
106167,original,9.977362632751465
952322,original,8.089999198913574
1248859,original,6.934879302978516
1275755,original,9.170869827270508
422357,original,13.67485237121582
668661,original,5.326424598693848
834929,original,14.482189178466797
377199,original,12.143792152404785
354502,original,4.07850980758667
376899,original,11.697002410888672
326539,original,16.4649715423584
373148,original,11.008770942687988
377104,original,8.700141906738281
327196,original,7.291933536529541
460429,original,6.5256757736206055
460233,original,7.540135860443115
470561,original,10.277656555175781
465842,original,5.735797882080078
469348,original,10.389174461364746
461662,original,10.406683921813965
461125,original,5.061640739440918
461035,original,8.513134956359863
468053,original,6.764475345611572
1105574,original,13.97359561920166
1310986,original,7.109916687011719
649850,original,7.9977216720581055
1101540,original,9.825577735900879
459130,original,6.831390380859375
705886,original,6.431901454925537
474556,original,6.465100288391113
457939,original,9.179972648620605
1142694,original,7.428363800048828
535434,original,8.927249908447266
935906,original,11.945252418518066
534895,original,5.349096775054932
750122,original,8.566557884216309
889498,original,10.487055778503418
1052210,original,11.414837837219238
1077317,original,10.985308647155762
533465,original,8.397408485412598
1222892,original,11.487020492553711
569632,original,10.634659767150879
358391,original,9.089941024780273
475096,original,13.694515228271484
594254,original,9.016019821166992
466048,original,0.1600482165813446
1071658,original,11.152172088623047
527754,original,13.172213554382324
919020,original,12.329218864440918
453886,original,4.889520645141602
467000,original,11.242158889770508
1072485,original,11.82799243927002
361022,original,7.355367660522461
1040354,original,10.247660636901855
534379,original,6.79753303527832
1336088,original,8.455910682678223
227741,original,5.8903303146362305
350100,original,11.279993057250977
1004518,original,11.162705421447754
692773,original,9.684943199157715
222720,original,12.699475288391113
1158133,original,6.170123100280762
1152564,original,10.815702438354492
474429,original,6.924505233764648
1105529,original,13.44285774230957
1173204,original,8.5809965133667
421520,original,9.761033058166504
534729,original,8.632411003112793
588350,original,11.422553062438965
860207,original,14.26292610168457
955813,original,6.658151626586914
569452,original,6.5535664558410645
783080,original,6.436164855957031
987298,original,6.546136856079102
447210,original,11.413519859313965
878934,original,5.716670036315918
46777,original,7.479248523712158
1285296,original,10.697985649108887
1060000,original,8.241819381713867
1319926,original,10.810005187988281
447524,original,11.93376350402832
869711,original,12.735814094543457
985917,original,8.746554374694824
896292,original,10.247061729431152
1017237,original,10.964564323425293
896235,original,12.32337760925293
1241284,original,12.4741849899292
472052,original,9.141217231750488
904548,original,8.998536109924316
1159030,original,4.806629180908203
796892,original,9.64395809173584
447097,original,5.357433319091797
899163,original,7.372265815734863
693719,original,5.660124778747559
1150939,original,11.186968803405762
184299,original,8.285696983337402
818048,original,13.261087417602539
534972,original,2.14800763130188
1202156,original,6.832395076751709
1076668,original,6.221959590911865
686935,original,12.94572639465332
966385,original,8.79297161102295
1137062,original,7.4958600997924805
876947,original,8.545026779174805
567448,original,6.352103233337402
1150744,original,9.318617820739746
1286215,original,6.935983180999756
1286523,original,9.764863014221191
221072,original,10.910834312438965
969824,original,11.467074394226074
1253792,original,12.13637638092041
454922,original,8.2516450881958
535280,original,8.467570304870605
753324,original,10.988251686096191
569890,original,9.444559097290039
333796,original,8.852895736694336
913930,original,4.405268669128418
1079438,original,7.191837310791016
8114,original,13.034010887145996
903346,original,11.745909690856934
1202099,original,6.49380350112915
1291468,original,7.870159149169922
459182,original,6.736928462982178
446590,original,9.737778663635254
1206287,original,9.784029960632324
976218,original,10.46668529510498
815326,original,7.600433349609375
1319676,original,10.707372665405273
450484,original,4.540698051452637
1240495,original,7.146726608276367
579177,original,6.3948655128479
533393,original,8.790404319763184
590647,original,6.315526008605957
861566,original,8.131911277770996
994477,original,11.549678802490234
1076553,original,4.645303726196289
895560,original,8.865309715270996
470552,original,13.230301856994629
1203062,original,6.074390411376953
1203265,original,4.202324390411377
1325624,original,8.81362533569336
1200071,original,3.333042621612549
693257,original,10.915814399719238
682737,original,4.607259750366211
1202756,original,5.220250129699707
189877,original,5.716361999511719
917969,original,8.79133129119873
1293589,original,6.192251205444336
1106803,original,9.43720531463623
430497,original,13.697122573852539
1097650,original,11.772610664367676
834094,original,10.237471580505371
472770,original,6.33486270904541
1316327,original,12.082547187805176
971225,original,7.700802326202393
1224965,original,10.466448783874512
509808,original,10.095114707946777
998903,original,5.415802955627441
771942,original,8.234332084655762
469372,original,5.62937068939209
834114,original,7.800354957580566
836710,original,6.004772186279297
1016174,original,11.373366355895996
43479,original,9.931341171264648
871564,original,7.513140678405762
917976,original,8.809301376342773
193750,original,8.00829029083252
114940,original,6.843283176422119
447627,original,8.135453224182129
1206283,original,10.315408706665039
629726,original,7.0494489669799805
57120,original,10.292449951171875
457586,original,10.047158241271973
1129238,original,10.899571418762207
552584,original,3.0168590545654297
739985,original,10.105164527893066
1108540,original,10.203866004943848
452078,original,3.5062005519866943
1012096,original,11.132908821105957
877434,original,9.064887046813965
1056078,original,14.611634254455566
468206,original,8.381001472473145
451951,original,10.482332229614258
660751,original,6.097986221313477
685210,original,9.320414543151855
572643,original,12.444243431091309
466437,original,6.724880218505859
1284454,original,7.414053916931152
1329219,original,8.561253547668457
1341404,original,9.380850791931152
892858,original,10.09046459197998
810699,original,12.20677661895752
830132,original,10.880755424499512
937593,original,12.190226554870605
649469,original,13.837512016296387
466039,original,8.943090438842773
972217,original,13.189166069030762
922384,original,12.30484676361084
580383,original,8.218901634216309
159711,original,6.834747791290283
675457,original,6.606910705566406
1203419,original,4.034186363220215
460125,original,4.759832382202148
450589,original,6.1246185302734375
1284862,original,-0.22732943296432495
756186,original,14.726241111755371
662298,original,10.285812377929688
724015,original,8.947625160217285
1099563,original,12.92456340789795
271648,original,6.409710884094238
471142,original,11.374961853027344
1339489,original,6.975386142730713
460083,original,8.951857566833496
1022420,original,8.765576362609863
574597,original,6.320582389831543
874493,original,11.38984203338623
453645,original,7.379363059997559
788692,original,6.0319390296936035
534512,original,4.736746788024902
1059139,original,6.622909069061279
1176325,original,11.5595064163208
159566,original,10.020373344421387
448303,original,6.785233497619629
830454,original,8.669890403747559
986966,original,5.903957843780518
554086,original,12.087111473083496
1072945,original,11.987736701965332
448465,original,8.712119102478027
531531,original,6.352583885192871
448235,original,15.851361274719238
738347,original,8.783356666564941
824622,original,7.498606204986572
797088,original,9.604653358459473
423078,original,8.624995231628418
649893,original,8.194308280944824
1057848,original,11.3799409866333
781486,original,5.581198692321777
588201,original,8.948526382446289
1200661,original,12.422866821289062
326069,original,8.384527206420898
1134311,original,8.050077438354492
342103,original,10.621559143066406
1314973,original,9.495430946350098
317704,original,6.494056224822998
1136681,original,6.399205207824707
1217821,original,7.349654674530029
929425,original,9.402587890625
710049,original,6.616598606109619
1133719,original,8.645735740661621
204144,original,9.429068565368652
1207189,original,0.8863558769226074
1208544,original,12.446934700012207
331006,original,13.523518562316895
1265002,original,10.748960494995117
1100298,original,6.403871536254883
426492,original,11.93962287902832
1109011,original,10.919978141784668
1213455,original,0.16660219430923462
323350,original,14.459765434265137
887898,original,4.886600971221924
517965,original,3.142414093017578
830591,original,5.7830810546875
816949,original,11.209007263183594
1006540,original,9.101593017578125
270171,original,7.567563056945801
103670,original,14.99866771697998
263183,original,8.526220321655273
1082559,original,8.60240650177002
518611,original,7.88835334777832
327603,original,11.81704044342041
1231839,original,12.48874568939209
408551,original,14.243321418762207
205150,original,5.613705635070801
505260,original,12.352326393127441
1216634,original,13.82091236114502
90490,original,12.49569034576416
296302,original,13.624321937561035
505984,original,13.474640846252441
1163161,original,11.746071815490723
827135,original,11.181880950927734
1160776,original,8.878376960754395
18087,original,9.407732963562012
404904,original,12.966268539428711
982258,original,4.3341240882873535
1272711,original,8.431754112243652
1346312,original,11.320052146911621
894964,original,3.1893725395202637
1257799,original,11.8370943069458
962055,original,12.905102729797363
1217930,original,12.03243350982666
1261164,original,5.006736755371094
1262210,original,4.219308853149414
296278,original,14.46467113494873
628567,original,5.1804046630859375
1257150,original,9.241057395935059
1258043,original,8.36719799041748
956436,original,11.797394752502441
1164324,original,7.668346405029297
755684,original,11.669283866882324
1217267,original,12.838347434997559
102991,original,16.55223846435547
889180,original,12.106230735778809
499541,original,5.152807235717773
1294098,original,10.230351448059082
1215323,original,5.429634094238281
1213321,original,3.9272701740264893
1149731,original,13.245163917541504
1270582,original,3.8292956352233887
87955,original,9.452113151550293
770405,original,12.49026870727539
1249266,original,8.787031173706055
312467,original,9.581499099731445
1259497,original,7.9627227783203125
427878,original,11.482805252075195
1250142,original,5.133162498474121
359112,original,10.646044731140137
103668,original,13.977839469909668
25449,original,9.520936965942383
500899,original,9.64191722869873
921373,original,8.784743309020996
1096482,original,12.219539642333984
1133859,original,8.759015083312988
340146,original,13.138596534729004
522396,original,10.147414207458496
1211389,original,12.102124214172363
296879,original,9.970379829406738
498936,original,7.750736236572266
346120,original,10.171735763549805
1215165,original,10.967365264892578
1258507,original,8.055546760559082
1269212,original,5.905903339385986
1131765,original,12.664226531982422
103198,original,10.918009757995605
962034,original,5.042781829833984
519699,original,9.670341491699219
498694,original,15.591531753540039
520229,original,3.041595697402954
928585,original,3.6704413890838623
1274191,original,5.585212230682373
1041178,original,10.317715644836426
280614,original,9.502449989318848
966486,original,10.088562965393066
328786,original,12.652142524719238
424742,original,8.161124229431152
63137,original,8.916389465332031
1018660,original,11.473477363586426
1018410,original,12.519294738769531
1269622,original,8.737222671508789
1269377,original,10.018427848815918
1269771,original,3.692471981048584
1002057,original,11.187501907348633
1273176,original,6.257730007171631
155144,original,10.812308311462402
1258563,original,8.314870834350586
1346783,original,12.029706001281738
723640,original,7.710690498352051
1163564,original,13.447173118591309
166284,original,8.521028518676758
1161642,original,11.000088691711426
1218250,original,10.115924835205078
502448,original,15.678114891052246
768110,original,8.832329750061035
1134351,original,8.954009056091309
1131828,original,5.5998735427856445
767339,original,14.43461799621582
222162,original,15.83588695526123
139562,original,15.416849136352539
327054,original,11.95053768157959
1283747,original,10.767332077026367
294571,original,13.39488697052002
1079151,original,6.6828083992004395
1309485,original,7.984726905822754
1144283,original,7.1736016273498535
501676,original,8.853302955627441
521946,original,4.474800109863281
101424,original,2.1985554695129395
1261227,original,8.124366760253906
493559,original,13.438672065734863
1346304,original,5.889132499694824
769066,original,4.271944046020508
346006,original,3.4763381481170654
1250127,original,6.438261985778809
426698,original,6.780974388122559
906195,original,6.740123748779297
1271685,original,3.0918402671813965
723642,original,11.92880916595459
345071,original,7.720860004425049
1259554,original,6.7038373947143555
950124,original,6.773336410522461
104703,original,12.70651626586914
1218989,original,10.037245750427246
956848,original,9.162894248962402
345717,original,11.65930461883545
1263446,original,12.176916122436523
1208861,original,12.124798774719238
925205,original,12.2537260055542
1214029,original,11.655938148498535
1208414,original,7.1549296379089355
335831,original,9.153219223022461
688750,original,12.25133991241455
890127,original,11.491900444030762
787129,original,8.995233535766602
140795,original,12.716520309448242
425969,original,11.558623313903809
259314,original,9.71666431427002
1135638,original,8.059187889099121
1261396,original,5.816139221191406
501544,original,9.636420249938965
254525,original,5.308853626251221
816383,original,8.255328178405762
1257308,original,4.854870796203613
943119,original,13.904288291931152
497507,original,14.462372779846191
669870,original,8.277158737182617
1084412,original,7.390891075134277
499018,original,9.611817359924316
1117209,original,15.09485912322998
1110472,original,10.634981155395508
498325,original,12.180851936340332
1015188,original,9.326637268066406
1134760,original,9.0152006149292
1274592,original,9.233083724975586
956166,original,8.696288108825684
1271680,original,7.617552757263184
294738,original,13.544737815856934
230111,original,11.588824272155762
254088,original,8.334639549255371
1265642,original,7.714410305023193
966615,original,9.002315521240234
717653,original,12.953471183776855
1022815,original,10.221404075622559
254247,original,7.981621265411377
1120224,original,9.649603843688965
345002,original,10.847342491149902
1280461,original,9.289155006408691
1236748,original,10.622736930847168
17972,original,11.83402156829834
1081828,original,9.63000202178955
296322,original,11.533308982849121
925393,original,9.472864151000977
426674,original,11.04737663269043
425455,original,14.409218788146973
493518,original,7.603708744049072
826599,original,11.435503959655762
427440,original,13.440703392028809
900026,original,4.742541313171387
1041244,original,12.452289581298828
838739,original,11.58496379852295
138895,original,10.709429740905762
1084947,original,13.098699569702148
522891,original,4.803866386413574
282156,original,12.53608226776123
1224731,original,12.46430492401123
1272990,original,10.743120193481445
1104296,original,10.171028137207031
1059590,original,10.773077964782715
849929,original,9.293773651123047
516675,original,6.789271354675293
830646,original,8.152798652648926
1267048,original,8.501866340637207
1161667,original,12.861319541931152
139803,original,9.201211929321289
1224880,original,10.74890422821045
1210035,original,11.661553382873535
gen_000676,original,-13.41048526763916
gen_000677,original,-10.617850303649902
gen_000679,original,-14.303962707519531
gen_000680,original,-10.210844039916992
gen_000682,original,-10.804962158203125
gen_000683,original,-6.803219795227051
gen_000685,original,-12.795374870300293
gen_000686,original,-15.911955833435059
gen_000688,original,-15.018292427062988
gen_000689,original,-9.7174711227417
gen_000691,original,-13.384493827819824
gen_000692,original,-15.202616691589355
gen_000694,original,-10.444697380065918
gen_000695,original,-11.651018142700195
gen_000697,original,-9.808659553527832
gen_000698,original,-11.111716270446777
gen_000700,original,-15.626312255859375
gen_000701,original,-3.670304536819458
gen_000703,original,-11.406998634338379
gen_000704,original,-18.279497146606445
gen_000706,original,-10.780600547790527
gen_000707,original,-16.032991409301758
gen_000709,original,-13.027653694152832
gen_000710,original,-4.430431842803955
gen_000712,original,-10.583907127380371
gen_000713,original,-11.65571117401123
gen_000715,original,-8.575939178466797
gen_000716,original,-16.14944839477539
gen_000718,original,-11.569304466247559
gen_000719,original,-12.335480690002441
gen_000721,original,1.3779397010803223
gen_000722,original,-11.531891822814941
gen_000724,original,-17.269302368164062
gen_000725,original,-12.536293983459473
gen_000727,original,-6.839006423950195
gen_000728,original,-9.62928295135498
gen_000730,original,-12.226943969726562
gen_000731,original,-13.601210594177246
gen_000733,original,-10.706372261047363
gen_000734,original,-9.738724708557129
gen_000736,original,0.23738014698028564
gen_000737,original,-11.275223731994629
gen_000739,original,-6.111007213592529
gen_000740,original,-11.226164817810059
gen_000742,original,-6.891604423522949
gen_000795,original,-16.627328872680664
gen_000796,original,-12.181373596191406
gen_000798,original,-3.0673556327819824
gen_000799,original,-6.1024370193481445
gen_000801,original,-12.428854942321777
gen_000802,original,-12.941859245300293
gen_000804,original,-8.696605682373047
gen_000805,original,-9.308069229125977
gen_000807,original,-8.005143165588379
gen_000808,original,-16.6294002532959
gen_000810,original,-14.14614200592041
gen_000811,original,-8.363834381103516
gen_000813,original,-8.681509971618652
gen_000814,original,-9.79076099395752
gen_000816,original,-11.475366592407227
gen_000817,original,-7.619897842407227
gen_000819,original,-12.070605278015137
gen_000820,original,-10.993226051330566
gen_000822,original,-11.466172218322754
gen_000823,original,-6.6207709312438965
gen_000825,original,-12.714743614196777
gen_000826,original,-7.918238162994385
gen_000828,original,-8.23731517791748
gen_000829,original,-11.113958358764648
gen_000831,original,-14.089877128601074
gen_000832,original,-6.405795574188232
gen_000834,original,-12.66382884979248
gen_000835,original,-14.08376693725586
gen_000837,original,-8.933993339538574
gen_000838,original,-11.691490173339844
gen_000840,original,-8.90916919708252
gen_000841,original,-6.690880298614502
gen_000843,original,-9.146140098571777
gen_000844,original,-13.373969078063965
gen_000846,original,-7.895172119140625
gen_000847,original,-14.168879508972168
gen_000849,original,-7.9997406005859375
gen_000850,original,-6.640992164611816
gen_000852,original,-7.751286029815674
gen_000853,original,-11.971939086914062
gen_000855,original,-12.571666717529297
gen_000856,original,-11.94947338104248
gen_000858,original,-10.87443733215332
gen_000859,original,-10.58607006072998
gen_000861,original,-6.833754062652588
gen_000914,original,3.013836145401001
gen_000915,original,-15.607605934143066
gen_000917,original,-14.271845817565918
gen_000918,original,-14.543181419372559
gen_000920,original,-11.924581527709961
gen_000921,original,-7.294293403625488
gen_000923,original,-16.33411407470703
gen_000924,original,-13.12756633758545
gen_000926,original,-4.183808326721191
gen_000927,original,-15.471348762512207
gen_000929,original,-7.393370628356934
gen_000930,original,-7.957868576049805
gen_000932,original,-9.462214469909668
gen_000933,original,-11.938197135925293
gen_000935,original,-10.316128730773926
gen_000936,original,-7.659250259399414
gen_000938,original,-14.225780487060547
gen_000939,original,-9.727754592895508
gen_000941,original,-10.451640129089355
gen_000942,original,-9.860487937927246
gen_000944,original,-14.359902381896973
gen_000945,original,-10.676770210266113
gen_000947,original,-8.57496452331543
gen_000948,original,-7.596059799194336
gen_000950,original,-4.624858856201172
gen_000951,original,-9.866955757141113
gen_000953,original,-3.6125905513763428
gen_000954,original,-18.754762649536133
gen_000956,original,-5.830663204193115
gen_000957,original,-15.366236686706543
gen_000959,original,-8.26197624206543
gen_000960,original,-2.849099636077881
gen_000962,original,-7.318849086761475
gen_000963,original,-15.481917381286621
gen_000965,original,-9.400740623474121
gen_000966,original,-10.747082710266113
gen_000968,original,-13.217735290527344
gen_000969,original,-8.860776901245117
gen_000971,original,-13.9022216796875
gen_000972,original,2.4956812858581543
gen_000974,original,-5.171724319458008
gen_000975,original,-13.671055793762207
gen_000977,original,-7.225048542022705
gen_000978,original,-4.725408554077148
gen_000980,original,-10.061007499694824
gen_001033,original,-15.752276420593262
gen_001034,original,-7.935331344604492
gen_001036,original,-12.93045711517334
gen_001037,original,-0.56966632604599
gen_001039,original,-13.455484390258789
gen_001040,original,-12.217972755432129
gen_001042,original,-12.027862548828125
gen_001043,original,-8.661946296691895
gen_001045,original,-11.65832233428955
gen_001046,original,-12.385048866271973
gen_001048,original,-14.18805980682373
gen_001049,original,-17.058860778808594
gen_001051,original,-12.533926963806152
gen_001052,original,-18.694812774658203
gen_001054,original,-14.077082633972168
gen_001055,original,-11.507220268249512
gen_001057,original,-14.809416770935059
gen_001058,original,-9.22838020324707
gen_001060,original,-9.525581359863281
gen_001061,original,-12.779923439025879
gen_001063,original,-9.152223587036133
gen_001064,original,-12.634541511535645
gen_001066,original,-14.035690307617188
gen_001067,original,-12.516500473022461
gen_001069,original,-13.231486320495605
gen_001070,original,-9.182404518127441
gen_001072,original,-13.153944969177246
gen_001073,original,-11.214950561523438
gen_001075,original,-8.706564903259277
gen_001076,original,-17.607622146606445
gen_001078,original,-2.0701658725738525
gen_001079,original,-8.233012199401855
gen_001081,original,-11.07763671875
gen_001082,original,-11.521151542663574
gen_001084,original,-9.216409683227539
gen_001085,original,-1.5489951372146606
gen_001087,original,-11.524128913879395
gen_001088,original,-9.469950675964355
gen_001090,original,-11.731932640075684
gen_001091,original,-17.502885818481445
gen_001093,original,-5.555582046508789
gen_001094,original,-13.403807640075684
gen_001096,original,-14.91530704498291
gen_001097,original,-12.942082405090332
gen_001099,original,-10.542901039123535
gen_001152,original,-3.90787672996521
gen_001153,original,-15.69648265838623
gen_001155,original,-11.007489204406738
gen_001156,original,-14.190704345703125
gen_001158,original,-13.538168907165527
gen_001159,original,-11.861079216003418
gen_001161,original,-13.028414726257324
gen_001162,original,-13.712517738342285
gen_001164,original,-11.888666152954102
gen_001165,original,-13.39901065826416
gen_001167,original,-10.899900436401367
gen_001168,original,-12.722678184509277
gen_001170,original,-13.907393455505371
gen_001171,original,-11.839200019836426
gen_001173,original,-7.854432582855225
gen_001174,original,-12.347349166870117
gen_001176,original,-10.237034797668457
gen_001177,original,-9.653185844421387
gen_001179,original,-7.309768199920654
gen_001180,original,-11.004392623901367
gen_001182,original,-11.785623550415039
gen_001183,original,-10.725661277770996
gen_001185,original,-7.956974983215332
gen_001186,original,-11.599538803100586
gen_001188,original,-9.223711967468262
gen_001189,original,-8.333052635192871
gen_001191,original,-14.103347778320312
gen_001192,original,-10.912999153137207
gen_001194,original,-9.710553169250488
gen_001195,original,-5.034038543701172
gen_001197,original,-6.779170989990234
gen_001198,original,-13.231812477111816
gen_001200,original,-14.985188484191895
gen_001201,original,-8.07801342010498
gen_001203,original,-9.283806800842285
gen_001204,original,-9.65417194366455
gen_001206,original,-11.022553443908691
gen_001207,original,-6.415402412414551
gen_001209,original,-12.643097877502441
gen_001210,original,-12.316245079040527
gen_001212,original,-7.369761943817139
gen_001213,original,-8.180195808410645
gen_001215,original,-7.898879528045654
gen_001216,original,-11.279071807861328
gen_001218,original,-6.7211713790893555
gen_001271,original,-13.60157585144043
gen_001272,original,-7.541270732879639
gen_001274,original,-6.514618873596191
gen_001275,original,-7.593585014343262
gen_001277,original,-4.6692681312561035
gen_001278,original,-5.439589500427246
gen_001280,original,-7.882379531860352
gen_001281,original,-9.979138374328613
gen_001283,original,-1.8416674137115479
gen_001284,original,-8.359375953674316
gen_001286,original,-8.58604907989502
gen_001287,original,-10.9385347366333
gen_001289,original,-7.9537200927734375
gen_001290,original,-5.699115753173828
gen_001292,original,-12.190703392028809
gen_001293,original,-8.506365776062012
gen_001295,original,-4.609960079193115
gen_001296,original,-7.861416339874268
gen_001298,original,-10.903525352478027
gen_001299,original,-13.578804016113281
gen_001301,original,-9.393410682678223
gen_001302,original,-8.665107727050781
gen_001304,original,-9.513433456420898
gen_001305,original,-5.82260799407959
gen_001307,original,-6.769233703613281
gen_001308,original,-10.407515525817871
gen_001310,original,-5.639460563659668
gen_001311,original,-11.097732543945312
gen_001313,original,-7.783337116241455
gen_001314,original,-14.898550033569336
gen_001316,original,-9.040997505187988
gen_001317,original,-10.04787540435791
gen_001319,original,-8.261971473693848
gen_001320,original,-9.809021949768066
gen_001322,original,-4.8116631507873535
gen_001323,original,-10.377248764038086
gen_001325,original,-5.412271499633789
gen_001326,original,-9.981383323669434
gen_001328,original,-10.279035568237305
gen_001329,original,-2.9743964672088623
gen_001331,original,-9.0211763381958
gen_001332,original,-8.625685691833496
gen_001334,original,-4.534354209899902
gen_001335,original,-8.71738052368164
gen_001337,original,-5.861181259155273
gen_001390,original,-7.075992584228516
gen_001391,original,-14.90963077545166
gen_001393,original,-3.725831985473633
gen_001394,original,-10.008820533752441
gen_001396,original,-12.291571617126465
gen_001397,original,-2.668527603149414
gen_001399,original,-12.35297679901123
gen_001400,original,-9.38400936126709
gen_001402,original,-13.493964195251465
gen_001403,original,-16.4493350982666
gen_001405,original,-4.585930347442627
gen_001406,original,-11.120227813720703
gen_001408,original,-11.634903907775879
gen_001409,original,0.30612125992774963
gen_001411,original,-9.265229225158691
gen_001412,original,-7.276950836181641
gen_001414,original,-8.703141212463379
gen_001415,original,-12.44809627532959
gen_001417,original,-9.223123550415039
gen_001418,original,-11.854804039001465
gen_001420,original,-12.593888282775879
gen_001421,original,-8.945597648620605
gen_001423,original,-11.073420524597168
gen_001424,original,-13.480216026306152
gen_001426,original,-15.643570899963379
gen_001427,original,-12.770829200744629
gen_001429,original,-2.226996898651123
gen_001430,original,-10.040786743164062
gen_001432,original,-2.641648530960083
gen_001433,original,-9.180827140808105
gen_001435,original,-8.000364303588867
gen_001436,original,-13.655200004577637
gen_001438,original,-12.885414123535156
gen_001439,original,-6.79273796081543
gen_001441,original,-11.740809440612793
gen_001442,original,-10.39123821258545
gen_001444,original,-11.205735206604004
gen_001445,original,-18.607160568237305
gen_001447,original,-8.093520164489746
gen_001448,original,-8.766240119934082
gen_001450,original,-12.278905868530273
gen_001451,original,-11.304774284362793
gen_001453,original,-15.847016334533691
gen_001454,original,-11.372807502746582
gen_001456,original,-9.828289031982422
gen_001509,original,-10.748103141784668
gen_001510,original,-4.808223247528076
gen_001512,original,-8.842663764953613
gen_001513,original,-16.010913848876953
gen_001515,original,-5.53984260559082
gen_001516,original,-14.407416343688965
gen_001518,original,-8.62636661529541
gen_001519,original,-11.164401054382324
gen_001521,original,-16.668859481811523
gen_001522,original,-4.114198684692383
gen_001524,original,-13.697405815124512
gen_001525,original,-11.703146934509277
gen_001527,original,-11.797608375549316
gen_001528,original,-13.025667190551758
gen_001530,original,-16.149587631225586
gen_001531,original,-10.4684476852417
gen_001533,original,-7.782989978790283
gen_001534,original,-8.732884407043457
gen_001536,original,-7.0022053718566895
gen_001537,original,-6.220349311828613
gen_001539,original,-6.903773307800293
gen_001540,original,-9.183172225952148
gen_001542,original,-9.685931205749512
gen_001543,original,-13.86104679107666
gen_001545,original,-10.254404067993164
gen_001546,original,-11.606202125549316
gen_001548,original,-11.748297691345215
gen_001549,original,-13.924985885620117
gen_001551,original,-9.880497932434082
gen_001552,original,-8.258537292480469
gen_001554,original,-11.044570922851562
gen_001555,original,-7.8546061515808105
gen_001557,original,-9.254873275756836
gen_001558,original,-12.064933776855469
gen_001560,original,-12.163533210754395
gen_001561,original,-1.973965048789978
gen_001563,original,-9.34437084197998
gen_001564,original,-11.211009979248047
gen_001566,original,-12.153414726257324
gen_001567,original,-12.94726848602295
gen_001569,original,-14.040192604064941
gen_001570,original,-10.208563804626465
gen_001572,original,-5.324976921081543
gen_001573,original,-13.101794242858887
gen_001575,original,-6.634551525115967
gen_001628,original,-13.010432243347168
gen_001629,original,-14.522642135620117
gen_001631,original,-12.422164916992188
gen_001632,original,-12.695998191833496
gen_001634,original,-15.040472984313965
gen_001635,original,-13.879050254821777
gen_001637,original,-14.072701454162598
gen_001638,original,-14.017455101013184
gen_001640,original,-13.882290840148926
gen_001641,original,-9.494257926940918
gen_001643,original,-14.229689598083496
gen_001644,original,-10.83545207977295
gen_001646,original,-16.659704208374023
gen_001647,original,-9.446253776550293
gen_001649,original,-18.623441696166992
gen_001650,original,-13.636728286743164
gen_001652,original,-10.891457557678223
gen_001653,original,-10.176325798034668
gen_001655,original,-14.2494478225708
gen_001656,original,-12.522513389587402
gen_001658,original,-13.501896858215332
gen_001659,original,-18.085912704467773
gen_001661,original,-8.877376556396484
gen_001662,original,-10.398116111755371
gen_001664,original,-14.019858360290527
gen_001665,original,-14.221762657165527
gen_001667,original,-10.409710884094238
gen_001668,original,-10.09499454498291
gen_001670,original,-9.871161460876465
gen_001671,original,-14.810332298278809
gen_001673,original,-7.518848419189453
gen_001674,original,-10.5508394241333
gen_001676,original,-15.59096622467041
gen_001677,original,-9.486297607421875
gen_001679,original,-1.3576499223709106
gen_001680,original,-12.049149513244629
gen_001682,original,-14.585434913635254
gen_001683,original,-8.076560974121094
gen_001685,original,-15.322932243347168
gen_001686,original,-9.917871475219727
gen_001688,original,-12.71951961517334
gen_001689,original,-10.333619117736816
gen_001691,original,-13.80188274383545
gen_001692,original,-18.085676193237305
gen_001694,original,-16.022275924682617
gen_001747,original,-10.818694114685059
gen_001748,original,-16.42232322692871
gen_001750,original,-12.192014694213867
gen_001751,original,-14.761393547058105
gen_001753,original,-12.096198081970215
gen_001754,original,-16.7006893157959
gen_001756,original,-10.79665470123291
gen_001757,original,-13.681822776794434
gen_001759,original,-12.961233139038086
gen_001760,original,-15.9158935546875
gen_001762,original,-17.588285446166992
gen_001763,original,-10.46402645111084
gen_001765,original,-9.561814308166504
gen_001766,original,-14.718838691711426
gen_001768,original,-12.046586036682129
gen_001769,original,-14.439016342163086
gen_001771,original,-10.340801239013672
gen_001772,original,-18.2443904876709
gen_001774,original,-15.175283432006836
gen_001775,original,-11.702669143676758
gen_001777,original,-11.543471336364746
gen_001778,original,-15.895033836364746
gen_001780,original,-12.06693172454834
gen_001781,original,-9.247814178466797
gen_001783,original,-11.988625526428223
gen_001784,original,-13.631902694702148
gen_001786,original,-12.35718822479248
gen_001787,original,-14.03007984161377
gen_001789,original,-13.831377983093262
gen_001790,original,-12.265828132629395
gen_001792,original,-11.389647483825684
gen_001793,original,-10.401667594909668
gen_001795,original,-10.295783042907715
gen_001796,original,-13.771353721618652
gen_001798,original,-11.336447715759277
gen_001799,original,-14.523085594177246
gen_001801,original,-9.60773754119873
gen_001802,original,-13.793549537658691
gen_001804,original,-12.115647315979004
gen_001805,original,-12.408148765563965
gen_001807,original,-13.061487197875977
gen_001808,original,-11.111809730529785
gen_001810,original,-14.816884994506836
gen_001811,original,-13.342609405517578
gen_001813,original,-8.350584983825684
gen_001866,original,-9.143508911132812
gen_001867,original,-18.92184829711914
gen_001869,original,-9.044194221496582
gen_001870,original,-11.787701606750488
gen_001872,original,-10.041314125061035
gen_001873,original,-13.465081214904785
gen_001875,original,-16.7208309173584
gen_001876,original,-13.263352394104004
gen_001878,original,-12.661956787109375
gen_001879,original,-14.186456680297852
gen_001881,original,-10.785727500915527
gen_001882,original,-12.959467887878418
gen_001884,original,-16.353710174560547
gen_001885,original,-12.684066772460938
gen_001887,original,-9.142685890197754
gen_001888,original,-7.56061315536499
gen_001890,original,-9.873147010803223
gen_001891,original,-14.1935396194458
gen_001893,original,-12.321003913879395
gen_001894,original,-13.312458992004395
gen_001896,original,-14.420784950256348
gen_001897,original,-8.57699203491211
gen_001899,original,-10.412321090698242
gen_001900,original,-11.108466148376465
gen_001902,original,-9.33113956451416
gen_001903,original,-8.56862735748291
gen_001905,original,-9.64484691619873
gen_001906,original,-18.31756019592285
gen_001908,original,-14.868426322937012
gen_001909,original,-7.32966947555542
gen_001911,original,-8.81503963470459
gen_001912,original,-11.25687313079834
gen_001914,original,-10.439253807067871
gen_001915,original,-15.832985877990723
gen_001917,original,-20.43421173095703
gen_001918,original,-16.556325912475586
gen_001920,original,-17.649280548095703
gen_001921,original,-6.272719383239746
gen_001923,original,-12.416434288024902
gen_001924,original,-14.76880168914795
gen_001926,original,-9.845383644104004
gen_001927,original,-9.21823787689209
gen_001929,original,-6.208841800689697
gen_001930,original,-9.454031944274902
gen_001932,original,-12.458868026733398
gen_001985,original,-10.111340522766113
gen_001986,original,-7.831761360168457
gen_001988,original,-16.11602210998535
gen_001989,original,-16.398679733276367
gen_001991,original,-7.840899467468262
gen_001992,original,-15.53074836730957
gen_001994,original,-11.923194885253906
gen_001995,original,-8.941691398620605
gen_001997,original,-16.684423446655273
gen_001998,original,-12.036717414855957
gen_002000,original,-16.649219512939453
gen_002001,original,-17.204687118530273
gen_002003,original,-10.533988952636719
gen_002004,original,-14.748040199279785
gen_002006,original,-11.921452522277832
gen_002007,original,-10.756280899047852
gen_002009,original,-14.38083553314209
gen_002010,original,-8.795971870422363
gen_002012,original,-13.672231674194336
gen_002013,original,-15.22324275970459
gen_002015,original,-11.889382362365723
gen_002016,original,-8.556581497192383
gen_002018,original,-11.085213661193848
gen_002019,original,-9.626672744750977
gen_002021,original,-13.053159713745117
gen_002022,original,-14.960611343383789
gen_002024,original,-0.9058294296264648
gen_002025,original,-14.005913734436035
gen_002027,original,-12.706487655639648
gen_002028,original,-11.215580940246582
gen_002030,original,-14.562586784362793
gen_002031,original,-11.137405395507812
gen_002033,original,-11.436384201049805
gen_002034,original,-10.94469165802002
gen_002036,original,-1.9312726259231567
gen_002037,original,-9.017815589904785
gen_002039,original,-14.09219741821289
gen_002040,original,-9.502569198608398
gen_002042,original,-4.288921356201172
gen_002043,original,-11.474404335021973
gen_002045,original,-13.608416557312012
gen_002046,original,-14.829339027404785
gen_002048,original,-12.205060958862305
gen_002049,original,-8.293429374694824
gen_002051,original,-4.464323043823242
gen_002104,original,-9.783987998962402
gen_002105,original,-14.546788215637207
gen_002107,original,-9.089180946350098
gen_002108,original,-12.188981056213379
gen_002110,original,-15.61756420135498
gen_002111,original,-12.741864204406738
gen_002113,original,-7.852084636688232
gen_002114,original,-10.997200012207031
gen_002116,original,-12.036519050598145
gen_002117,original,-11.333083152770996
gen_002119,original,-14.272029876708984
gen_002120,original,-14.012107849121094
gen_002122,original,-12.78964614868164
gen_002123,original,-10.741179466247559
gen_002125,original,-13.659941673278809
gen_002126,original,-13.344429016113281
gen_002128,original,-12.219250679016113
gen_002129,original,-8.634420394897461
gen_002131,original,-13.229373931884766
gen_002132,original,-12.442076683044434
gen_002134,original,-13.109757423400879
gen_002135,original,-15.588067054748535
gen_002137,original,-13.345524787902832
gen_002138,original,-8.205740928649902
gen_002140,original,-11.77641487121582
gen_002141,original,-15.527856826782227
gen_002143,original,-13.051735877990723
gen_002144,original,-14.200356483459473
gen_002146,original,-13.664353370666504
gen_002147,original,-12.309182167053223
gen_002149,original,-10.40434741973877
gen_002150,original,-9.560789108276367
gen_002152,original,-14.423615455627441
gen_002153,original,-8.57390308380127
gen_002155,original,-12.989893913269043
gen_002156,original,-9.645501136779785
gen_002158,original,-11.999189376831055
gen_002159,original,-14.453873634338379
gen_002161,original,-14.636846542358398
gen_002162,original,-11.121681213378906
gen_002164,original,-11.203577995300293
gen_002165,original,-7.320621967315674
gen_002167,original,-16.219959259033203
gen_002168,original,-15.001958847045898
gen_002170,original,-16.37114715576172
gen_002223,original,-13.553613662719727
gen_002224,original,-14.400337219238281
gen_002226,original,-15.690427780151367
gen_002227,original,-10.80942440032959
gen_002229,original,-13.253582000732422
gen_002230,original,-14.805419921875
gen_002232,original,-9.845366477966309
gen_002233,original,-13.046293258666992
gen_002235,original,-11.727327346801758
gen_002236,original,-13.976217269897461
gen_002238,original,-15.095499992370605
gen_002239,original,-15.924239158630371
gen_002241,original,-7.794098854064941
gen_002242,original,-12.562417030334473
gen_002244,original,-13.739446640014648
gen_002245,original,-12.4334135055542
gen_002247,original,-7.562981605529785
gen_002248,original,-17.736867904663086
gen_002250,original,-15.937232971191406
gen_002251,original,-8.014967918395996
gen_002253,original,-13.583748817443848
gen_002254,original,-12.777294158935547
gen_002256,original,-14.115474700927734
gen_002257,original,-14.08631420135498
gen_002259,original,-13.402831077575684
gen_002260,original,-10.772062301635742
gen_002262,original,-12.745939254760742
gen_002263,original,-13.243879318237305
gen_002265,original,-9.245339393615723
gen_002266,original,-12.459782600402832
gen_002268,original,-10.83161449432373
gen_002269,original,-14.522273063659668
gen_002271,original,-11.555695533752441
gen_002272,original,-14.95055866241455
gen_002274,original,-13.019012451171875
gen_002275,original,-10.343953132629395
gen_002277,original,-10.16600513458252
gen_002278,original,-6.997462749481201
gen_002280,original,-11.911468505859375
gen_002281,original,-8.781412124633789
gen_002283,original,-13.539163589477539
gen_002284,original,-14.117044448852539
gen_002286,original,-10.096636772155762
gen_002287,original,-13.915690422058105
gen_002289,original,-11.845995903015137
gen_002342,original,-10.669109344482422
gen_002343,original,-12.664217948913574
gen_002345,original,-11.335803031921387
gen_002346,original,-13.250208854675293
gen_002348,original,-9.833313941955566
gen_002349,original,-12.392938613891602
gen_002351,original,-11.393389701843262
gen_002352,original,-13.851995468139648
gen_002354,original,-14.196562767028809
gen_002355,original,-12.826069831848145
gen_002357,original,-10.359313011169434
gen_002358,original,-11.408381462097168
gen_002360,original,-17.48674201965332
gen_002361,original,-14.392311096191406
gen_002363,original,-7.798882961273193
gen_002364,original,-9.022801399230957
gen_002366,original,-12.024230003356934
gen_002367,original,-13.102904319763184
gen_002369,original,-12.6100492477417
gen_002370,original,-12.071553230285645
gen_002372,original,-10.598167419433594
gen_002373,original,-11.90731143951416
gen_002375,original,-15.49129867553711
gen_002376,original,-11.226704597473145
gen_002378,original,-10.021872520446777
gen_002379,original,-14.98393726348877
gen_002381,original,-11.980213165283203
gen_002382,original,-12.950193405151367
gen_002384,original,-14.377314567565918
gen_002385,original,-14.506609916687012
gen_002387,original,-12.515695571899414
gen_002388,original,-10.490472793579102
gen_002390,original,-7.12185001373291
gen_002391,original,-17.543323516845703
gen_002393,original,-14.761686325073242
gen_002394,original,-15.1602783203125
gen_002396,original,-15.169964790344238
gen_002397,original,-7.185329437255859
gen_002399,original,-15.614167213439941
gen_002400,original,-10.691353797912598
gen_002402,original,-7.531032085418701
gen_002403,original,-13.489203453063965
gen_002405,original,-18.261701583862305
gen_002406,original,-13.653563499450684
gen_002408,original,-12.50629997253418
gen_002461,original,-12.568984031677246
gen_002462,original,-11.19609546661377
gen_002464,original,-14.615283012390137
gen_002465,original,-11.729876518249512
gen_002467,original,-15.20329761505127
gen_002468,original,-16.211454391479492
gen_002470,original,-8.728318214416504
gen_002471,original,-4.241154670715332
gen_002473,original,-15.717449188232422
gen_002474,original,-9.285300254821777
gen_002476,original,-13.455387115478516
gen_002477,original,-15.692026138305664
gen_002479,original,-8.52047348022461
gen_002480,original,-19.708757400512695
gen_002482,original,-11.520577430725098
gen_002483,original,-8.224592208862305
gen_002485,original,-11.533906936645508
gen_002486,original,-9.445993423461914
gen_002488,original,-14.913213729858398
gen_002489,original,-17.94525718688965
gen_002491,original,-13.505372047424316
gen_002492,original,-9.99573802947998
gen_002494,original,-15.509319305419922
gen_002495,original,-11.596590042114258
gen_002497,original,-15.717141151428223
gen_002498,original,-14.652691841125488
gen_002500,original,-12.800461769104004
gen_002501,original,-15.952293395996094
gen_002503,original,-16.004091262817383
gen_002504,original,-14.018834114074707
gen_002506,original,-6.531204700469971
gen_002507,original,-10.413960456848145
gen_002509,original,-10.517111778259277
gen_002510,original,-14.684427261352539
gen_002512,original,-11.652043342590332
gen_002513,original,-9.048877716064453
gen_002515,original,-10.433448791503906
gen_002516,original,-11.505597114562988
gen_002518,original,-13.854107856750488
gen_002519,original,-14.319025993347168
gen_002521,original,-14.269824981689453
gen_002522,original,-18.642030715942383
gen_002524,original,-12.854676246643066
gen_002525,original,-14.969388961791992
gen_002527,original,-7.944929599761963
gen_000500,original,-10.102622032165527
gen_000501,original,-11.14223861694336
gen_000502,original,-9.429898262023926
gen_000503,original,-12.292295455932617
gen_000504,original,-2.8273866176605225
gen_000505,original,-7.648807048797607
gen_000506,original,-11.80695915222168
gen_000507,original,-9.391497611999512
gen_000508,original,-13.725956916809082
gen_000509,original,-2.587453842163086
gen_000510,original,-9.572709083557129
gen_000511,original,-4.3288655281066895
gen_000512,original,-7.285275459289551
gen_000513,original,-9.86945915222168
gen_000514,original,-10.465855598449707
gen_000515,original,-16.364789962768555
gen_000516,original,-11.892183303833008
gen_000517,original,-14.992024421691895
gen_000518,original,-13.614096641540527
gen_000519,original,-8.704120635986328
gen_000520,original,-8.667862892150879
gen_000521,original,-6.932713985443115
gen_000522,original,-14.42164421081543
gen_000523,original,-5.12164831161499
gen_000524,original,-12.075509071350098
gen_000525,original,-7.899389266967773
gen_000526,original,-6.343740463256836
gen_000527,original,-9.635542869567871
gen_000528,original,-9.24376392364502
gen_000529,original,-14.453761100769043
gen_000530,original,-9.694415092468262
gen_000531,original,-6.959559440612793
gen_000532,original,-7.797346115112305
gen_000533,original,-4.04754638671875
gen_000534,original,-12.556793212890625
gen_000535,original,-10.722395896911621
gen_000536,original,-12.039511680603027
gen_000537,original,-6.600069046020508
gen_000538,original,-13.856831550598145
gen_000539,original,-7.082722187042236
gen_000540,original,-7.3295488357543945
gen_000541,original,-10.4009428024292
gen_000542,original,-11.442875862121582
gen_000543,original,-3.5565876960754395
gen_000544,original,-8.68156909942627
gen_000545,original,-11.89635944366455
gen_000546,original,-3.803990125656128
gen_000547,original,1.3115718364715576
gen_000548,original,-9.977749824523926
gen_000549,original,-2.7022182941436768
gen_000550,original,-5.550092697143555
gen_000551,original,-1.3025542497634888
gen_000552,original,-9.67548942565918
gen_000553,original,-9.504383087158203
gen_000554,original,-5.486562728881836
gen_000555,original,-10.490418434143066
gen_000556,original,-5.124326705932617
gen_000557,original,-7.691989898681641
gen_000558,original,-10.332200050354004
gen_000559,original,-14.902297019958496
gen_000560,original,-12.051886558532715
gen_000561,original,-3.1032192707061768
gen_000562,original,-9.383322715759277
gen_000563,original,-12.890364646911621
gen_000564,original,-11.987993240356445
gen_000565,original,-6.933476448059082
gen_000566,original,-10.645230293273926
gen_000567,original,-10.59964656829834
gen_000568,original,-11.671366691589355
gen_000569,original,-9.629744529724121
gen_000570,original,-11.861344337463379
gen_000571,original,-7.762673377990723
gen_000572,original,-7.805475234985352
gen_000573,original,-14.980742454528809
gen_000574,original,-12.297805786132812
gen_000575,original,-15.544299125671387
gen_000576,original,-4.198437213897705
gen_000577,original,-16.264053344726562
gen_000578,original,-7.920151710510254
gen_000579,original,-4.002673149108887
gen_000580,original,-10.098429679870605
gen_000581,original,-1.4727057218551636
gen_000582,original,-16.21623420715332
gen_000583,original,-15.125299453735352
gen_000584,original,-8.909438133239746
gen_000585,original,-8.260727882385254
gen_000586,original,-14.109950065612793
gen_000587,original,-12.238870620727539
gen_000588,original,-11.490182876586914
gen_000589,original,-15.24832820892334
gen_000590,original,-9.480011940002441
gen_000591,original,-8.889866828918457
gen_000592,original,-16.6447696685791
gen_000593,original,-5.617069244384766
gen_000594,original,-14.024968147277832
gen_000595,original,-10.654996871948242
gen_000596,original,-12.019755363464355
gen_000597,original,-14.525081634521484
gen_000598,original,-9.988485336303711
gen_000599,original,-2.020117998123169
gen_000600,original,-4.002810478210449
gen_000601,original,-12.686322212219238
gen_000602,original,-8.673255920410156
gen_000603,original,-6.436065673828125
gen_000604,original,-4.22910213470459
gen_000605,original,-7.434269428253174
gen_000606,original,-9.308550834655762
gen_000607,original,-19.075910568237305
gen_000608,original,-5.783757209777832
gen_000609,original,-6.864120960235596
gen_000610,original,-8.254982948303223
gen_000611,original,-12.53113079071045
gen_000612,original,-9.038012504577637
gen_000613,original,-9.154166221618652
gen_000614,original,-10.286162376403809
gen_000615,original,-8.183377265930176
gen_000616,original,-10.050860404968262
gen_000617,original,-11.201781272888184
gen_000618,original,-10.37561321258545
gen_000619,original,-1.8916902542114258
gen_000620,original,-12.646662712097168
gen_000621,original,-10.741318702697754
gen_000622,original,-6.9165215492248535
gen_000623,original,-16.31052589416504
gen_002528,original,-10.483397483825684
gen_002529,original,-11.105338096618652
gen_002530,original,-12.525182723999023
gen_002531,original,-8.5787353515625
gen_002532,original,-3.3974030017852783
gen_002533,original,-3.1973140239715576
gen_002534,original,-13.34160041809082
gen_002535,original,-9.63242244720459
gen_002536,original,-15.127008438110352
gen_002537,original,-3.742440700531006
gen_002538,original,-9.825911521911621
gen_002539,original,-9.920167922973633
gen_002540,original,-11.51832103729248
gen_002541,original,-4.2422776222229
gen_002542,original,-11.866854667663574
gen_002543,original,-1.383244514465332
gen_002544,original,-10.361977577209473
gen_002545,original,-12.522725105285645
gen_002546,original,-6.108471870422363
gen_002547,original,-7.611965179443359
gen_002548,original,-5.00662899017334
gen_002549,original,-8.093707084655762
gen_002550,original,-2.437729597091675
gen_002551,original,-13.302937507629395
gen_002552,original,-9.051929473876953
gen_002553,original,-6.978323459625244
gen_002554,original,-6.187653541564941
gen_002555,original,-14.753844261169434
gen_002556,original,-13.970650672912598
gen_002557,original,-2.9159610271453857
gen_002558,original,-13.727836608886719
gen_002559,original,-9.36062240600586
gen_002560,original,-10.553728103637695
gen_002561,original,-9.491827964782715
gen_002562,original,-8.82675838470459
gen_002563,original,-10.197943687438965
gen_002564,original,-8.187832832336426
gen_002565,original,-6.8032660484313965
gen_002566,original,-7.932620525360107
gen_002567,original,-4.7775959968566895
gen_002568,original,-11.254225730895996
gen_002569,original,-12.221540451049805
gen_002570,original,-12.636950492858887
gen_002571,original,-16.785362243652344
gen_002572,original,-15.458656311035156
gen_002573,original,-11.083942413330078
gen_002574,original,-5.70902681350708
gen_002575,original,-15.388075828552246
gen_002576,original,-12.931427955627441
gen_002577,original,-7.273204326629639
gen_002578,original,-9.795821189880371
gen_002579,original,-5.262639999389648
gen_002580,original,-12.311981201171875
gen_002581,original,-12.11902904510498
gen_002582,original,-9.38394546508789
gen_002583,original,-6.987276554107666
gen_002584,original,-13.63403606414795
gen_002585,original,-11.165665626525879
gen_002586,original,-13.655521392822266
gen_002587,original,-11.070241928100586
gen_002588,original,-10.564059257507324
gen_002589,original,-5.096455097198486
gen_002590,original,-11.529208183288574
gen_002591,original,-11.785890579223633
gen_002592,original,-8.891837120056152
gen_002593,original,-10.283669471740723
gen_002594,original,-9.873845100402832
gen_002595,original,-2.9829790592193604
gen_002596,original,-11.352205276489258
gen_002597,original,-10.483492851257324
gen_002598,original,-9.708162307739258
gen_002599,original,-9.24435043334961
gen_002600,original,-13.51292610168457
gen_002601,original,-10.713132858276367
gen_002602,original,-10.476516723632812
gen_002603,original,-6.683737754821777
gen_002604,original,-18.176769256591797
gen_002605,original,-13.266229629516602
gen_002606,original,-9.843208312988281
gen_002607,original,-9.777382850646973
gen_002608,original,-15.864855766296387
gen_002609,original,-9.288073539733887
gen_002610,original,-11.199007987976074
gen_002611,original,-15.254590034484863
gen_002612,original,-16.395368576049805
gen_002613,original,-10.686697959899902
gen_002614,original,-1.9092332124710083
gen_002615,original,-15.11253547668457
gen_002616,original,-6.791255474090576
gen_002617,original,-2.8293838500976562
gen_002618,original,-3.9956603050231934
gen_002619,original,-6.380537986755371
gen_002620,original,-13.591288566589355
gen_002621,original,-8.329771995544434
gen_002622,original,-10.710587501525879
gen_002623,original,-13.513853073120117
gen_002624,original,-7.9347310066223145
gen_002625,original,-6.901333808898926
gen_002626,original,-13.193425178527832
gen_002627,original,-5.133797645568848
gen_002628,original,-9.88279914855957
gen_002629,original,-9.945303916931152
gen_002630,original,-11.24630355834961
gen_002631,original,-8.948862075805664
gen_002632,original,-6.813599586486816
gen_002633,original,-3.112046480178833
gen_002634,original,-10.987601280212402
gen_002635,original,-7.9988203048706055
gen_002636,original,-2.058241367340088
gen_002637,original,-14.436352729797363
gen_002638,original,-9.007490158081055
gen_002639,original,-4.183384895324707
gen_002640,original,-4.428036212921143
gen_002641,original,-9.518085479736328
gen_002642,original,-7.339967727661133
gen_002643,original,-10.789681434631348
gen_002644,original,-10.770623207092285
gen_002645,original,-7.597476005554199
gen_002646,original,-9.773512840270996
gen_002647,original,-4.543628692626953
gen_002648,original,-8.658267974853516
gen_002649,original,-8.50789737701416
gen_002650,original,-3.051567792892456
gen_002651,original,-14.99937915802002
gen_002652,original,-7.98623514175415
gen_002653,original,-7.770843505859375
gen_002654,original,-7.883935451507568
gen_002655,original,-4.592918872833252
gen_002656,original,-11.044991493225098
gen_002657,original,-4.654240131378174
gen_002658,original,-8.336125373840332
gen_002659,original,-9.779417991638184
gen_002660,original,-15.990528106689453
gen_002661,original,-8.95138168334961
gen_002662,original,-7.545230865478516
gen_002663,original,-8.187593460083008
gen_002664,original,-15.16105842590332
gen_002665,original,-7.220309257507324
gen_002666,original,-8.775519371032715
gen_002667,original,-4.825366973876953
gen_002668,original,-4.199441432952881
gen_002669,original,-9.625566482543945
gen_002670,original,-10.356305122375488
gen_002671,original,-1.0303471088409424
gen_002672,original,-9.428210258483887
gen_002673,original,-2.211435079574585
gen_002674,original,-8.598734855651855
gen_002675,original,-3.616189479827881
gen_002676,original,-9.036080360412598
gen_002677,original,-0.8020168542861938
gen_002678,original,-5.028562545776367
gen_002679,original,1.1892338991165161
gen_002680,original,-6.023638725280762
gen_002681,original,-4.026820182800293
gen_002682,original,-3.204636335372925
gen_002683,original,-3.564619302749634
gen_002684,original,-10.925092697143555
gen_002685,original,-11.823616981506348
gen_002686,original,-1.813628077507019
gen_002687,original,-2.722217082977295
gen_002688,original,-7.354267597198486
gen_002689,original,-10.09377384185791
gen_002690,original,-12.077690124511719
gen_002691,original,-7.377220153808594
gen_002692,original,-6.566364288330078
gen_002693,original,-0.12375307083129883
gen_002694,original,-10.93097972869873
gen_002695,original,-11.399782180786133
gen_002696,original,-5.955090045928955
gen_002697,original,-4.968627452850342
gen_002698,original,-5.853337287902832
gen_002699,original,-8.812355995178223
gen_002700,original,-5.002660274505615
gen_002701,original,-1.8432660102844238
gen_002702,original,-5.17995548248291
gen_002703,original,-10.470170974731445
gen_002704,original,-10.973437309265137
gen_002705,original,-6.708049774169922
gen_002706,original,-8.451796531677246
gen_002707,original,-12.431517601013184
gen_002708,original,-6.4335174560546875
gen_002709,original,-5.271830081939697
gen_002710,original,-9.367351531982422
gen_002711,original,-4.730923652648926
gen_002712,original,-11.97762393951416
gen_002713,original,-1.187538981437683
gen_002714,original,-8.378666877746582
gen_002715,original,-6.939942359924316
gen_002716,original,-12.736998558044434
gen_002717,original,-7.784756183624268
gen_002718,original,-5.228283882141113
gen_002719,original,-9.448870658874512
gen_002720,original,-3.1188743114471436
gen_002721,original,-3.8248398303985596
gen_002722,original,-8.508286476135254
gen_002723,original,0.21981394290924072
gen_002724,original,-11.451653480529785
gen_002725,original,-10.78585433959961
gen_002726,original,-13.440059661865234
gen_002727,original,4.055167198181152
gen_002728,original,-4.543567180633545
gen_002729,original,-11.193095207214355
gen_002730,original,-8.19197940826416
gen_002731,original,0.7794358134269714
gen_002732,original,-11.639098167419434
gen_002733,original,-9.061541557312012
gen_002734,original,-8.12116813659668
gen_002735,original,-10.914969444274902
gen_002736,original,0.4413449764251709
gen_002737,original,-6.417577743530273
gen_002738,original,2.689960241317749
gen_002739,original,-12.462878227233887
gen_002740,original,-10.905049324035645
gen_002741,original,-10.288496017456055
gen_002742,original,-8.231432914733887
gen_002743,original,-11.367079734802246
gen_002744,original,-2.5850131511688232
gen_002745,original,-9.035343170166016
gen_002746,original,-3.4898388385772705
gen_002747,original,-8.032225608825684
gen_002748,original,-15.408738136291504
gen_002749,original,-3.091761350631714
gen_002750,original,-8.735709190368652
gen_002751,original,-8.341910362243652
gen_002752,original,-8.647551536560059
gen_002753,original,-1.0722770690917969
gen_002754,original,-7.893831729888916
gen_002755,original,-4.698897361755371
gen_002756,original,-6.238869667053223
gen_002757,original,-3.664597272872925
gen_002758,original,-6.999946594238281
gen_002759,original,0.5085954070091248
gen_002760,original,-8.217156410217285
gen_002761,original,-1.7354249954223633
gen_002762,original,-4.009922027587891
gen_002763,original,-15.949946403503418
gen_002764,original,-5.980942726135254
gen_002765,original,-7.883107662200928
gen_002766,original,-9.233546257019043
gen_002767,original,-7.871101379394531
gen_002768,original,-5.98215389251709
gen_002769,original,-10.435622215270996
gen_002770,original,-12.863492965698242
gen_002771,original,-5.984055519104004
gen_002772,original,-7.16865348815918
gen_002773,original,-7.60544490814209
gen_002774,original,-13.696072578430176
gen_002775,original,-14.879609107971191
gen_002776,original,-7.027870178222656
gen_002777,original,-14.890417098999023
gen_002778,original,-5.006777286529541
gen_002779,original,-14.747912406921387
gen_002780,original,-11.803415298461914
gen_002781,original,-14.427811622619629
gen_002782,original,-10.494226455688477
gen_002783,original,-13.7936372756958
gen_002784,original,-13.655674934387207
gen_002785,original,-11.007648468017578
gen_002786,original,1.3621928691864014
gen_002787,original,-19.15381622314453
gen_002788,original,-12.61365795135498
gen_002789,original,-11.029279708862305
gen_002790,original,-8.237388610839844
gen_002791,original,-7.71110725402832
gen_002792,original,-13.858242988586426
gen_002793,original,-13.088391304016113
gen_002794,original,-12.10722541809082
gen_002795,original,-16.499845504760742
gen_002796,original,-9.328896522521973
gen_002797,original,-10.025528907775879
gen_002798,original,-12.480524063110352
gen_002799,original,-11.364374160766602
gen_002800,original,-16.524703979492188
gen_002801,original,-4.709885597229004
gen_002802,original,-6.5065107345581055
gen_002803,original,-11.918030738830566
gen_002804,original,-10.489283561706543
gen_002805,original,-8.934866905212402
gen_002806,original,-15.315279006958008
gen_002807,original,-6.937991142272949
gen_002808,original,-8.912397384643555
gen_002809,original,-4.862438678741455
gen_002810,original,-8.147631645202637
gen_002811,original,-9.850523948669434
gen_002812,original,-12.285134315490723
gen_002813,original,2.5940048694610596
gen_002814,original,-0.874415397644043
gen_002815,original,-10.599011421203613
gen_002816,original,-5.4975175857543945
gen_002817,original,-11.498215675354004
gen_002818,original,-10.080288887023926
gen_002819,original,-13.74083137512207
gen_002820,original,-10.836676597595215
gen_002821,original,-12.199894905090332
gen_002822,original,-14.357413291931152
gen_002823,original,-11.229233741760254
gen_002824,original,-12.05128002166748
gen_002825,original,-8.670084953308105
gen_002826,original,-11.239985466003418
gen_002827,original,-8.207566261291504
gen_002828,original,-10.191622734069824
gen_002829,original,-17.199026107788086
gen_002830,original,-12.895578384399414
gen_002831,original,-8.989936828613281
gen_002832,original,-12.866584777832031
gen_002833,original,-3.678640842437744
gen_002834,original,-10.130974769592285
gen_002835,original,-8.669739723205566
gen_002836,original,-10.24720573425293
gen_002837,original,-18.297822952270508
gen_002838,original,-11.64899730682373
gen_002839,original,-6.312443733215332
gen_002840,original,-12.640878677368164
gen_002841,original,-6.412025451660156
gen_002842,original,-10.166600227355957
gen_002843,original,-9.721625328063965
gen_002844,original,-5.879605770111084
gen_002845,original,-11.020554542541504
gen_002846,original,-10.284812927246094
gen_002847,original,-10.253767013549805
gen_002848,original,-9.6992769241333
gen_002849,original,-11.466897010803223
gen_002850,original,-11.389632225036621
gen_002851,original,-14.908442497253418
gen_002852,original,-12.54978084564209
gen_002853,original,-8.368121147155762
gen_002854,original,-9.51503849029541
gen_002855,original,-11.007506370544434
gen_002856,original,-12.177184104919434
gen_002857,original,-8.735974311828613
gen_002858,original,-4.694857597351074
gen_002859,original,-7.564419746398926
gen_002860,original,-12.953941345214844
gen_002861,original,-18.31166648864746
gen_002862,original,-1.8825199604034424
gen_002863,original,-9.911787033081055
gen_002864,original,-11.173988342285156
gen_002865,original,-8.790129661560059
gen_002866,original,-1.1138819456100464
gen_002867,original,-10.100014686584473
gen_002868,original,-12.619216918945312
gen_002869,original,-9.420655250549316
gen_002870,original,-8.664495468139648
gen_002871,original,-3.09468936920166
gen_002872,original,-13.6726713180542
gen_002873,original,-6.941361427307129
gen_002874,original,-13.39841365814209
gen_002875,original,-16.87757110595703
gen_002876,original,-7.882019996643066
gen_002877,original,-7.053966522216797
gen_002878,original,-9.038949012756348
gen_002879,original,-9.565251350402832
gen_002880,original,-10.053630828857422
gen_002881,original,-12.640630722045898
gen_002882,original,-9.315403938293457
gen_002883,original,-8.9629545211792
gen_002884,original,-6.0033063888549805
gen_002885,original,-11.357398986816406
gen_002886,original,-7.454416275024414
gen_002887,original,-14.20034408569336
gen_002888,original,-13.155448913574219
gen_002889,original,-10.072978973388672
gen_002890,original,-12.386947631835938
gen_002891,original,-14.505210876464844
gen_002892,original,-12.568816184997559
gen_002893,original,-8.000946998596191
gen_002894,original,-6.621519565582275
gen_002895,original,-14.793758392333984
gen_002896,original,-11.453892707824707
gen_002897,original,-10.458240509033203
gen_002898,original,-10.985832214355469
gen_002899,original,-7.369646072387695
gen_002900,original,-6.184582710266113
gen_002901,original,-7.749058723449707
gen_002902,original,-14.604157447814941
gen_002903,original,-8.143110275268555
gen_002904,original,-14.204411506652832
gen_002905,original,-10.654467582702637
gen_002906,original,-11.881279945373535
gen_002907,original,-14.294092178344727
gen_002908,original,-8.565340995788574
gen_002909,original,-12.608759880065918
gen_002910,original,-11.678328514099121
gen_002911,original,-10.928404808044434
gen_002912,original,-3.4884369373321533
gen_002913,original,-12.38097095489502
gen_002914,original,-19.141111373901367
gen_002915,original,-11.63201904296875
gen_002916,original,-10.142290115356445
gen_002917,original,-9.118203163146973
gen_002918,original,-11.063231468200684
gen_002919,original,-12.731866836547852
gen_002920,original,-6.29127836227417
gen_002921,original,-7.783755302429199
gen_002922,original,-17.290328979492188
gen_002923,original,-11.057072639465332
gen_002924,original,-2.0866098403930664
gen_002925,original,-11.48725700378418
gen_002926,original,-14.255170822143555
gen_002927,original,-15.219271659851074
gen_002928,original,-13.380566596984863
gen_002929,original,-7.556130886077881
gen_002930,original,-12.052090644836426
gen_002931,original,-6.756941795349121
gen_002932,original,-10.934285163879395
gen_002933,original,-13.74895191192627
gen_002934,original,-7.1907572746276855
gen_002935,original,-8.150875091552734
gen_002936,original,-6.111845016479492
gen_002937,original,-9.241168022155762
gen_002938,original,-6.342557430267334
gen_002939,original,-10.409015655517578
gen_002940,original,-13.421276092529297
gen_002941,original,-13.038795471191406
gen_002942,original,-13.082501411437988
gen_002943,original,-11.63713264465332
gen_002944,original,-8.730493545532227
gen_002945,original,-3.4555087089538574
gen_002946,original,-8.177421569824219
gen_002947,original,-8.410929679870605
gen_002948,original,-10.703383445739746
gen_002949,original,-15.165458679199219
gen_002950,original,-6.904476165771484
gen_002951,original,-11.337838172912598
gen_002952,original,-10.557367324829102
gen_002953,original,-8.194531440734863
gen_002954,original,-6.339933395385742
gen_002955,original,-9.098539352416992
gen_002956,original,-12.608210563659668
gen_002957,original,-15.16528606414795
gen_002958,original,-12.575179100036621
gen_002959,original,-2.0649681091308594
gen_002960,original,-9.625181198120117
gen_002961,original,-15.841318130493164
gen_002962,original,-5.041589260101318
gen_002963,original,-12.404491424560547
gen_002964,original,-11.105608940124512
gen_002965,original,-11.746722221374512
gen_002966,original,-16.173112869262695
gen_002967,original,-6.885170936584473
gen_002968,original,-7.94411563873291
gen_002969,original,-12.693503379821777
gen_002970,original,-14.589951515197754
gen_002971,original,-13.479541778564453
gen_002972,original,-10.396469116210938
gen_002973,original,-17.11754608154297
gen_002974,original,-8.495139122009277
gen_002975,original,-7.430285930633545
gen_002976,original,-12.644522666931152
gen_002977,original,-10.40048885345459
gen_002978,original,-11.950342178344727
gen_002979,original,-11.023446083068848
gen_002980,original,-13.570635795593262
gen_002981,original,-9.379663467407227
gen_002982,original,-7.080205917358398
gen_002983,original,-10.131270408630371
gen_002984,original,-16.037277221679688
gen_002985,original,-12.043229103088379
gen_002986,original,-10.667542457580566
gen_002987,original,-6.151691436767578
gen_002988,original,-9.394272804260254
gen_002989,original,-9.834212303161621
gen_002990,original,-11.07465934753418
gen_002991,original,-13.357253074645996
gen_002992,original,-10.449755668640137
gen_002993,original,-5.624484062194824
gen_002994,original,-6.447331428527832
gen_002995,original,-15.858099937438965
gen_002996,original,-8.819007873535156
gen_002997,original,-16.139596939086914
gen_002998,original,-11.297999382019043
gen_002999,original,-13.739847183227539
gen_003000,original,-14.635880470275879
gen_003001,original,-18.263904571533203
gen_003002,original,-15.248744010925293
gen_003003,original,-5.27160120010376
621167,jpeg_q90,12.437652587890625
780930,jpeg_q90,7.704911231994629
140859,jpeg_q90,8.716182708740234
1261919,jpeg_q90,8.605116844177246
464898,jpeg_q90,8.828095436096191
1186861,jpeg_q90,9.427983283996582
797190,jpeg_q90,12.739019393920898
838263,jpeg_q90,12.803449630737305
386688,jpeg_q90,10.058384895324707
1119392,jpeg_q90,10.56617259979248
647756,jpeg_q90,2.869877815246582
948753,jpeg_q90,8.575348854064941
598864,jpeg_q90,9.755382537841797
1021263,jpeg_q90,7.464186191558838
1006155,jpeg_q90,10.624214172363281
803689,jpeg_q90,5.533868789672852
908871,jpeg_q90,6.225735664367676
1056303,jpeg_q90,14.157454490661621
1244784,jpeg_q90,10.450048446655273
882202,jpeg_q90,13.244244575500488
1234200,jpeg_q90,11.119898796081543
910803,jpeg_q90,7.522155284881592
794285,jpeg_q90,6.181685447692871
513457,jpeg_q90,6.328779697418213
487524,jpeg_q90,11.296651840209961
384555,jpeg_q90,2.4102447032928467
383792,jpeg_q90,9.794645309448242
1122751,jpeg_q90,11.71410846710205
702818,jpeg_q90,7.631964206695557
1002337,jpeg_q90,4.414316177368164
887906,jpeg_q90,10.250832557678223
707340,jpeg_q90,7.439582824707031
682959,jpeg_q90,2.8948352336883545
909903,jpeg_q90,8.527612686157227
1065005,jpeg_q90,14.428007125854492
911557,jpeg_q90,14.289680480957031
1308759,jpeg_q90,5.0044050216674805
396290,jpeg_q90,3.417618989944458
73290,jpeg_q90,2.969390630722046
1096035,jpeg_q90,10.797545433044434
1325559,jpeg_q90,5.369487285614014
111255,jpeg_q90,10.487709045410156
871400,jpeg_q90,15.165863990783691
709252,jpeg_q90,5.189936637878418
946133,jpeg_q90,11.18483829498291
394048,jpeg_q90,9.066970825195312
756306,jpeg_q90,5.396875381469727
1054374,jpeg_q90,2.715606212615967
187081,jpeg_q90,11.793683052062988
1169741,jpeg_q90,14.147915840148926
1093624,jpeg_q90,6.903017044067383
581614,jpeg_q90,6.651122093200684
1220099,jpeg_q90,13.725528717041016
523014,jpeg_q90,5.289628982543945
1082948,jpeg_q90,8.146780967712402
914545,jpeg_q90,9.231278419494629
831716,jpeg_q90,5.96104097366333
104498,jpeg_q90,7.728042125701904
677599,jpeg_q90,6.464255332946777
622131,jpeg_q90,10.722079277038574
937707,jpeg_q90,18.052600860595703
870960,jpeg_q90,10.513434410095215
930353,jpeg_q90,13.020691871643066
778526,jpeg_q90,10.794533729553223
340069,jpeg_q90,12.601819038391113
413443,jpeg_q90,12.216385841369629
1194110,jpeg_q90,5.527036190032959
211044,jpeg_q90,12.866703033447266
1311628,jpeg_q90,12.236674308776855
833367,jpeg_q90,14.899113655090332
762750,jpeg_q90,7.145650863647461
393045,jpeg_q90,7.290782928466797
1345189,jpeg_q90,10.395110130310059
103264,jpeg_q90,9.15090274810791
1293881,jpeg_q90,10.109965324401855
4380,jpeg_q90,5.716867446899414
507218,jpeg_q90,5.665579319000244
1152157,jpeg_q90,11.50464916229248
398197,jpeg_q90,8.1889009475708
490895,jpeg_q90,12.438572883605957
188418,jpeg_q90,7.2636566162109375
621652,jpeg_q90,6.959732532501221
1291120,jpeg_q90,11.96152400970459
719945,jpeg_q90,14.299806594848633
442689,jpeg_q90,4.945952415466309
947195,jpeg_q90,6.473455429077148
1052154,jpeg_q90,16.580387115478516
136770,jpeg_q90,13.090418815612793
1325443,jpeg_q90,7.1609416007995605
973737,jpeg_q90,8.88831615447998
539881,jpeg_q90,9.16871166229248
1267693,jpeg_q90,8.973614692687988
1227516,jpeg_q90,12.249688148498535
1042236,jpeg_q90,15.758858680725098
982108,jpeg_q90,8.053863525390625
437553,jpeg_q90,11.060542106628418
1219357,jpeg_q90,10.006609916687012
1322314,jpeg_q90,8.503718376159668
1014796,jpeg_q90,4.4600830078125
1100727,jpeg_q90,3.6093993186950684
609380,jpeg_q90,5.091365814208984
1250833,jpeg_q90,4.564417839050293
954884,jpeg_q90,9.5708646774292
919467,jpeg_q90,12.308588981628418
1104582,jpeg_q90,13.362696647644043
465643,jpeg_q90,7.956265449523926
409465,jpeg_q90,9.025496482849121
341819,jpeg_q90,6.177135467529297
981677,jpeg_q90,9.028914451599121
617987,jpeg_q90,8.77163314819336
678657,jpeg_q90,8.218290328979492
462619,jpeg_q90,8.541516304016113
375308,jpeg_q90,11.868256568908691
377397,jpeg_q90,10.752463340759277
355228,jpeg_q90,4.390506744384766
371987,jpeg_q90,12.317374229431152
1232525,jpeg_q90,8.1588134765625
1042574,jpeg_q90,4.65367317199707
769464,jpeg_q90,10.247218132019043
907321,jpeg_q90,10.163653373718262
545690,jpeg_q90,7.992735862731934
1027845,jpeg_q90,10.206847190856934
953935,jpeg_q90,13.137825012207031
933466,jpeg_q90,12.676962852478027
991792,jpeg_q90,13.220949172973633
764798,jpeg_q90,11.122917175292969
1087986,jpeg_q90,4.370038032531738
1108625,jpeg_q90,9.435935974121094
1113432,jpeg_q90,11.153325080871582
502810,jpeg_q90,6.221522808074951
801545,jpeg_q90,10.256500244140625
309442,jpeg_q90,5.180798530578613
810874,jpeg_q90,9.896258354187012
492742,jpeg_q90,9.343083381652832
1156502,jpeg_q90,6.924181938171387
711110,jpeg_q90,8.600947380065918
1033017,jpeg_q90,7.993728160858154
366482,jpeg_q90,9.054991722106934
17471,jpeg_q90,8.295992851257324
835678,jpeg_q90,13.073322296142578
506162,jpeg_q90,13.579548835754395
210347,jpeg_q90,9.905701637268066
926260,jpeg_q90,12.226595878601074
729712,jpeg_q90,8.500785827636719
1175004,jpeg_q90,3.271273612976074
1173478,jpeg_q90,12.257902145385742
997622,jpeg_q90,11.918088912963867
372499,jpeg_q90,8.616766929626465
941251,jpeg_q90,9.445272445678711
373550,jpeg_q90,7.32908821105957
213494,jpeg_q90,10.835183143615723
1300741,jpeg_q90,10.732291221618652
675794,jpeg_q90,6.539177417755127
953534,jpeg_q90,8.98252010345459
1224082,jpeg_q90,4.645324230194092
1222319,jpeg_q90,8.831868171691895
704220,jpeg_q90,5.511523246765137
1070784,jpeg_q90,6.854957580566406
926714,jpeg_q90,12.038575172424316
1003809,jpeg_q90,6.169686317443848
1053076,jpeg_q90,12.975425720214844
1172949,jpeg_q90,6.762674808502197
376249,jpeg_q90,8.338092803955078
949424,jpeg_q90,9.671161651611328
863183,jpeg_q90,12.617823600769043
760162,jpeg_q90,10.943352699279785
1059729,jpeg_q90,9.298013687133789
897281,jpeg_q90,7.2856011390686035
1311559,jpeg_q90,3.01204776763916
754093,jpeg_q90,8.92830753326416
926101,jpeg_q90,11.380011558532715
582178,jpeg_q90,6.642431259155273
1032814,jpeg_q90,-0.08824807405471802
1233583,jpeg_q90,7.593441486358643
820570,jpeg_q90,8.552297592163086
847169,jpeg_q90,11.708488464355469
986940,jpeg_q90,10.53969669342041
1152439,jpeg_q90,12.940325736999512
946010,jpeg_q90,14.637457847595215
323697,jpeg_q90,5.099940299987793
764150,jpeg_q90,10.371407508850098
818509,jpeg_q90,14.97046184539795
650017,jpeg_q90,5.493940830230713
1217119,jpeg_q90,7.17332124710083
1256142,jpeg_q90,7.755483627319336
841850,jpeg_q90,6.014110088348389
944543,jpeg_q90,14.134778022766113
1189369,jpeg_q90,8.53705883026123
954982,jpeg_q90,6.396199703216553
1298510,jpeg_q90,8.74567985534668
509376,jpeg_q90,4.8166375160217285
929233,jpeg_q90,6.9033331871032715
655112,jpeg_q90,7.949991226196289
1190371,jpeg_q90,7.492398262023926
1246902,jpeg_q90,8.076526641845703
715674,jpeg_q90,10.398974418640137
1248307,jpeg_q90,11.508862495422363
52856,jpeg_q90,5.088544845581055
1161486,jpeg_q90,6.045391082763672
2738,jpeg_q90,6.484001159667969
376491,jpeg_q90,6.386402130126953
1102478,jpeg_q90,5.750100612640381
846370,jpeg_q90,4.9908928871154785
553052,jpeg_q90,8.526782035827637
750922,jpeg_q90,5.918510437011719
573848,jpeg_q90,7.195303916931152
384168,jpeg_q90,11.113259315490723
491172,jpeg_q90,9.557967185974121
490007,jpeg_q90,11.320255279541016
268175,jpeg_q90,10.655474662780762
1103342,jpeg_q90,11.54178524017334
1220610,jpeg_q90,9.449715614318848
604361,jpeg_q90,9.037055969238281
853044,jpeg_q90,15.883240699768066
1056946,jpeg_q90,12.411808967590332
764938,jpeg_q90,9.021810531616211
371713,jpeg_q90,7.593794345855713
1180827,jpeg_q90,15.050858497619629
366642,jpeg_q90,4.483271598815918
952322,jpeg_q90,8.232673645019531
1275755,jpeg_q90,9.08436107635498
668661,jpeg_q90,5.459719181060791
377104,jpeg_q90,9.149636268615723
327196,jpeg_q90,7.197890281677246
460429,jpeg_q90,6.582530975341797
470561,jpeg_q90,10.202801704406738
465842,jpeg_q90,5.719405174255371
461125,jpeg_q90,5.024158477783203
1310986,jpeg_q90,7.124997138977051
1101540,jpeg_q90,10.38965129852295
474556,jpeg_q90,6.097808361053467
457939,jpeg_q90,9.428929328918457
535434,jpeg_q90,8.87720775604248
534895,jpeg_q90,5.269227981567383
889498,jpeg_q90,10.216336250305176
1077317,jpeg_q90,10.957579612731934
1222892,jpeg_q90,11.356512069702148
358391,jpeg_q90,9.240544319152832
594254,jpeg_q90,9.004158973693848
466048,jpeg_q90,0.44644227623939514
527754,jpeg_q90,13.24780559539795
453886,jpeg_q90,4.800955772399902
467000,jpeg_q90,11.286587715148926
361022,jpeg_q90,7.347223281860352
534379,jpeg_q90,6.983137130737305
227741,jpeg_q90,5.994118690490723
1004518,jpeg_q90,11.21640396118164
222720,jpeg_q90,12.617138862609863
1152564,jpeg_q90,10.84499740600586
1105529,jpeg_q90,13.43274211883545
421520,jpeg_q90,9.990540504455566
588350,jpeg_q90,11.33951473236084
955813,jpeg_q90,6.71541690826416
783080,jpeg_q90,6.444987773895264
447210,jpeg_q90,11.368429183959961
46777,jpeg_q90,7.468304634094238
1060000,jpeg_q90,8.155030250549316
447524,jpeg_q90,11.888178825378418
985917,jpeg_q90,8.811095237731934
1017237,jpeg_q90,10.97546100616455
1241284,jpeg_q90,12.485856056213379
904548,jpeg_q90,9.072031021118164
796892,jpeg_q90,9.678919792175293
899163,jpeg_q90,7.456420421600342
1150939,jpeg_q90,11.323004722595215
818048,jpeg_q90,13.369759559631348
1202156,jpeg_q90,6.892500877380371
686935,jpeg_q90,12.950894355773926
1137062,jpeg_q90,7.502793312072754
567448,jpeg_q90,6.122317314147949
1286215,jpeg_q90,6.786436557769775
221072,jpeg_q90,11.016301155090332
1253792,jpeg_q90,12.080938339233398
535280,jpeg_q90,8.285548210144043
569890,jpeg_q90,9.410496711730957
913930,jpeg_q90,4.471831321716309
8114,jpeg_q90,13.053427696228027
1202099,jpeg_q90,6.551603317260742
459182,jpeg_q90,6.57534646987915
446590,jpeg_q90,9.856038093566895
976218,jpeg_q90,10.396218299865723
1319676,jpeg_q90,10.52955436706543
1240495,jpeg_q90,7.221431255340576
533393,jpeg_q90,8.87345027923584
861566,jpeg_q90,8.503758430480957
1076553,jpeg_q90,4.497139930725098
1203062,jpeg_q90,6.410127639770508
1325624,jpeg_q90,8.779958724975586
693257,jpeg_q90,10.791433334350586
1202756,jpeg_q90,5.30793571472168
917969,jpeg_q90,8.884411811828613
1106803,jpeg_q90,9.148929595947266
1097650,jpeg_q90,11.95545482635498
472770,jpeg_q90,6.390615463256836
971225,jpeg_q90,7.770664215087891
509808,jpeg_q90,10.28276252746582
771942,jpeg_q90,8.19382381439209
469372,jpeg_q90,5.554789066314697
836710,jpeg_q90,5.607735633850098
43479,jpeg_q90,9.921030044555664
917976,jpeg_q90,8.875410079956055
114940,jpeg_q90,6.743844032287598
1206283,jpeg_q90,10.104569435119629
57120,jpeg_q90,10.401497840881348
552584,jpeg_q90,3.0903635025024414
1108540,jpeg_q90,10.261270523071289
1012096,jpeg_q90,10.979321479797363
1056078,jpeg_q90,14.471811294555664
468206,jpeg_q90,8.63280200958252
660751,jpeg_q90,5.981575965881348
572643,jpeg_q90,12.597250938415527
1329219,jpeg_q90,8.91281509399414
892858,jpeg_q90,10.038753509521484
830132,jpeg_q90,10.759257316589355
649469,jpeg_q90,13.633837699890137
922384,jpeg_q90,12.10257625579834
159711,jpeg_q90,7.021042823791504
1203419,jpeg_q90,4.0608015060424805
460125,jpeg_q90,4.860354423522949
1284862,jpeg_q90,-0.37615668773651123
662298,jpeg_q90,10.335219383239746
1099563,jpeg_q90,12.955613136291504
1339489,jpeg_q90,6.889560699462891
574597,jpeg_q90,6.403126239776611
453645,jpeg_q90,7.559879302978516
534512,jpeg_q90,4.810268878936768
1176325,jpeg_q90,11.718581199645996
448303,jpeg_q90,6.822005271911621
986966,jpeg_q90,5.947879314422607
1072945,jpeg_q90,12.054128646850586
531531,jpeg_q90,6.280362129211426
738347,jpeg_q90,8.789872169494629
797088,jpeg_q90,9.654017448425293
649893,jpeg_q90,8.140473365783691
781486,jpeg_q90,5.3983588218688965
1200661,jpeg_q90,12.55461597442627
342103,jpeg_q90,10.755707740783691
317704,jpeg_q90,6.520482063293457
1217821,jpeg_q90,7.428183555603027
710049,jpeg_q90,6.823753833770752
204144,jpeg_q90,9.250292778015137
1208544,jpeg_q90,12.367840766906738
1265002,jpeg_q90,10.71265983581543
426492,jpeg_q90,12.013190269470215
1213455,jpeg_q90,0.6919468641281128
323350,jpeg_q90,14.580513954162598
517965,jpeg_q90,3.083437919616699
816949,jpeg_q90,11.283227920532227
270171,jpeg_q90,7.694345474243164
263183,jpeg_q90,8.495438575744629
518611,jpeg_q90,8.102377891540527
1231839,jpeg_q90,12.730252265930176
205150,jpeg_q90,5.64211893081665
1216634,jpeg_q90,13.723332405090332
296302,jpeg_q90,13.703749656677246
1163161,jpeg_q90,11.86797046661377
1160776,jpeg_q90,8.97135066986084
404904,jpeg_q90,12.940054893493652
1272711,jpeg_q90,8.324877738952637
894964,jpeg_q90,3.2864067554473877
962055,jpeg_q90,12.877029418945312
1261164,jpeg_q90,5.247463226318359
296278,jpeg_q90,14.553349494934082
1257150,jpeg_q90,9.151911735534668
956436,jpeg_q90,11.805329322814941
755684,jpeg_q90,11.678043365478516
102991,jpeg_q90,16.445608139038086
499541,jpeg_q90,5.304452896118164
1215323,jpeg_q90,5.941765785217285
1149731,jpeg_q90,13.511076927185059
87955,jpeg_q90,9.5906343460083
1249266,jpeg_q90,8.806092262268066
1259497,jpeg_q90,8.045319557189941
1250142,jpeg_q90,5.073169708251953
103668,jpeg_q90,14.095995903015137
500899,jpeg_q90,10.423611640930176
1096482,jpeg_q90,12.199244499206543
340146,jpeg_q90,13.152558326721191
1211389,jpeg_q90,12.396669387817383
498936,jpeg_q90,7.679934978485107
1215165,jpeg_q90,11.11770248413086
1269212,jpeg_q90,5.914097785949707
103198,jpeg_q90,11.01984691619873
519699,jpeg_q90,9.866233825683594
520229,jpeg_q90,3.3050482273101807
1274191,jpeg_q90,5.651326656341553
280614,jpeg_q90,9.637324333190918
328786,jpeg_q90,12.691595077514648
63137,jpeg_q90,9.06799602508545
1018410,jpeg_q90,12.642441749572754
1269377,jpeg_q90,10.14510440826416
1002057,jpeg_q90,10.864483833312988
155144,jpeg_q90,10.901749610900879
1346783,jpeg_q90,11.981280326843262
1163564,jpeg_q90,13.4223051071167
1161642,jpeg_q90,11.124281883239746
502448,jpeg_q90,15.78759479522705
1134351,jpeg_q90,8.952105522155762
767339,jpeg_q90,14.493610382080078
139562,jpeg_q90,15.541259765625
327054,jpeg_q90,12.137150764465332
294571,jpeg_q90,13.539691925048828
1309485,jpeg_q90,8.30056095123291
501676,jpeg_q90,8.686408996582031
101424,jpeg_q90,2.2465665340423584
493559,jpeg_q90,13.402560234069824
769066,jpeg_q90,4.203447341918945
1250127,jpeg_q90,6.6304931640625
906195,jpeg_q90,6.9114670753479
723642,jpeg_q90,11.834765434265137
345071,jpeg_q90,7.699268341064453
950124,jpeg_q90,6.6849493980407715
1218989,jpeg_q90,9.982169151306152
1263446,jpeg_q90,12.530035018920898
925205,jpeg_q90,12.463823318481445
1208414,jpeg_q90,7.183678150177002
688750,jpeg_q90,12.344234466552734
787129,jpeg_q90,8.760712623596191
425969,jpeg_q90,11.590584754943848
1135638,jpeg_q90,8.191202163696289
501544,jpeg_q90,9.834084510803223
816383,jpeg_q90,8.391034126281738
943119,jpeg_q90,14.027617454528809
669870,jpeg_q90,8.348692893981934
499018,jpeg_q90,10.004364013671875
1110472,jpeg_q90,10.64775276184082
1015188,jpeg_q90,9.379067420959473
1274592,jpeg_q90,9.361578941345215
1271680,jpeg_q90,7.624495029449463
230111,jpeg_q90,11.45386028289795
1265642,jpeg_q90,7.8194074630737305
717653,jpeg_q90,12.813433647155762
254247,jpeg_q90,7.961190223693848
1280461,jpeg_q90,9.336848258972168
17972,jpeg_q90,11.611909866333008
296322,jpeg_q90,11.532909393310547
426674,jpeg_q90,11.039788246154785
493518,jpeg_q90,7.5270161628723145
427440,jpeg_q90,13.564682960510254
1041244,jpeg_q90,12.497807502746582
138895,jpeg_q90,10.83378791809082
522891,jpeg_q90,4.700682640075684
1224731,jpeg_q90,12.386795997619629
1104296,jpeg_q90,9.938611030578613
849929,jpeg_q90,9.380362510681152
830646,jpeg_q90,8.431048393249512
1161667,jpeg_q90,12.888091087341309
1224880,jpeg_q90,10.890898704528809
gen_000677,jpeg_q90,-10.639145851135254
gen_000680,jpeg_q90,-9.89742374420166
gen_000683,jpeg_q90,-6.250491619110107
gen_000686,jpeg_q90,-15.83762264251709
gen_000689,jpeg_q90,-8.923821449279785
gen_000692,jpeg_q90,-16.01224708557129
gen_000695,jpeg_q90,-11.167359352111816
gen_000698,jpeg_q90,-10.807541847229004
gen_000701,jpeg_q90,-3.5755202770233154
gen_000704,jpeg_q90,-18.095129013061523
gen_000707,jpeg_q90,-15.832703590393066
gen_000710,jpeg_q90,-3.9509189128875732
gen_000713,jpeg_q90,-11.050766944885254
gen_000716,jpeg_q90,-16.140779495239258
gen_000719,jpeg_q90,-12.312753677368164
gen_000722,jpeg_q90,-11.52778148651123
gen_000725,jpeg_q90,-11.691774368286133
gen_000728,jpeg_q90,-9.284893989562988
gen_000731,jpeg_q90,-13.858260154724121
gen_000734,jpeg_q90,-9.637391090393066
gen_000737,jpeg_q90,-11.091325759887695
gen_000740,jpeg_q90,-11.174643516540527
gen_000796,jpeg_q90,-12.099897384643555
gen_000799,jpeg_q90,-5.569716453552246
gen_000802,jpeg_q90,-13.117704391479492
gen_000805,jpeg_q90,-8.861345291137695
gen_000808,jpeg_q90,-16.665544509887695
gen_000811,jpeg_q90,-7.943690299987793
gen_000814,jpeg_q90,-10.094101905822754
gen_000817,jpeg_q90,-6.848114967346191
gen_000820,jpeg_q90,-10.81603717803955
gen_000823,jpeg_q90,-5.40922737121582
gen_000826,jpeg_q90,-7.592704772949219
gen_000829,jpeg_q90,-10.932145118713379
gen_000832,jpeg_q90,-6.37002420425415
gen_000835,jpeg_q90,-13.691343307495117
gen_000838,jpeg_q90,-11.758560180664062
gen_000841,jpeg_q90,-6.355086803436279
gen_000844,jpeg_q90,-13.254469871520996
gen_000847,jpeg_q90,-13.56735610961914
gen_000850,jpeg_q90,-5.91408634185791
gen_000853,jpeg_q90,-11.583521842956543
gen_000856,jpeg_q90,-11.304709434509277
gen_000859,jpeg_q90,-10.720185279846191
gen_000915,jpeg_q90,-15.353785514831543
gen_000918,jpeg_q90,-14.498625755310059
gen_000921,jpeg_q90,-6.2944254875183105
gen_000924,jpeg_q90,-13.082972526550293
gen_000927,jpeg_q90,-15.309739112854004
gen_000930,jpeg_q90,-7.5423383712768555
gen_000933,jpeg_q90,-11.8466215133667
gen_000936,jpeg_q90,-7.373042583465576
gen_000939,jpeg_q90,-9.354077339172363
gen_000942,jpeg_q90,-9.124957084655762
gen_000945,jpeg_q90,-10.445359230041504
gen_000948,jpeg_q90,-7.415732383728027
gen_000951,jpeg_q90,-9.621392250061035
gen_000954,jpeg_q90,-19.52619171142578
gen_000957,jpeg_q90,-15.293900489807129
gen_000960,jpeg_q90,-3.466128349304199
gen_000963,jpeg_q90,-15.59992504119873
gen_000966,jpeg_q90,-10.793024063110352
gen_000969,jpeg_q90,-8.61210823059082
gen_000972,jpeg_q90,2.8424675464630127
gen_000975,jpeg_q90,-13.177024841308594
gen_000978,jpeg_q90,-4.752383708953857
gen_001034,jpeg_q90,-6.6077070236206055
gen_001037,jpeg_q90,-0.4848616123199463
gen_001040,jpeg_q90,-12.0596342086792
gen_001043,jpeg_q90,-8.64025592803955
gen_001046,jpeg_q90,-12.380451202392578
gen_001049,jpeg_q90,-16.901737213134766
gen_001052,jpeg_q90,-18.803796768188477
gen_001055,jpeg_q90,-10.731526374816895
gen_001058,jpeg_q90,-8.485950469970703
gen_001061,jpeg_q90,-12.775938987731934
gen_001064,jpeg_q90,-12.652997016906738
gen_001067,jpeg_q90,-12.429346084594727
gen_001070,jpeg_q90,-9.051575660705566
gen_001073,jpeg_q90,-10.957486152648926
gen_001076,jpeg_q90,-17.32590675354004
gen_001079,jpeg_q90,-8.414849281311035
gen_001082,jpeg_q90,-10.906320571899414
gen_001085,jpeg_q90,-0.005629299208521843
gen_001088,jpeg_q90,-9.34136962890625
gen_001091,jpeg_q90,-17.24222755432129
gen_001094,jpeg_q90,-13.356226921081543
gen_001097,jpeg_q90,-12.456929206848145
gen_001153,jpeg_q90,-14.998892784118652
gen_001156,jpeg_q90,-14.041815757751465
gen_001159,jpeg_q90,-11.645953178405762
gen_001162,jpeg_q90,-13.432726860046387
gen_001165,jpeg_q90,-12.764029502868652
gen_001168,jpeg_q90,-12.651339530944824
gen_001171,jpeg_q90,-10.935454368591309
gen_001174,jpeg_q90,-12.287663459777832
gen_001177,jpeg_q90,-9.382309913635254
gen_001180,jpeg_q90,-10.761483192443848
gen_001183,jpeg_q90,-10.661355972290039
gen_001186,jpeg_q90,-11.258745193481445
gen_001189,jpeg_q90,-7.406939506530762
gen_001192,jpeg_q90,-11.046906471252441
gen_001195,jpeg_q90,-4.521336555480957
gen_001198,jpeg_q90,-12.543561935424805
gen_001201,jpeg_q90,-7.597742080688477
gen_001204,jpeg_q90,-9.764906883239746
gen_001207,jpeg_q90,-5.920641899108887
gen_001210,jpeg_q90,-11.985859870910645
gen_001213,jpeg_q90,-8.205886840820312
gen_001216,jpeg_q90,-11.176548957824707
gen_001272,jpeg_q90,-7.350763320922852
gen_001275,jpeg_q90,-7.256320476531982
gen_001278,jpeg_q90,-4.914297103881836
gen_001281,jpeg_q90,-9.289000511169434
gen_001284,jpeg_q90,-8.259223937988281
gen_001287,jpeg_q90,-10.87689208984375
gen_001290,jpeg_q90,-5.672208786010742
gen_001293,jpeg_q90,-8.072928428649902
gen_001296,jpeg_q90,-7.598090171813965
gen_001299,jpeg_q90,-12.478182792663574
gen_001302,jpeg_q90,-8.422703742980957
gen_001305,jpeg_q90,-5.657184600830078
gen_001308,jpeg_q90,-10.530333518981934
gen_001311,jpeg_q90,-11.006224632263184
gen_001314,jpeg_q90,-14.590700149536133
gen_001317,jpeg_q90,-9.912886619567871
gen_001320,jpeg_q90,-9.663629531860352
gen_001323,jpeg_q90,-9.650632858276367
gen_001326,jpeg_q90,-9.630082130432129
gen_001329,jpeg_q90,-2.392793893814087
gen_001332,jpeg_q90,-7.475193977355957
gen_001335,jpeg_q90,-8.406638145446777
gen_001391,jpeg_q90,-14.259413719177246
gen_001394,jpeg_q90,-9.653568267822266
gen_001397,jpeg_q90,-2.776369333267212
gen_001400,jpeg_q90,-9.373686790466309
gen_001403,jpeg_q90,-16.009122848510742
gen_001406,jpeg_q90,-10.59201717376709
gen_001409,jpeg_q90,0.9620645642280579
gen_001412,jpeg_q90,-6.714789390563965
gen_001415,jpeg_q90,-12.17487621307373
gen_001418,jpeg_q90,-11.405595779418945
gen_001421,jpeg_q90,-7.194007396697998
gen_001424,jpeg_q90,-13.114923477172852
gen_001427,jpeg_q90,-12.047821998596191
gen_001430,jpeg_q90,-10.149983406066895
gen_001433,jpeg_q90,-8.55208683013916
gen_001436,jpeg_q90,-13.426872253417969
gen_001439,jpeg_q90,-6.253777027130127
gen_001442,jpeg_q90,-9.726609230041504
gen_001445,jpeg_q90,-18.47136688232422
gen_001448,jpeg_q90,-8.430927276611328
gen_001451,jpeg_q90,-11.259682655334473
gen_001454,jpeg_q90,-11.203596115112305
gen_001510,jpeg_q90,-4.7816243171691895
gen_001513,jpeg_q90,-15.743475914001465
gen_001516,jpeg_q90,-14.282904624938965
gen_001519,jpeg_q90,-10.765301704406738
gen_001522,jpeg_q90,-3.800682783126831
gen_001525,jpeg_q90,-11.267855644226074
gen_001528,jpeg_q90,-12.77127456665039
gen_001531,jpeg_q90,-9.72253704071045
gen_001534,jpeg_q90,-8.091227531433105
gen_001537,jpeg_q90,-5.406898021697998
gen_001540,jpeg_q90,-8.263787269592285
gen_001543,jpeg_q90,-13.845213890075684
gen_001546,jpeg_q90,-11.348502159118652
gen_001549,jpeg_q90,-13.465758323669434
gen_001552,jpeg_q90,-8.051928520202637
gen_001555,jpeg_q90,-7.561225891113281
gen_001558,jpeg_q90,-11.699429512023926
gen_001561,jpeg_q90,-0.9933225512504578
gen_001564,jpeg_q90,-11.30622386932373
gen_001567,jpeg_q90,-12.96264362335205
gen_001570,jpeg_q90,-10.044742584228516
gen_001573,jpeg_q90,-12.940481185913086
gen_001629,jpeg_q90,-14.622479438781738
gen_001632,jpeg_q90,-12.723128318786621
gen_001635,jpeg_q90,-13.804792404174805
gen_001638,jpeg_q90,-13.85404109954834
gen_001641,jpeg_q90,-9.149834632873535
gen_001644,jpeg_q90,-11.23717975616455
gen_001647,jpeg_q90,-9.640279769897461
gen_001650,jpeg_q90,-13.528419494628906
gen_001653,jpeg_q90,-10.209467887878418
gen_001656,jpeg_q90,-12.588404655456543
gen_001659,jpeg_q90,-17.894800186157227
gen_001662,jpeg_q90,-10.615696907043457
gen_001665,jpeg_q90,-14.337145805358887
gen_001668,jpeg_q90,-10.818426132202148
gen_001671,jpeg_q90,-14.654573440551758
gen_001674,jpeg_q90,-10.468080520629883
gen_001677,jpeg_q90,-9.214421272277832
gen_001680,jpeg_q90,-11.589156150817871
gen_001683,jpeg_q90,-8.040310859680176
gen_001686,jpeg_q90,-10.008204460144043
gen_001689,jpeg_q90,-10.42287540435791
gen_001692,jpeg_q90,-17.975217819213867
gen_001748,jpeg_q90,-16.12367057800293
gen_001751,jpeg_q90,-14.628456115722656
gen_001754,jpeg_q90,-16.667621612548828
gen_001757,jpeg_q90,-13.541553497314453
gen_001760,jpeg_q90,-15.894794464111328
gen_001763,jpeg_q90,-10.739572525024414
gen_001766,jpeg_q90,-14.613961219787598
gen_001769,jpeg_q90,-14.221924781799316
gen_001772,jpeg_q90,-18.22418785095215
gen_001775,jpeg_q90,-11.8628568649292
gen_001778,jpeg_q90,-16.04243278503418
gen_001781,jpeg_q90,-9.130345344543457
gen_001784,jpeg_q90,-13.33310317993164
gen_001787,jpeg_q90,-14.062769889831543
gen_001790,jpeg_q90,-12.349710464477539
gen_001793,jpeg_q90,-9.370268821716309
gen_001796,jpeg_q90,-14.382811546325684
gen_001799,jpeg_q90,-14.52262020111084
gen_001802,jpeg_q90,-13.880024909973145
gen_001805,jpeg_q90,-12.173321723937988
gen_001808,jpeg_q90,-11.23184871673584
gen_001811,jpeg_q90,-13.37119197845459
gen_001867,jpeg_q90,-18.84929847717285
gen_001870,jpeg_q90,-11.507769584655762
gen_001873,jpeg_q90,-13.319034576416016
gen_001876,jpeg_q90,-13.434052467346191
gen_001879,jpeg_q90,-14.000661849975586
gen_001882,jpeg_q90,-12.801548957824707
gen_001885,jpeg_q90,-12.374459266662598
gen_001888,jpeg_q90,-7.702925205230713
gen_001891,jpeg_q90,-13.848076820373535
gen_001894,jpeg_q90,-13.194853782653809
gen_001897,jpeg_q90,-7.866083145141602
gen_001900,jpeg_q90,-10.6574068069458
gen_001903,jpeg_q90,-8.295464515686035
gen_001906,jpeg_q90,-18.51698875427246
gen_001909,jpeg_q90,-7.31348180770874
gen_001912,jpeg_q90,-11.367409706115723
gen_001915,jpeg_q90,-15.713770866394043
gen_001918,jpeg_q90,-17.086713790893555
gen_001921,jpeg_q90,-5.692400932312012
gen_001924,jpeg_q90,-14.90467643737793
gen_001927,jpeg_q90,-9.273597717285156
gen_001930,jpeg_q90,-9.260430335998535
gen_001986,jpeg_q90,-7.91971492767334
gen_001989,jpeg_q90,-16.088348388671875
gen_001992,jpeg_q90,-15.923519134521484
gen_001995,jpeg_q90,-9.490059852600098
gen_001998,jpeg_q90,-11.58517837524414
gen_002001,jpeg_q90,-17.093730926513672
gen_002004,jpeg_q90,-14.792023658752441
gen_002007,jpeg_q90,-10.8001127243042
gen_002010,jpeg_q90,-8.546146392822266
gen_002013,jpeg_q90,-14.579724311828613
gen_002016,jpeg_q90,-8.342972755432129
gen_002019,jpeg_q90,-9.618037223815918
gen_002022,jpeg_q90,-14.963667869567871
gen_002025,jpeg_q90,-13.846713066101074
gen_002028,jpeg_q90,-11.254487991333008
gen_002031,jpeg_q90,-10.892352104187012
gen_002034,jpeg_q90,-11.023743629455566
gen_002037,jpeg_q90,-8.788017272949219
gen_002040,jpeg_q90,-9.515327453613281
gen_002043,jpeg_q90,-11.460586547851562
gen_002046,jpeg_q90,-15.0252103805542
gen_002049,jpeg_q90,-7.991234302520752
gen_002105,jpeg_q90,-14.569989204406738
gen_002108,jpeg_q90,-12.198226928710938
gen_002111,jpeg_q90,-12.452033042907715
gen_002114,jpeg_q90,-10.987224578857422
gen_002117,jpeg_q90,-11.373583793640137
gen_002120,jpeg_q90,-13.897468566894531
gen_002123,jpeg_q90,-10.53484058380127
gen_002126,jpeg_q90,-13.22822380065918
gen_002129,jpeg_q90,-8.539326667785645
gen_002132,jpeg_q90,-12.789501190185547
gen_002135,jpeg_q90,-16.146711349487305
gen_002138,jpeg_q90,-8.568442344665527
gen_002141,jpeg_q90,-15.513294219970703
gen_002144,jpeg_q90,-14.471386909484863
gen_002147,jpeg_q90,-12.373147010803223
gen_002150,jpeg_q90,-9.594712257385254
gen_002153,jpeg_q90,-8.559113502502441
gen_002156,jpeg_q90,-9.39673900604248
gen_002159,jpeg_q90,-14.450432777404785
gen_002162,jpeg_q90,-11.111400604248047
gen_002165,jpeg_q90,-7.249957084655762
gen_002168,jpeg_q90,-14.704302787780762
gen_002224,jpeg_q90,-14.558430671691895
gen_002227,jpeg_q90,-10.927199363708496
gen_002230,jpeg_q90,-15.01935863494873
gen_002233,jpeg_q90,-13.125604629516602
gen_002236,jpeg_q90,-13.81531810760498
gen_002239,jpeg_q90,-15.823637962341309
gen_002242,jpeg_q90,-12.551440238952637
gen_002245,jpeg_q90,-12.421196937561035
gen_002248,jpeg_q90,-17.891359329223633
gen_002251,jpeg_q90,-7.946696758270264
gen_002254,jpeg_q90,-12.968194007873535
gen_002257,jpeg_q90,-14.212512016296387
gen_002260,jpeg_q90,-10.41203498840332
gen_002263,jpeg_q90,-13.404936790466309
gen_002266,jpeg_q90,-12.550841331481934
gen_002269,jpeg_q90,-14.48555850982666
gen_002272,jpeg_q90,-15.067346572875977
gen_002275,jpeg_q90,-10.067259788513184
gen_002278,jpeg_q90,-6.544534206390381
gen_002281,jpeg_q90,-8.79842472076416
gen_002284,jpeg_q90,-13.855839729309082
gen_002287,jpeg_q90,-14.099946975708008
gen_002343,jpeg_q90,-12.650355339050293
gen_002346,jpeg_q90,-13.331684112548828
gen_002349,jpeg_q90,-12.265023231506348
gen_002352,jpeg_q90,-14.079939842224121
gen_002355,jpeg_q90,-12.904635429382324
gen_002358,jpeg_q90,-11.313217163085938
gen_002361,jpeg_q90,-14.346653938293457
gen_002364,jpeg_q90,-9.106193542480469
gen_002367,jpeg_q90,-13.073128700256348
gen_002370,jpeg_q90,-11.963902473449707
gen_002373,jpeg_q90,-11.844040870666504
gen_002376,jpeg_q90,-11.231200218200684
gen_002379,jpeg_q90,-15.073230743408203
gen_002382,jpeg_q90,-12.71770191192627
gen_002385,jpeg_q90,-15.077295303344727
gen_002388,jpeg_q90,-10.669136047363281
gen_002391,jpeg_q90,-17.64261817932129
gen_002394,jpeg_q90,-15.333460807800293
gen_002397,jpeg_q90,-7.255871772766113
gen_002400,jpeg_q90,-10.682586669921875
gen_002403,jpeg_q90,-13.459487915039062
gen_002406,jpeg_q90,-13.671126365661621
gen_002462,jpeg_q90,-11.180475234985352
gen_002465,jpeg_q90,-11.539535522460938
gen_002468,jpeg_q90,-16.615503311157227
gen_002471,jpeg_q90,-3.8721182346343994
gen_002474,jpeg_q90,-9.02894115447998
gen_002477,jpeg_q90,-15.509142875671387
gen_002480,jpeg_q90,-19.751436233520508
gen_002483,jpeg_q90,-8.379709243774414
gen_002486,jpeg_q90,-8.917922019958496
gen_002489,jpeg_q90,-17.96217155456543
gen_002492,jpeg_q90,-9.976902961730957
gen_002495,jpeg_q90,-11.674860000610352
gen_002498,jpeg_q90,-14.71261215209961
gen_002501,jpeg_q90,-16.093870162963867
gen_002504,jpeg_q90,-13.663994789123535
gen_002507,jpeg_q90,-10.464366912841797
gen_002510,jpeg_q90,-14.742563247680664
gen_002513,jpeg_q90,-8.88896369934082
gen_002516,jpeg_q90,-11.688436508178711
gen_002519,jpeg_q90,-14.169962882995605
gen_002522,jpeg_q90,-18.815263748168945
gen_002525,jpeg_q90,-14.741446495056152
gen_000500,jpeg_q90,-10.075089454650879
gen_000501,jpeg_q90,-11.404541969299316
gen_000502,jpeg_q90,-9.350176811218262
gen_000503,jpeg_q90,-12.00234603881836
gen_000504,jpeg_q90,-2.086364507675171
gen_000505,jpeg_q90,-7.148500442504883
gen_000506,jpeg_q90,-11.546487808227539
gen_000507,jpeg_q90,-9.205883026123047
gen_000508,jpeg_q90,-13.881101608276367
gen_000509,jpeg_q90,-2.589947462081909
gen_000510,jpeg_q90,-9.020907402038574
gen_000511,jpeg_q90,-4.590129852294922
gen_000512,jpeg_q90,-7.156345844268799
gen_000513,jpeg_q90,-9.846566200256348
gen_000514,jpeg_q90,-10.247648239135742
gen_000515,jpeg_q90,-16.350282669067383
gen_000516,jpeg_q90,-12.06177043914795
gen_000517,jpeg_q90,-15.05400276184082
gen_000518,jpeg_q90,-12.99959659576416
gen_000519,jpeg_q90,-7.988404273986816
gen_000520,jpeg_q90,-8.540513038635254
gen_000521,jpeg_q90,-6.8038434982299805
gen_000522,jpeg_q90,-14.421123504638672
gen_000523,jpeg_q90,-4.817747116088867
gen_000524,jpeg_q90,-11.953311920166016
gen_000525,jpeg_q90,-7.6784820556640625
gen_000526,jpeg_q90,-6.215157985687256
gen_000527,jpeg_q90,-9.719944953918457
gen_000528,jpeg_q90,-9.314435005187988
gen_000529,jpeg_q90,-14.490397453308105
gen_000530,jpeg_q90,-9.742575645446777
gen_000531,jpeg_q90,-7.107741355895996
gen_000532,jpeg_q90,-7.781253337860107
gen_000533,jpeg_q90,-3.6179285049438477
gen_000534,jpeg_q90,-11.99415111541748
gen_000535,jpeg_q90,-10.435622215270996
gen_000536,jpeg_q90,-12.028999328613281
gen_000537,jpeg_q90,-6.39323616027832
gen_000538,jpeg_q90,-13.8776273727417
gen_000539,jpeg_q90,-6.443238258361816
gen_000540,jpeg_q90,-6.760710716247559
gen_000541,jpeg_q90,-10.228930473327637
gen_000542,jpeg_q90,-11.226760864257812
gen_000543,jpeg_q90,-4.064511775970459
gen_000544,jpeg_q90,-8.395586967468262
gen_000545,jpeg_q90,-11.813273429870605
gen_000546,jpeg_q90,-3.6078879833221436
gen_000547,jpeg_q90,1.0921850204467773
gen_000548,jpeg_q90,-10.004935264587402
gen_000549,jpeg_q90,-2.5711963176727295
gen_000550,jpeg_q90,-4.963108539581299
gen_000551,jpeg_q90,-1.6459695100784302
gen_000552,jpeg_q90,-9.447859764099121
gen_000553,jpeg_q90,-9.567656517028809
gen_000554,jpeg_q90,-5.11500358581543
gen_000555,jpeg_q90,-10.639248847961426
gen_000556,jpeg_q90,-5.094980239868164
gen_000557,jpeg_q90,-7.334961891174316
gen_000558,jpeg_q90,-10.19881534576416
gen_000559,jpeg_q90,-14.903653144836426
gen_000560,jpeg_q90,-12.016741752624512
gen_000561,jpeg_q90,-3.247467517852783
gen_000562,jpeg_q90,-9.395757675170898
gen_000563,jpeg_q90,-12.919389724731445
gen_000564,jpeg_q90,-11.959559440612793
gen_000565,jpeg_q90,-7.048051834106445
gen_000566,jpeg_q90,-10.912802696228027
gen_000567,jpeg_q90,-10.332695960998535
gen_000568,jpeg_q90,-11.793261528015137
gen_000569,jpeg_q90,-9.433866500854492
gen_000570,jpeg_q90,-11.817692756652832
gen_000571,jpeg_q90,-7.561305046081543
gen_000572,jpeg_q90,-7.904715538024902
gen_000573,jpeg_q90,-14.465185165405273
gen_000574,jpeg_q90,-12.521855354309082
gen_000575,jpeg_q90,-15.733052253723145
gen_000576,jpeg_q90,-4.0711445808410645
gen_000577,jpeg_q90,-16.151790618896484
gen_000578,jpeg_q90,-8.061673164367676
gen_000579,jpeg_q90,-4.168890953063965
gen_000580,jpeg_q90,-9.814559936523438
gen_000581,jpeg_q90,-0.06317952275276184
gen_000582,jpeg_q90,-15.752395629882812
gen_000583,jpeg_q90,-14.59361743927002
gen_000584,jpeg_q90,-8.619279861450195
gen_000585,jpeg_q90,-8.346755027770996
gen_000586,jpeg_q90,-13.619658470153809
gen_000587,jpeg_q90,-11.954133987426758
gen_000588,jpeg_q90,-11.60053539276123
gen_000589,jpeg_q90,-15.191765785217285
gen_000590,jpeg_q90,-9.176003456115723
gen_000591,jpeg_q90,-8.948502540588379
gen_000592,jpeg_q90,-16.722578048706055
gen_000593,jpeg_q90,-5.240242958068848
gen_000594,jpeg_q90,-14.436982154846191
gen_000595,jpeg_q90,-10.843039512634277
gen_000596,jpeg_q90,-11.883477210998535
gen_000597,jpeg_q90,-14.557251930236816
gen_000598,jpeg_q90,-9.9515962600708
gen_000599,jpeg_q90,-1.2209476232528687
gen_000600,jpeg_q90,-4.009902000427246
gen_000601,jpeg_q90,-12.901793479919434
gen_000602,jpeg_q90,-8.67873477935791
gen_000603,jpeg_q90,-6.159051895141602
gen_000604,jpeg_q90,-4.113804340362549
gen_000605,jpeg_q90,-7.491775989532471
gen_000606,jpeg_q90,-9.199095726013184
gen_000607,jpeg_q90,-19.177318572998047
gen_000608,jpeg_q90,-5.620728492736816
gen_000609,jpeg_q90,-6.565487861633301
gen_000610,jpeg_q90,-8.15833568572998
gen_000611,jpeg_q90,-12.132426261901855
gen_000612,jpeg_q90,-9.179620742797852
gen_000613,jpeg_q90,-8.880927085876465
gen_000614,jpeg_q90,-10.325149536132812
gen_000615,jpeg_q90,-8.39136028289795
gen_000616,jpeg_q90,-9.967082977294922
gen_000617,jpeg_q90,-11.101398468017578
gen_000618,jpeg_q90,-10.455982208251953
gen_000619,jpeg_q90,-1.754919171333313
gen_000620,jpeg_q90,-12.81613826751709
gen_000621,jpeg_q90,-10.62381649017334
gen_000622,jpeg_q90,-6.909583568572998
gen_000623,jpeg_q90,-16.381471633911133
gen_002528,jpeg_q90,-9.990586280822754
gen_002529,jpeg_q90,-10.936955451965332
gen_002530,jpeg_q90,-12.422444343566895
gen_002531,jpeg_q90,-8.750113487243652
gen_002532,jpeg_q90,-3.174534559249878
gen_002533,jpeg_q90,-2.948061227798462
gen_002534,jpeg_q90,-13.135990142822266
gen_002535,jpeg_q90,-9.35607624053955
gen_002536,jpeg_q90,-15.332053184509277
gen_002537,jpeg_q90,-3.8858563899993896
gen_002538,jpeg_q90,-9.8709077835083
gen_002539,jpeg_q90,-9.71068286895752
gen_002540,jpeg_q90,-11.590373039245605
gen_002541,jpeg_q90,-3.9038355350494385
gen_002542,jpeg_q90,-11.742291450500488
gen_002543,jpeg_q90,0.049728039652109146
gen_002544,jpeg_q90,-10.28573989868164
gen_002545,jpeg_q90,-12.495584487915039
gen_002546,jpeg_q90,-6.007794380187988
gen_002547,jpeg_q90,-7.508962631225586
gen_002548,jpeg_q90,-5.1263322830200195
gen_002549,jpeg_q90,-8.117161750793457
gen_002550,jpeg_q90,-2.717777967453003
gen_002551,jpeg_q90,-13.281633377075195
gen_002552,jpeg_q90,-8.770812034606934
gen_002553,jpeg_q90,-6.777526378631592
gen_002554,jpeg_q90,-6.118466377258301
gen_002555,jpeg_q90,-14.697879791259766
gen_002556,jpeg_q90,-14.345529556274414
gen_002557,jpeg_q90,-2.6182475090026855
gen_002558,jpeg_q90,-13.516048431396484
gen_002559,jpeg_q90,-9.364968299865723
gen_002560,jpeg_q90,-10.420247077941895
gen_002561,jpeg_q90,-9.03926944732666
gen_002562,jpeg_q90,-8.667145729064941
gen_002563,jpeg_q90,-10.172629356384277
gen_002564,jpeg_q90,-8.082804679870605
gen_002565,jpeg_q90,-6.648348808288574
gen_002566,jpeg_q90,-7.619897842407227
gen_002567,jpeg_q90,-5.246156692504883
gen_002568,jpeg_q90,-11.487740516662598
gen_002569,jpeg_q90,-12.102304458618164
gen_002570,jpeg_q90,-12.285109519958496
gen_002571,jpeg_q90,-16.644041061401367
gen_002572,jpeg_q90,-15.419468879699707
gen_002573,jpeg_q90,-10.876256942749023
gen_002574,jpeg_q90,-5.917820453643799
gen_002575,jpeg_q90,-15.153631210327148
gen_002576,jpeg_q90,-13.103642463684082
gen_002577,jpeg_q90,-7.197456359863281
gen_002578,jpeg_q90,-9.556066513061523
gen_002579,jpeg_q90,-5.438260078430176
gen_002580,jpeg_q90,-12.248498916625977
gen_002581,jpeg_q90,-11.908234596252441
gen_002582,jpeg_q90,-9.19149112701416
gen_002583,jpeg_q90,-7.067317008972168
gen_002584,jpeg_q90,-13.435226440429688
gen_002585,jpeg_q90,-10.992130279541016
gen_002586,jpeg_q90,-13.645393371582031
gen_002587,jpeg_q90,-10.967774391174316
gen_002588,jpeg_q90,-10.5298433303833
gen_002589,jpeg_q90,-4.315463066101074
gen_002590,jpeg_q90,-11.46550464630127
gen_002591,jpeg_q90,-11.53542423248291
gen_002592,jpeg_q90,-8.703624725341797
gen_002593,jpeg_q90,-10.158832550048828
gen_002594,jpeg_q90,-9.644518852233887
gen_002595,jpeg_q90,-3.0114247798919678
gen_002596,jpeg_q90,-11.312901496887207
gen_002597,jpeg_q90,-10.399073600769043
gen_002598,jpeg_q90,-9.497176170349121
gen_002599,jpeg_q90,-8.522845268249512
gen_002600,jpeg_q90,-13.461516380310059
gen_002601,jpeg_q90,-10.641422271728516
gen_002602,jpeg_q90,-10.324999809265137
gen_002603,jpeg_q90,-7.162256240844727
gen_002604,jpeg_q90,-18.082876205444336
gen_002605,jpeg_q90,-12.926137924194336
gen_002606,jpeg_q90,-9.817896842956543
gen_002607,jpeg_q90,-9.579935073852539
gen_002608,jpeg_q90,-16.021059036254883
gen_002609,jpeg_q90,-9.049413681030273
gen_002610,jpeg_q90,-11.026562690734863
gen_002611,jpeg_q90,-15.528609275817871
gen_002612,jpeg_q90,-16.343351364135742
gen_002613,jpeg_q90,-10.277914047241211
gen_002614,jpeg_q90,-1.7557592391967773
gen_002615,jpeg_q90,-14.679816246032715
gen_002616,jpeg_q90,-6.798392295837402
gen_002617,jpeg_q90,-2.7108676433563232
gen_002618,jpeg_q90,-3.982445240020752
gen_002619,jpeg_q90,-5.790731430053711
gen_002620,jpeg_q90,-13.315032005310059
gen_002621,jpeg_q90,-8.103472709655762
gen_002622,jpeg_q90,-10.56450366973877
gen_002623,jpeg_q90,-13.769821166992188
gen_002624,jpeg_q90,-7.565932273864746
gen_002625,jpeg_q90,-6.795657157897949
gen_002626,jpeg_q90,-13.122504234313965
gen_002627,jpeg_q90,-5.167274475097656
gen_002628,jpeg_q90,-9.77316665649414
gen_002629,jpeg_q90,-9.672577857971191
gen_002630,jpeg_q90,-11.069756507873535
gen_002631,jpeg_q90,-8.825699806213379
gen_002632,jpeg_q90,-6.210091590881348
gen_002633,jpeg_q90,-2.8466250896453857
gen_002634,jpeg_q90,-10.810733795166016
gen_002635,jpeg_q90,-7.639069080352783
gen_002636,jpeg_q90,-1.9167125225067139
gen_002637,jpeg_q90,-14.32969856262207
gen_002638,jpeg_q90,-8.968239784240723
gen_002639,jpeg_q90,-3.9281439781188965
gen_002640,jpeg_q90,-4.246216297149658
gen_002641,jpeg_q90,-9.213871002197266
gen_002642,jpeg_q90,-6.921417236328125
gen_002643,jpeg_q90,-11.09013843536377
gen_002644,jpeg_q90,-10.77241039276123
gen_002645,jpeg_q90,-7.1683855056762695
gen_002646,jpeg_q90,-9.681057929992676
gen_002647,jpeg_q90,-2.964583396911621
gen_002648,jpeg_q90,-8.519433975219727
gen_002649,jpeg_q90,-8.113968849182129
gen_002650,jpeg_q90,-2.472872018814087
gen_002651,jpeg_q90,-14.872036933898926
gen_002652,jpeg_q90,-7.760270118713379
gen_002653,jpeg_q90,-7.281681537628174
gen_002654,jpeg_q90,-7.684351444244385
gen_002655,jpeg_q90,-4.382649898529053
gen_002656,jpeg_q90,-10.71341609954834
gen_002657,jpeg_q90,-4.705316543579102
gen_002658,jpeg_q90,-7.642154216766357
gen_002659,jpeg_q90,-9.55985164642334
gen_002660,jpeg_q90,-16.039525985717773
gen_002661,jpeg_q90,-9.129271507263184
gen_002662,jpeg_q90,-7.349700927734375
gen_002663,jpeg_q90,-7.741015434265137
gen_002664,jpeg_q90,-14.954998970031738
gen_002665,jpeg_q90,-6.975808143615723
gen_002666,jpeg_q90,-8.952349662780762
gen_002667,jpeg_q90,-5.1350789070129395
gen_002668,jpeg_q90,-3.181354522705078
gen_002669,jpeg_q90,-8.788065910339355
gen_002670,jpeg_q90,-10.219037055969238
gen_002671,jpeg_q90,-0.46219882369041443
gen_002672,jpeg_q90,-9.35912036895752
gen_002673,jpeg_q90,-1.9502544403076172
gen_002674,jpeg_q90,-8.199027061462402
gen_002675,jpeg_q90,-3.1553304195404053
gen_002676,jpeg_q90,-9.019015312194824
gen_002677,jpeg_q90,-0.5970063805580139
gen_002678,jpeg_q90,-4.842808723449707
gen_002679,jpeg_q90,2.4598209857940674
gen_002680,jpeg_q90,-5.936318397521973
gen_002681,jpeg_q90,-4.07143497467041
gen_002682,jpeg_q90,-2.462294816970825
gen_002683,jpeg_q90,-3.3680200576782227
gen_002684,jpeg_q90,-10.718462944030762
gen_002685,jpeg_q90,-11.375732421875
gen_002686,jpeg_q90,-1.747727632522583
gen_002687,jpeg_q90,-2.3485894203186035
gen_002688,jpeg_q90,-7.156545639038086
gen_002689,jpeg_q90,-9.631684303283691
gen_002690,jpeg_q90,-11.268251419067383
gen_002691,jpeg_q90,-7.425000190734863
gen_002692,jpeg_q90,-6.629475116729736
gen_002693,jpeg_q90,-0.5886589288711548
gen_002694,jpeg_q90,-10.881800651550293
gen_002695,jpeg_q90,-11.1079683303833
gen_002696,jpeg_q90,-5.908080101013184
gen_002697,jpeg_q90,-4.578951835632324
gen_002698,jpeg_q90,-5.05169677734375
gen_002699,jpeg_q90,-8.167562484741211
gen_002700,jpeg_q90,-4.831984519958496
gen_002701,jpeg_q90,-1.170267105102539
gen_002702,jpeg_q90,-5.321359634399414
gen_002703,jpeg_q90,-9.940947532653809
gen_002704,jpeg_q90,-10.97368049621582
gen_002705,jpeg_q90,-6.565086364746094
gen_002706,jpeg_q90,-8.22298526763916
gen_002707,jpeg_q90,-12.383793830871582
gen_002708,jpeg_q90,-6.908838748931885
gen_002709,jpeg_q90,-4.137308597564697
gen_002710,jpeg_q90,-9.246574401855469
gen_002711,jpeg_q90,-4.586206912994385
gen_002712,jpeg_q90,-12.456019401550293
gen_002713,jpeg_q90,-0.8578770756721497
gen_002714,jpeg_q90,-8.371639251708984
gen_002715,jpeg_q90,-7.191377639770508
gen_002716,jpeg_q90,-12.639449119567871
gen_002717,jpeg_q90,-7.0688886642456055
gen_002718,jpeg_q90,-4.8502960205078125
gen_002719,jpeg_q90,-8.917038917541504
gen_002720,jpeg_q90,-2.835249900817871
gen_002721,jpeg_q90,-3.571221113204956
gen_002722,jpeg_q90,-8.312615394592285
gen_002723,jpeg_q90,0.6039329767227173
gen_002724,jpeg_q90,-11.239913940429688
gen_002725,jpeg_q90,-9.8381929397583
gen_002726,jpeg_q90,-13.210959434509277
gen_002727,jpeg_q90,3.9652910232543945
gen_002728,jpeg_q90,-4.298478126525879
gen_002729,jpeg_q90,-10.812521934509277
gen_002730,jpeg_q90,-8.110852241516113
gen_002731,jpeg_q90,1.1515859365463257
gen_002732,jpeg_q90,-11.325268745422363
gen_002733,jpeg_q90,-8.827754020690918
gen_002734,jpeg_q90,-7.891902923583984
gen_002735,jpeg_q90,-10.794041633605957
gen_002736,jpeg_q90,1.3275361061096191
gen_002737,jpeg_q90,-5.509620666503906
gen_002738,jpeg_q90,2.79184889793396
gen_002739,jpeg_q90,-12.362464904785156
gen_002740,jpeg_q90,-10.558148384094238
gen_002741,jpeg_q90,-10.476658821105957
gen_002742,jpeg_q90,-8.077794075012207
gen_002743,jpeg_q90,-11.34958553314209
gen_002744,jpeg_q90,-1.9235622882843018
gen_002745,jpeg_q90,-9.217933654785156
gen_002746,jpeg_q90,-3.4963204860687256
gen_002747,jpeg_q90,-8.267622947692871
gen_002748,jpeg_q90,-15.561800956726074
gen_002749,jpeg_q90,-2.9781510829925537
gen_002750,jpeg_q90,-8.632580757141113
gen_002751,jpeg_q90,-8.362059593200684
gen_002752,jpeg_q90,-8.357906341552734
gen_002753,jpeg_q90,-0.517025887966156
gen_002754,jpeg_q90,-7.456968307495117
gen_002755,jpeg_q90,-4.6110382080078125
gen_002756,jpeg_q90,-5.815682411193848
gen_002757,jpeg_q90,-3.6487224102020264
gen_002758,jpeg_q90,-6.387002468109131
gen_002759,jpeg_q90,0.9160098433494568
gen_002760,jpeg_q90,-8.139883995056152
gen_002761,jpeg_q90,-1.6711317300796509
gen_002762,jpeg_q90,-4.212396621704102
gen_002763,jpeg_q90,-15.712058067321777
gen_002764,jpeg_q90,-5.942079544067383
gen_002765,jpeg_q90,-8.13148307800293
gen_002766,jpeg_q90,-9.6292085647583
gen_002767,jpeg_q90,-7.445107460021973
gen_002768,jpeg_q90,-5.8347487449646
gen_002769,jpeg_q90,-10.1963472366333
gen_002770,jpeg_q90,-12.887839317321777
gen_002771,jpeg_q90,-5.671285629272461
gen_002772,jpeg_q90,-6.997688293457031
gen_002773,jpeg_q90,-7.355356693267822
gen_002774,jpeg_q90,-13.494254112243652
gen_002775,jpeg_q90,-14.962685585021973
gen_002776,jpeg_q90,-6.943987846374512
gen_002777,jpeg_q90,-14.697172164916992
gen_002778,jpeg_q90,-4.896882057189941
gen_002779,jpeg_q90,-14.858321189880371
gen_002780,jpeg_q90,-11.490200996398926
gen_002781,jpeg_q90,-14.309964179992676
gen_002782,jpeg_q90,-10.724177360534668
gen_002783,jpeg_q90,-13.646245956420898
gen_002784,jpeg_q90,-13.263728141784668
gen_002785,jpeg_q90,-10.909846305847168
gen_002786,jpeg_q90,1.6075392961502075
gen_002787,jpeg_q90,-19.153520584106445
gen_002788,jpeg_q90,-12.702744483947754
gen_002789,jpeg_q90,-10.779730796813965
gen_002790,jpeg_q90,-7.879860877990723
gen_002791,jpeg_q90,-7.590689182281494
gen_002792,jpeg_q90,-13.792778015136719
gen_002793,jpeg_q90,-13.072257995605469
gen_002794,jpeg_q90,-12.048630714416504
gen_002795,jpeg_q90,-16.406352996826172
gen_002796,jpeg_q90,-9.271319389343262
gen_002797,jpeg_q90,-10.2797212600708
gen_002798,jpeg_q90,-12.42117977142334
gen_002799,jpeg_q90,-11.24157428741455
gen_002800,jpeg_q90,-16.41390037536621
gen_002801,jpeg_q90,-4.244158744812012
gen_002802,jpeg_q90,-6.460440635681152
gen_002803,jpeg_q90,-11.658646583557129
gen_002804,jpeg_q90,-10.156594276428223
gen_002805,jpeg_q90,-8.910634994506836
gen_002806,jpeg_q90,-15.58417797088623
gen_002807,jpeg_q90,-6.502536773681641
gen_002808,jpeg_q90,-8.974119186401367
gen_002809,jpeg_q90,-4.076999664306641
gen_002810,jpeg_q90,-8.163310050964355
gen_002811,jpeg_q90,-9.814876556396484
gen_002812,jpeg_q90,-11.591863632202148
gen_002813,jpeg_q90,3.102330207824707
gen_002814,jpeg_q90,-2.1507973670959473
gen_002815,jpeg_q90,-10.057942390441895
gen_002816,jpeg_q90,-5.437882423400879
gen_002817,jpeg_q90,-11.297005653381348
gen_002818,jpeg_q90,-9.799426078796387
gen_002819,jpeg_q90,-13.535685539245605
gen_002820,jpeg_q90,-11.213216781616211
gen_002821,jpeg_q90,-12.149876594543457
gen_002822,jpeg_q90,-14.026143074035645
gen_002823,jpeg_q90,-11.158059120178223
gen_002824,jpeg_q90,-12.098947525024414
gen_002825,jpeg_q90,-8.697446823120117
gen_002826,jpeg_q90,-10.8428316116333
gen_002827,jpeg_q90,-8.515728950500488
gen_002828,jpeg_q90,-10.327993392944336
gen_002829,jpeg_q90,-17.08591651916504
gen_002830,jpeg_q90,-12.857861518859863
gen_002831,jpeg_q90,-9.322587013244629
gen_002832,jpeg_q90,-12.662752151489258
gen_002833,jpeg_q90,-2.8883416652679443
gen_002834,jpeg_q90,-9.2523193359375
gen_002835,jpeg_q90,-9.034323692321777
gen_002836,jpeg_q90,-10.134500503540039
gen_002837,jpeg_q90,-18.46009635925293
gen_002838,jpeg_q90,-11.860235214233398
gen_002839,jpeg_q90,-6.123057842254639
gen_002840,jpeg_q90,-12.828411102294922
gen_002841,jpeg_q90,-6.3552680015563965
gen_002842,jpeg_q90,-9.871607780456543
gen_002843,jpeg_q90,-9.500778198242188
gen_002844,jpeg_q90,-5.653007507324219
gen_002845,jpeg_q90,-10.836666107177734
gen_002846,jpeg_q90,-9.959277153015137
gen_002847,jpeg_q90,-10.303696632385254
gen_002848,jpeg_q90,-9.355567932128906
gen_002849,jpeg_q90,-11.67712116241455
gen_002850,jpeg_q90,-11.67166805267334
gen_002851,jpeg_q90,-14.704535484313965
gen_002852,jpeg_q90,-12.352752685546875
gen_002853,jpeg_q90,-7.987123012542725
gen_002854,jpeg_q90,-9.069016456604004
gen_002855,jpeg_q90,-10.81070327758789
gen_002856,jpeg_q90,-12.230545997619629
gen_002857,jpeg_q90,-8.634346008300781
gen_002858,jpeg_q90,-4.602288246154785
gen_002859,jpeg_q90,-6.478428840637207
gen_002860,jpeg_q90,-12.795987129211426
gen_002861,jpeg_q90,-18.281633377075195
gen_002862,jpeg_q90,-1.6718894243240356
gen_002863,jpeg_q90,-9.776961326599121
gen_002864,jpeg_q90,-11.155110359191895
gen_002865,jpeg_q90,-8.642083168029785
gen_002866,jpeg_q90,-2.1468636989593506
gen_002867,jpeg_q90,-9.938860893249512
gen_002868,jpeg_q90,-12.643352508544922
gen_002869,jpeg_q90,-9.20796012878418
gen_002870,jpeg_q90,-8.681750297546387
gen_002871,jpeg_q90,-2.967682123184204
gen_002872,jpeg_q90,-13.482586860656738
gen_002873,jpeg_q90,-6.883944988250732
gen_002874,jpeg_q90,-12.937480926513672
gen_002875,jpeg_q90,-16.890817642211914
gen_002876,jpeg_q90,-7.735056400299072
gen_002877,jpeg_q90,-7.093347549438477
gen_002878,jpeg_q90,-8.680436134338379
gen_002879,jpeg_q90,-9.385563850402832
gen_002880,jpeg_q90,-10.066390037536621
gen_002881,jpeg_q90,-12.437727928161621
gen_002882,jpeg_q90,-9.05970287322998
gen_002883,jpeg_q90,-8.985864639282227
gen_002884,jpeg_q90,-6.042448997497559
gen_002885,jpeg_q90,-10.716849327087402
gen_002886,jpeg_q90,-7.31889533996582
gen_002887,jpeg_q90,-14.171083450317383
gen_002888,jpeg_q90,-13.129443168640137
gen_002889,jpeg_q90,-9.98017692565918
gen_002890,jpeg_q90,-12.299393653869629
gen_002891,jpeg_q90,-14.47923755645752
gen_002892,jpeg_q90,-12.664091110229492
gen_002893,jpeg_q90,-7.677839279174805
gen_002894,jpeg_q90,-6.213889122009277
gen_002895,jpeg_q90,-14.736727714538574
gen_002896,jpeg_q90,-11.390429496765137
gen_002897,jpeg_q90,-10.564058303833008
gen_002898,jpeg_q90,-10.676323890686035
gen_002899,jpeg_q90,-7.6387128829956055
gen_002900,jpeg_q90,-6.303313255310059
gen_002901,jpeg_q90,-7.5437397956848145
gen_002902,jpeg_q90,-14.347256660461426
gen_002903,jpeg_q90,-7.95653772354126
gen_002904,jpeg_q90,-13.93590259552002
gen_002905,jpeg_q90,-10.873514175415039
gen_002906,jpeg_q90,-11.995283126831055
gen_002907,jpeg_q90,-14.123124122619629
gen_002908,jpeg_q90,-8.3612699508667
gen_002909,jpeg_q90,-12.378216743469238
gen_002910,jpeg_q90,-11.755803108215332
gen_002911,jpeg_q90,-10.907585144042969
gen_002912,jpeg_q90,-3.2636196613311768
gen_002913,jpeg_q90,-12.427623748779297
gen_002914,jpeg_q90,-19.082258224487305
gen_002915,jpeg_q90,-11.584494590759277
gen_002916,jpeg_q90,-10.118792533874512
gen_002917,jpeg_q90,-9.155718803405762
gen_002918,jpeg_q90,-11.248946189880371
gen_002919,jpeg_q90,-12.19997787475586
gen_002920,jpeg_q90,-6.384703159332275
gen_002921,jpeg_q90,-7.41713285446167
gen_002922,jpeg_q90,-16.99428367614746
gen_002923,jpeg_q90,-11.408670425415039
gen_002924,jpeg_q90,-1.8541573286056519
gen_002925,jpeg_q90,-11.598340034484863
gen_002926,jpeg_q90,-14.286446571350098
gen_002927,jpeg_q90,-15.08757209777832
gen_002928,jpeg_q90,-13.414450645446777
gen_002929,jpeg_q90,-7.446877479553223
gen_002930,jpeg_q90,-11.76383113861084
gen_002931,jpeg_q90,-6.189598560333252
gen_002932,jpeg_q90,-10.98165512084961
gen_002933,jpeg_q90,-13.358014106750488
gen_002934,jpeg_q90,-7.275759220123291
gen_002935,jpeg_q90,-7.821897506713867
gen_002936,jpeg_q90,-5.310153961181641
gen_002937,jpeg_q90,-8.712004661560059
gen_002938,jpeg_q90,-6.297571182250977
gen_002939,jpeg_q90,-10.464045524597168
gen_002940,jpeg_q90,-13.380717277526855
gen_002941,jpeg_q90,-12.96279239654541
gen_002942,jpeg_q90,-12.892720222473145
gen_002943,jpeg_q90,-11.47285270690918
gen_002944,jpeg_q90,-8.759627342224121
gen_002945,jpeg_q90,-2.6502254009246826
gen_002946,jpeg_q90,-7.606044769287109
gen_002947,jpeg_q90,-7.831951141357422
gen_002948,jpeg_q90,-10.729090690612793
gen_002949,jpeg_q90,-15.090717315673828
gen_002950,jpeg_q90,-6.319348335266113
gen_002951,jpeg_q90,-11.694791793823242
gen_002952,jpeg_q90,-9.894403457641602
gen_002953,jpeg_q90,-7.736549377441406
gen_002954,jpeg_q90,-6.54617166519165
gen_002955,jpeg_q90,-9.055092811584473
gen_002956,jpeg_q90,-12.75252914428711
gen_002957,jpeg_q90,-14.759299278259277
gen_002958,jpeg_q90,-12.61112117767334
gen_002959,jpeg_q90,-1.458662986755371
gen_002960,jpeg_q90,-9.322176933288574
gen_002961,jpeg_q90,-16.005992889404297
gen_002962,jpeg_q90,-5.159804821014404
gen_002963,jpeg_q90,-12.553763389587402
gen_002964,jpeg_q90,-11.143898963928223
gen_002965,jpeg_q90,-11.335890769958496
gen_002966,jpeg_q90,-16.31715965270996
gen_002967,jpeg_q90,-7.031557083129883
gen_002968,jpeg_q90,-7.909536361694336
gen_002969,jpeg_q90,-12.589160919189453
gen_002970,jpeg_q90,-14.507948875427246
gen_002971,jpeg_q90,-13.345010757446289
gen_002972,jpeg_q90,-10.944186210632324
gen_002973,jpeg_q90,-17.31321907043457
gen_002974,jpeg_q90,-8.065754890441895
gen_002975,jpeg_q90,-7.135479927062988
gen_002976,jpeg_q90,-13.224957466125488
gen_002977,jpeg_q90,-9.805327415466309
gen_002978,jpeg_q90,-11.539921760559082
gen_002979,jpeg_q90,-10.97853946685791
gen_002980,jpeg_q90,-13.617280006408691
gen_002981,jpeg_q90,-9.75111198425293
gen_002982,jpeg_q90,-7.170616149902344
gen_002983,jpeg_q90,-8.998042106628418
gen_002984,jpeg_q90,-15.884988784790039
gen_002985,jpeg_q90,-11.540206909179688
gen_002986,jpeg_q90,-10.33044719696045
gen_002987,jpeg_q90,-6.099924087524414
gen_002988,jpeg_q90,-9.090205192565918
gen_002989,jpeg_q90,-9.375426292419434
gen_002990,jpeg_q90,-10.836935043334961
gen_002991,jpeg_q90,-13.275296211242676
gen_002992,jpeg_q90,-10.418349266052246
gen_002993,jpeg_q90,-5.329617977142334
gen_002994,jpeg_q90,-6.431891441345215
gen_002995,jpeg_q90,-15.619266510009766
gen_002996,jpeg_q90,-8.75646686553955
gen_002997,jpeg_q90,-16.11121940612793
gen_002998,jpeg_q90,-11.188618659973145
gen_002999,jpeg_q90,-13.479564666748047
gen_003000,jpeg_q90,-14.5380859375
gen_003001,jpeg_q90,-18.037181854248047
gen_003002,jpeg_q90,-15.074356079101562
gen_003003,jpeg_q90,-5.089904308319092
621167,jpeg_q75,12.6692533493042
780930,jpeg_q75,7.749667167663574
140859,jpeg_q75,8.627103805541992
1261919,jpeg_q75,8.58280086517334
464898,jpeg_q75,8.765666961669922
1186861,jpeg_q75,9.556174278259277
797190,jpeg_q75,12.575339317321777
838263,jpeg_q75,12.99482250213623
386688,jpeg_q75,9.9656400680542
1119392,jpeg_q75,10.438729286193848
647756,jpeg_q75,2.5968635082244873
948753,jpeg_q75,8.556282997131348
598864,jpeg_q75,9.689282417297363
1021263,jpeg_q75,7.558194160461426
1006155,jpeg_q75,10.552803993225098
803689,jpeg_q75,5.186978340148926
908871,jpeg_q75,6.1866278648376465
1056303,jpeg_q75,14.055922508239746
1244784,jpeg_q75,10.456402778625488
882202,jpeg_q75,13.393780708312988
1234200,jpeg_q75,10.881876945495605
910803,jpeg_q75,7.723283767700195
794285,jpeg_q75,6.174103736877441
513457,jpeg_q75,6.338800430297852
487524,jpeg_q75,11.248520851135254
384555,jpeg_q75,2.30275559425354
383792,jpeg_q75,9.825577735900879
1122751,jpeg_q75,11.867106437683105
702818,jpeg_q75,7.854103088378906
1002337,jpeg_q75,3.954728841781616
887906,jpeg_q75,10.15299129486084
707340,jpeg_q75,7.568906784057617
682959,jpeg_q75,2.7894585132598877
909903,jpeg_q75,8.50786018371582
1065005,jpeg_q75,14.451836585998535
911557,jpeg_q75,14.299768447875977
1308759,jpeg_q75,4.907044887542725
396290,jpeg_q75,3.4118471145629883
73290,jpeg_q75,2.8914263248443604
1096035,jpeg_q75,10.841185569763184
1325559,jpeg_q75,5.305479526519775
111255,jpeg_q75,10.391090393066406
871400,jpeg_q75,15.022994041442871
709252,jpeg_q75,5.063858985900879
946133,jpeg_q75,11.241868019104004
394048,jpeg_q75,9.183428764343262
756306,jpeg_q75,5.4034104347229
1054374,jpeg_q75,2.584491014480591
187081,jpeg_q75,11.84742546081543
1169741,jpeg_q75,14.17792797088623
1093624,jpeg_q75,6.796694278717041
581614,jpeg_q75,6.613018035888672
1220099,jpeg_q75,13.818883895874023
523014,jpeg_q75,5.254755020141602
1082948,jpeg_q75,8.163125991821289
914545,jpeg_q75,9.38182544708252
831716,jpeg_q75,6.197316646575928
104498,jpeg_q75,7.827194690704346
677599,jpeg_q75,6.281601905822754
622131,jpeg_q75,10.807927131652832
937707,jpeg_q75,18.04562759399414
870960,jpeg_q75,10.608823776245117
930353,jpeg_q75,13.03422737121582
778526,jpeg_q75,10.867070198059082
340069,jpeg_q75,12.498473167419434
413443,jpeg_q75,12.071503639221191
1194110,jpeg_q75,5.650933265686035
211044,jpeg_q75,12.85962963104248
1311628,jpeg_q75,12.149588584899902
833367,jpeg_q75,14.645322799682617
762750,jpeg_q75,7.5621490478515625
393045,jpeg_q75,7.256817817687988
1345189,jpeg_q75,10.312657356262207
103264,jpeg_q75,9.050410270690918
1293881,jpeg_q75,10.044486045837402
4380,jpeg_q75,5.791630268096924
507218,jpeg_q75,5.694852352142334
1152157,jpeg_q75,11.256180763244629
398197,jpeg_q75,8.139679908752441
490895,jpeg_q75,12.37398624420166
188418,jpeg_q75,7.253183364868164
621652,jpeg_q75,7.071502208709717
1291120,jpeg_q75,11.895659446716309
719945,jpeg_q75,14.029547691345215
442689,jpeg_q75,4.951823711395264
947195,jpeg_q75,6.409451484680176
1052154,jpeg_q75,16.55125617980957
136770,jpeg_q75,13.161623001098633
1325443,jpeg_q75,7.258937358856201
973737,jpeg_q75,8.670299530029297
539881,jpeg_q75,8.776503562927246
1267693,jpeg_q75,8.856724739074707
1227516,jpeg_q75,11.949689865112305
1042236,jpeg_q75,15.834542274475098
982108,jpeg_q75,7.775838851928711
437553,jpeg_q75,11.148245811462402
1219357,jpeg_q75,10.046439170837402
1322314,jpeg_q75,8.573153495788574
1014796,jpeg_q75,4.660790920257568
1100727,jpeg_q75,4.215834617614746
609380,jpeg_q75,4.872289657592773
1250833,jpeg_q75,4.62992525100708
954884,jpeg_q75,9.636574745178223
919467,jpeg_q75,12.303545951843262
1104582,jpeg_q75,13.404452323913574
465643,jpeg_q75,7.898817539215088
409465,jpeg_q75,9.013751029968262
341819,jpeg_q75,5.9995574951171875
981677,jpeg_q75,9.168815612792969
617987,jpeg_q75,8.615537643432617
678657,jpeg_q75,8.194229125976562
462619,jpeg_q75,8.780823707580566
375308,jpeg_q75,11.804917335510254
377397,jpeg_q75,10.85828685760498
355228,jpeg_q75,4.257929801940918
371987,jpeg_q75,12.116496086120605
1232525,jpeg_q75,8.355374336242676
1042574,jpeg_q75,4.48870849609375
769464,jpeg_q75,10.184552192687988
907321,jpeg_q75,10.146830558776855
545690,jpeg_q75,7.858057022094727
1027845,jpeg_q75,10.156338691711426
953935,jpeg_q75,13.114825248718262
933466,jpeg_q75,12.69279956817627
991792,jpeg_q75,13.116194725036621
764798,jpeg_q75,11.198554992675781
1087986,jpeg_q75,4.405093669891357
1108625,jpeg_q75,9.682512283325195
1113432,jpeg_q75,11.156155586242676
502810,jpeg_q75,6.287306785583496
801545,jpeg_q75,10.36121654510498
309442,jpeg_q75,5.433306694030762
810874,jpeg_q75,9.987435340881348
492742,jpeg_q75,9.241984367370605
1156502,jpeg_q75,6.957719802856445
711110,jpeg_q75,8.650629997253418
1033017,jpeg_q75,7.811030387878418
366482,jpeg_q75,9.21676254272461
17471,jpeg_q75,8.208403587341309
835678,jpeg_q75,13.052800178527832
506162,jpeg_q75,13.599339485168457
210347,jpeg_q75,9.919779777526855
926260,jpeg_q75,12.369757652282715
729712,jpeg_q75,8.197600364685059
1175004,jpeg_q75,3.1623589992523193
1173478,jpeg_q75,12.419410705566406
997622,jpeg_q75,12.019013404846191
372499,jpeg_q75,8.657163619995117
941251,jpeg_q75,9.205697059631348
373550,jpeg_q75,7.355459213256836
213494,jpeg_q75,10.80444622039795
1300741,jpeg_q75,10.512301445007324
675794,jpeg_q75,6.387731552124023
953534,jpeg_q75,9.038878440856934
1224082,jpeg_q75,4.876218318939209
1222319,jpeg_q75,8.794991493225098
704220,jpeg_q75,5.4724836349487305
1070784,jpeg_q75,6.913776397705078
926714,jpeg_q75,11.7598295211792
1003809,jpeg_q75,6.000809669494629
1053076,jpeg_q75,12.96092700958252
1172949,jpeg_q75,6.621021270751953
376249,jpeg_q75,8.321776390075684
949424,jpeg_q75,9.57648754119873
863183,jpeg_q75,12.730542182922363
760162,jpeg_q75,10.92667293548584
1059729,jpeg_q75,9.288308143615723
897281,jpeg_q75,7.080036640167236
1311559,jpeg_q75,2.8011715412139893
754093,jpeg_q75,8.881743431091309
926101,jpeg_q75,11.163661003112793
582178,jpeg_q75,6.672630310058594
1032814,jpeg_q75,-0.08925056457519531
1233583,jpeg_q75,7.641302108764648
820570,jpeg_q75,8.634465217590332
847169,jpeg_q75,12.055892944335938
986940,jpeg_q75,10.573882102966309
1152439,jpeg_q75,12.992547035217285
946010,jpeg_q75,14.633627891540527
323697,jpeg_q75,5.1832170486450195
764150,jpeg_q75,10.402389526367188
818509,jpeg_q75,14.8080415725708
650017,jpeg_q75,5.419510841369629
1217119,jpeg_q75,6.66835355758667
1256142,jpeg_q75,7.660859107971191
841850,jpeg_q75,6.009219646453857
944543,jpeg_q75,14.202011108398438
1189369,jpeg_q75,8.564075469970703
954982,jpeg_q75,6.590876579284668
1298510,jpeg_q75,8.768460273742676
509376,jpeg_q75,4.723592758178711
929233,jpeg_q75,6.617578029632568
655112,jpeg_q75,7.9405107498168945
1190371,jpeg_q75,7.373081207275391
1246902,jpeg_q75,8.118681907653809
715674,jpeg_q75,10.480874061584473
1248307,jpeg_q75,11.175139427185059
52856,jpeg_q75,5.050135135650635
1161486,jpeg_q75,6.0984344482421875
2738,jpeg_q75,6.430994987487793
376491,jpeg_q75,6.404545783996582
1102478,jpeg_q75,5.817274570465088
846370,jpeg_q75,4.989222526550293
553052,jpeg_q75,8.626888275146484
750922,jpeg_q75,5.818183898925781
573848,jpeg_q75,7.047238349914551
384168,jpeg_q75,11.128018379211426
491172,jpeg_q75,9.59420108795166
490007,jpeg_q75,11.31110668182373
268175,jpeg_q75,10.597062110900879
1103342,jpeg_q75,11.504023551940918
1220610,jpeg_q75,9.472943305969238
604361,jpeg_q75,9.111369132995605
853044,jpeg_q75,15.952969551086426
1056946,jpeg_q75,12.281086921691895
764938,jpeg_q75,8.997401237487793
371713,jpeg_q75,7.480679035186768
1180827,jpeg_q75,15.374324798583984
366642,jpeg_q75,4.562265396118164
952322,jpeg_q75,8.074297904968262
1275755,jpeg_q75,9.166975975036621
668661,jpeg_q75,5.322811126708984
377104,jpeg_q75,8.687710762023926
327196,jpeg_q75,7.273565292358398
460429,jpeg_q75,6.556797981262207
470561,jpeg_q75,10.292853355407715
465842,jpeg_q75,5.744681358337402
461125,jpeg_q75,5.008114337921143
1310986,jpeg_q75,7.124265670776367
1101540,jpeg_q75,9.8086576461792
474556,jpeg_q75,6.448456764221191
457939,jpeg_q75,9.183918952941895
535434,jpeg_q75,8.92292308807373
534895,jpeg_q75,5.344043731689453
889498,jpeg_q75,10.472776412963867
1077317,jpeg_q75,10.9738187789917
1222892,jpeg_q75,11.48220157623291
358391,jpeg_q75,9.081072807312012
594254,jpeg_q75,9.05905532836914
466048,jpeg_q75,0.24787810444831848
527754,jpeg_q75,13.171789169311523
453886,jpeg_q75,4.908066749572754
467000,jpeg_q75,11.18433666229248
361022,jpeg_q75,7.355646133422852
534379,jpeg_q75,6.75242280960083
227741,jpeg_q75,5.8944501876831055
1004518,jpeg_q75,11.146416664123535
222720,jpeg_q75,12.690329551696777
1152564,jpeg_q75,10.812914848327637
1105529,jpeg_q75,13.503105163574219
421520,jpeg_q75,9.762126922607422
588350,jpeg_q75,11.414164543151855
955813,jpeg_q75,6.685098171234131
783080,jpeg_q75,6.459463596343994
447210,jpeg_q75,11.413875579833984
46777,jpeg_q75,7.468192100524902
1060000,jpeg_q75,8.209905624389648
447524,jpeg_q75,11.938838005065918
985917,jpeg_q75,8.752937316894531
1017237,jpeg_q75,10.962278366088867
1241284,jpeg_q75,12.468955993652344
904548,jpeg_q75,8.989388465881348
796892,jpeg_q75,9.614155769348145
899163,jpeg_q75,7.386971473693848
1150939,jpeg_q75,11.223461151123047
818048,jpeg_q75,13.274185180664062
1202156,jpeg_q75,6.8075079917907715
686935,jpeg_q75,12.957147598266602
1137062,jpeg_q75,7.482306003570557
567448,jpeg_q75,6.3672637939453125
1286215,jpeg_q75,6.92592191696167
221072,jpeg_q75,10.90319538116455
1253792,jpeg_q75,12.140887260437012
535280,jpeg_q75,8.472285270690918
569890,jpeg_q75,9.452689170837402
913930,jpeg_q75,4.332156181335449
8114,jpeg_q75,13.428498268127441
1202099,jpeg_q75,6.523068428039551
459182,jpeg_q75,6.730478286743164
446590,jpeg_q75,9.738319396972656
976218,jpeg_q75,10.455414772033691
1319676,jpeg_q75,10.731080055236816
1240495,jpeg_q75,7.146468639373779
533393,jpeg_q75,8.805983543395996
861566,jpeg_q75,8.12447452545166
1076553,jpeg_q75,4.6370086669921875
1203062,jpeg_q75,6.035454750061035
1325624,jpeg_q75,8.82604694366455
693257,jpeg_q75,10.926301002502441
1202756,jpeg_q75,5.235146999359131
917969,jpeg_q75,8.714964866638184
1106803,jpeg_q75,9.418305397033691
1097650,jpeg_q75,11.844243049621582
472770,jpeg_q75,6.325096130371094
971225,jpeg_q75,7.705331325531006
509808,jpeg_q75,10.14012336730957
771942,jpeg_q75,8.21608829498291
469372,jpeg_q75,5.599050998687744
836710,jpeg_q75,6.004050254821777
43479,jpeg_q75,9.935050964355469
917976,jpeg_q75,8.798823356628418
114940,jpeg_q75,6.817078590393066
1206283,jpeg_q75,10.32605266571045
57120,jpeg_q75,10.292181968688965
552584,jpeg_q75,3.0160160064697266
1108540,jpeg_q75,10.190144538879395
1012096,jpeg_q75,11.187749862670898
1056078,jpeg_q75,14.622013092041016
468206,jpeg_q75,8.385937690734863
660751,jpeg_q75,6.119640350341797
572643,jpeg_q75,12.451380729675293
1329219,jpeg_q75,8.591586112976074
892858,jpeg_q75,10.072303771972656
830132,jpeg_q75,10.870426177978516
649469,jpeg_q75,13.850908279418945
922384,jpeg_q75,12.239829063415527
159711,jpeg_q75,6.834747791290283
1203419,jpeg_q75,4.042625427246094
460125,jpeg_q75,4.773900985717773
1284862,jpeg_q75,-0.23827099800109863
662298,jpeg_q75,10.278239250183105
1099563,jpeg_q75,12.926116943359375
1339489,jpeg_q75,6.971642017364502
574597,jpeg_q75,6.373716354370117
453645,jpeg_q75,7.354334831237793
534512,jpeg_q75,4.737334251403809
1176325,jpeg_q75,11.550809860229492
448303,jpeg_q75,6.7952070236206055
986966,jpeg_q75,5.907174110412598
1072945,jpeg_q75,11.974759101867676
531531,jpeg_q75,6.350100517272949
738347,jpeg_q75,8.780308723449707
797088,jpeg_q75,9.593395233154297
649893,jpeg_q75,8.183018684387207
781486,jpeg_q75,5.571993350982666
1200661,jpeg_q75,12.423991203308105
342103,jpeg_q75,10.604634284973145
317704,jpeg_q75,6.489230632781982
1217821,jpeg_q75,7.358308792114258
710049,jpeg_q75,6.635480880737305
204144,jpeg_q75,9.429068565368652
1208544,jpeg_q75,12.442124366760254
1265002,jpeg_q75,10.76032829284668
426492,jpeg_q75,11.94279670715332
1213455,jpeg_q75,0.19092845916748047
323350,jpeg_q75,14.505034446716309
517965,jpeg_q75,3.1409828662872314
816949,jpeg_q75,11.19955825805664
270171,jpeg_q75,7.576195240020752
263183,jpeg_q75,8.510842323303223
518611,jpeg_q75,7.904641628265381
1231839,jpeg_q75,12.48483943939209
205150,jpeg_q75,5.6192426681518555
1216634,jpeg_q75,13.831366539001465
296302,jpeg_q75,13.632773399353027
1163161,jpeg_q75,11.808524131774902
1160776,jpeg_q75,8.91282844543457
404904,jpeg_q75,12.9627103805542
1272711,jpeg_q75,8.451472282409668
894964,jpeg_q75,3.1795146465301514
962055,jpeg_q75,12.91330337524414
1261164,jpeg_q75,5.007273197174072
296278,jpeg_q75,14.464912414550781
1257150,jpeg_q75,9.230053901672363
956436,jpeg_q75,11.789399147033691
755684,jpeg_q75,11.66876220703125
102991,jpeg_q75,16.55118179321289
499541,jpeg_q75,5.17552375793457
1215323,jpeg_q75,5.408526420593262
1149731,jpeg_q75,13.23393440246582
87955,jpeg_q75,9.452353477478027
1249266,jpeg_q75,8.802453994750977
1259497,jpeg_q75,7.9730024337768555
1250142,jpeg_q75,5.125694274902344
103668,jpeg_q75,13.957462310791016
500899,jpeg_q75,9.67825984954834
1096482,jpeg_q75,12.223276138305664
340146,jpeg_q75,13.137776374816895
1211389,jpeg_q75,12.120299339294434
498936,jpeg_q75,7.761046409606934
1215165,jpeg_q75,10.978341102600098
1269212,jpeg_q75,5.905431747436523
103198,jpeg_q75,10.927520751953125
519699,jpeg_q75,9.668299674987793
520229,jpeg_q75,3.0629966259002686
1274191,jpeg_q75,5.586289882659912
280614,jpeg_q75,9.499953269958496
328786,jpeg_q75,12.652142524719238
63137,jpeg_q75,8.928600311279297
1018410,jpeg_q75,12.546223640441895
1269377,jpeg_q75,10.018068313598633
1002057,jpeg_q75,11.186942100524902
155144,jpeg_q75,10.824931144714355
1346783,jpeg_q75,12.050271034240723
1163564,jpeg_q75,13.447346687316895
1161642,jpeg_q75,10.999127388000488
502448,jpeg_q75,15.672734260559082
1134351,jpeg_q75,8.95759105682373
767339,jpeg_q75,14.444313049316406
139562,jpeg_q75,15.423928260803223
327054,jpeg_q75,11.955166816711426
294571,jpeg_q75,13.395825386047363
1309485,jpeg_q75,7.98158073425293
501676,jpeg_q75,8.849247932434082
101424,jpeg_q75,2.2275640964508057
493559,jpeg_q75,13.439255714416504
769066,jpeg_q75,4.257399559020996
1250127,jpeg_q75,6.521495819091797
906195,jpeg_q75,6.741177558898926
723642,jpeg_q75,11.925996780395508
345071,jpeg_q75,7.716252326965332
950124,jpeg_q75,6.763533115386963
1218989,jpeg_q75,10.033381462097168
1263446,jpeg_q75,12.17670726776123
925205,jpeg_q75,12.272297859191895
1208414,jpeg_q75,7.167716979980469
688750,jpeg_q75,12.264805793762207
787129,jpeg_q75,8.997639656066895
425969,jpeg_q75,11.546035766601562
1135638,jpeg_q75,8.070116996765137
501544,jpeg_q75,9.65647029876709
816383,jpeg_q75,8.235862731933594
943119,jpeg_q75,13.875664710998535
669870,jpeg_q75,8.153046607971191
499018,jpeg_q75,9.673277854919434
1110472,jpeg_q75,10.646296501159668
1015188,jpeg_q75,9.343480110168457
1274592,jpeg_q75,9.2590913772583
1271680,jpeg_q75,7.612732887268066
230111,jpeg_q75,11.564605712890625
1265642,jpeg_q75,7.7232866287231445
717653,jpeg_q75,12.955238342285156
254247,jpeg_q75,7.976343154907227
1280461,jpeg_q75,9.285745620727539
17972,jpeg_q75,11.832053184509277
296322,jpeg_q75,11.539139747619629
426674,jpeg_q75,11.046547889709473
493518,jpeg_q75,7.601116180419922
427440,jpeg_q75,13.444472312927246
1041244,jpeg_q75,12.457472801208496
138895,jpeg_q75,10.716326713562012
522891,jpeg_q75,4.803723335266113
1224731,jpeg_q75,12.469810485839844
1104296,jpeg_q75,10.116290092468262
849929,jpeg_q75,9.334746360778809
830646,jpeg_q75,8.157418251037598
1161667,jpeg_q75,12.873116493225098
1224880,jpeg_q75,10.742522239685059
gen_000677,jpeg_q75,-10.64624309539795
gen_000680,jpeg_q75,-9.870360374450684
gen_000683,jpeg_q75,-5.9546799659729
gen_000686,jpeg_q75,-15.626420021057129
gen_000689,jpeg_q75,-9.00118350982666
gen_000692,jpeg_q75,-16.19776153564453
gen_000695,jpeg_q75,-10.506192207336426
gen_000698,jpeg_q75,-10.7023286819458
gen_000701,jpeg_q75,-3.5208423137664795
gen_000704,jpeg_q75,-18.14866828918457
gen_000707,jpeg_q75,-15.477736473083496
gen_000710,jpeg_q75,-3.8606789112091064
gen_000713,jpeg_q75,-10.682250022888184
gen_000716,jpeg_q75,-15.910035133361816
gen_000719,jpeg_q75,-12.4324369430542
gen_000722,jpeg_q75,-11.383686065673828
gen_000725,jpeg_q75,-11.467877388000488
gen_000728,jpeg_q75,-9.244515419006348
gen_000731,jpeg_q75,-13.514073371887207
gen_000734,jpeg_q75,-10.068202018737793
gen_000737,jpeg_q75,-10.124335289001465
gen_000740,jpeg_q75,-11.052496910095215
gen_000796,jpeg_q75,-11.89440631866455
gen_000799,jpeg_q75,-5.558139801025391
gen_000802,jpeg_q75,-13.08054256439209
gen_000805,jpeg_q75,-8.759810447692871
gen_000808,jpeg_q75,-16.366182327270508
gen_000811,jpeg_q75,-7.558464050292969
gen_000814,jpeg_q75,-10.138599395751953
gen_000817,jpeg_q75,-6.921181678771973
gen_000820,jpeg_q75,-10.564290046691895
gen_000823,jpeg_q75,-4.928893089294434
gen_000826,jpeg_q75,-7.6537065505981445
gen_000829,jpeg_q75,-10.897669792175293
gen_000832,jpeg_q75,-6.35959005355835
gen_000835,jpeg_q75,-13.498421669006348
gen_000838,jpeg_q75,-11.931599617004395
gen_000841,jpeg_q75,-5.6685662269592285
gen_000844,jpeg_q75,-13.464832305908203
gen_000847,jpeg_q75,-12.647429466247559
gen_000850,jpeg_q75,-4.9838104248046875
gen_000853,jpeg_q75,-11.354796409606934
gen_000856,jpeg_q75,-10.704183578491211
gen_000859,jpeg_q75,-10.647995948791504
gen_000915,jpeg_q75,-15.068007469177246
gen_000918,jpeg_q75,-14.181098937988281
gen_000921,jpeg_q75,-4.957191467285156
gen_000924,jpeg_q75,-12.937024116516113
gen_000927,jpeg_q75,-15.361641883850098
gen_000930,jpeg_q75,-7.693683624267578
gen_000933,jpeg_q75,-11.571026802062988
gen_000936,jpeg_q75,-6.603667259216309
gen_000939,jpeg_q75,-9.157844543457031
gen_000942,jpeg_q75,-8.898590087890625
gen_000945,jpeg_q75,-9.764938354492188
gen_000948,jpeg_q75,-7.433609962463379
gen_000951,jpeg_q75,-9.945734024047852
gen_000954,jpeg_q75,-18.759963989257812
gen_000957,jpeg_q75,-15.093500137329102
gen_000960,jpeg_q75,-2.0036540031433105
gen_000963,jpeg_q75,-15.542352676391602
gen_000966,jpeg_q75,-10.414671897888184
gen_000969,jpeg_q75,-8.293757438659668
gen_000972,jpeg_q75,3.37910532951355
gen_000975,jpeg_q75,-13.008007049560547
gen_000978,jpeg_q75,-4.264494895935059
gen_001034,jpeg_q75,-5.838942527770996
gen_001037,jpeg_q75,-0.8665633201599121
gen_001040,jpeg_q75,-11.732195854187012
gen_001043,jpeg_q75,-8.329323768615723
gen_001046,jpeg_q75,-11.343829154968262
gen_001049,jpeg_q75,-16.79474449157715
gen_001052,jpeg_q75,-18.050016403198242
gen_001055,jpeg_q75,-10.31175422668457
gen_001058,jpeg_q75,-8.407450675964355
gen_001061,jpeg_q75,-12.792807579040527
gen_001064,jpeg_q75,-12.803534507751465
gen_001067,jpeg_q75,-12.056097984313965
gen_001070,jpeg_q75,-8.610690116882324
gen_001073,jpeg_q75,-11.070390701293945
gen_001076,jpeg_q75,-17.348064422607422
gen_001079,jpeg_q75,-7.35800313949585
gen_001082,jpeg_q75,-10.46776294708252
gen_001085,jpeg_q75,0.2503904700279236
gen_001088,jpeg_q75,-9.970419883728027
gen_001091,jpeg_q75,-17.126415252685547
gen_001094,jpeg_q75,-13.389233589172363
gen_001097,jpeg_q75,-12.27510929107666
gen_001153,jpeg_q75,-14.631442070007324
gen_001156,jpeg_q75,-13.607954978942871
gen_001159,jpeg_q75,-11.486388206481934
gen_001162,jpeg_q75,-12.887789726257324
gen_001165,jpeg_q75,-12.697371482849121
gen_001168,jpeg_q75,-12.2977876663208
gen_001171,jpeg_q75,-10.628483772277832
gen_001174,jpeg_q75,-11.898344993591309
gen_001177,jpeg_q75,-8.977112770080566
gen_001180,jpeg_q75,-10.432317733764648
gen_001183,jpeg_q75,-10.579062461853027
gen_001186,jpeg_q75,-11.251638412475586
gen_001189,jpeg_q75,-6.815457820892334
gen_001192,jpeg_q75,-10.919551849365234
gen_001195,jpeg_q75,-3.740007162094116
gen_001198,jpeg_q75,-12.061070442199707
gen_001201,jpeg_q75,-7.318356990814209
gen_001204,jpeg_q75,-9.11513900756836
gen_001207,jpeg_q75,-5.538786888122559
gen_001210,jpeg_q75,-11.689591407775879
gen_001213,jpeg_q75,-7.903566837310791
gen_001216,jpeg_q75,-10.769124984741211
gen_001272,jpeg_q75,-6.965605735778809
gen_001275,jpeg_q75,-7.425413608551025
gen_001278,jpeg_q75,-4.440609931945801
gen_001281,jpeg_q75,-8.553496360778809
gen_001284,jpeg_q75,-8.074487686157227
gen_001287,jpeg_q75,-10.447142601013184
gen_001290,jpeg_q75,-5.1432623863220215
gen_001293,jpeg_q75,-7.612919807434082
gen_001296,jpeg_q75,-6.835914611816406
gen_001299,jpeg_q75,-11.821930885314941
gen_001302,jpeg_q75,-8.39062786102295
gen_001305,jpeg_q75,-5.204553127288818
gen_001308,jpeg_q75,-9.943053245544434
gen_001311,jpeg_q75,-10.68343448638916
gen_001314,jpeg_q75,-14.195959091186523
gen_001317,jpeg_q75,-9.567179679870605
gen_001320,jpeg_q75,-9.38211441040039
gen_001323,jpeg_q75,-9.483660697937012
gen_001326,jpeg_q75,-8.79369831085205
gen_001329,jpeg_q75,-2.50461483001709
gen_001332,jpeg_q75,-6.188061714172363
gen_001335,jpeg_q75,-7.9734697341918945
gen_001391,jpeg_q75,-14.219008445739746
gen_001394,jpeg_q75,-9.380080223083496
gen_001397,jpeg_q75,-2.4717845916748047
gen_001400,jpeg_q75,-9.091172218322754
gen_001403,jpeg_q75,-16.154966354370117
gen_001406,jpeg_q75,-10.379229545593262
gen_001409,jpeg_q75,2.547755002975464
gen_001412,jpeg_q75,-6.298094749450684
gen_001415,jpeg_q75,-12.179646492004395
gen_001418,jpeg_q75,-11.2586088180542
gen_001421,jpeg_q75,-7.168184280395508
gen_001424,jpeg_q75,-12.794421195983887
gen_001427,jpeg_q75,-12.034172058105469
gen_001430,jpeg_q75,-9.864311218261719
gen_001433,jpeg_q75,-8.253887176513672
gen_001436,jpeg_q75,-13.142101287841797
gen_001439,jpeg_q75,-5.644553184509277
gen_001442,jpeg_q75,-9.558836936950684
gen_001445,jpeg_q75,-18.414474487304688
gen_001448,jpeg_q75,-8.095226287841797
gen_001451,jpeg_q75,-11.571571350097656
gen_001454,jpeg_q75,-10.989169120788574
gen_001510,jpeg_q75,-4.45318603515625
gen_001513,jpeg_q75,-14.895031929016113
gen_001516,jpeg_q75,-14.11341667175293
gen_001519,jpeg_q75,-10.2261381149292
gen_001522,jpeg_q75,-3.938782215118408
gen_001525,jpeg_q75,-11.893834114074707
gen_001528,jpeg_q75,-12.838299751281738
gen_001531,jpeg_q75,-9.545964241027832
gen_001534,jpeg_q75,-7.725915908813477
gen_001537,jpeg_q75,-5.298799514770508
gen_001540,jpeg_q75,-7.95109224319458
gen_001543,jpeg_q75,-13.811745643615723
gen_001546,jpeg_q75,-11.016761779785156
gen_001549,jpeg_q75,-13.52514934539795
gen_001552,jpeg_q75,-8.236250877380371
gen_001555,jpeg_q75,-7.615736961364746
gen_001558,jpeg_q75,-10.955672264099121
gen_001561,jpeg_q75,-0.723764181137085
gen_001564,jpeg_q75,-11.170370101928711
gen_001567,jpeg_q75,-12.562822341918945
gen_001570,jpeg_q75,-10.09522533416748
gen_001573,jpeg_q75,-13.244954109191895
gen_001629,jpeg_q75,-14.272561073303223
gen_001632,jpeg_q75,-12.507887840270996
gen_001635,jpeg_q75,-13.729448318481445
gen_001638,jpeg_q75,-13.880702018737793
gen_001641,jpeg_q75,-8.860074043273926
gen_001644,jpeg_q75,-10.848893165588379
gen_001647,jpeg_q75,-9.441798210144043
gen_001650,jpeg_q75,-13.187417030334473
gen_001653,jpeg_q75,-9.920323371887207
gen_001656,jpeg_q75,-12.48837947845459
gen_001659,jpeg_q75,-17.878469467163086
gen_001662,jpeg_q75,-10.572534561157227
gen_001665,jpeg_q75,-14.120823860168457
gen_001668,jpeg_q75,-10.617229461669922
gen_001671,jpeg_q75,-14.412964820861816
gen_001674,jpeg_q75,-10.245682716369629
gen_001677,jpeg_q75,-9.106968879699707
gen_001680,jpeg_q75,-11.447823524475098
gen_001683,jpeg_q75,-8.350074768066406
gen_001686,jpeg_q75,-9.691664695739746
gen_001689,jpeg_q75,-9.902491569519043
gen_001692,jpeg_q75,-17.735055923461914
gen_001748,jpeg_q75,-15.969869613647461
gen_001751,jpeg_q75,-14.557963371276855
gen_001754,jpeg_q75,-16.71083641052246
gen_001757,jpeg_q75,-13.148097038269043
gen_001760,jpeg_q75,-15.544917106628418
gen_001763,jpeg_q75,-10.609042167663574
gen_001766,jpeg_q75,-14.808831214904785
gen_001769,jpeg_q75,-13.910883903503418
gen_001772,jpeg_q75,-17.697355270385742
gen_001775,jpeg_q75,-11.350205421447754
gen_001778,jpeg_q75,-16.01752281188965
gen_001781,jpeg_q75,-8.943309783935547
gen_001784,jpeg_q75,-13.210482597351074
gen_001787,jpeg_q75,-13.94776439666748
gen_001790,jpeg_q75,-12.334731101989746
gen_001793,jpeg_q75,-9.1499662399292
gen_001796,jpeg_q75,-14.792184829711914
gen_001799,jpeg_q75,-14.208660125732422
gen_001802,jpeg_q75,-13.670605659484863
gen_001805,jpeg_q75,-11.89011001586914
gen_001808,jpeg_q75,-11.741185188293457
gen_001811,jpeg_q75,-13.404921531677246
gen_001867,jpeg_q75,-19.180997848510742
gen_001870,jpeg_q75,-11.840291976928711
gen_001873,jpeg_q75,-13.015650749206543
gen_001876,jpeg_q75,-13.375006675720215
gen_001879,jpeg_q75,-13.815825462341309
gen_001882,jpeg_q75,-12.627463340759277
gen_001885,jpeg_q75,-12.189955711364746
gen_001888,jpeg_q75,-7.712676048278809
gen_001891,jpeg_q75,-13.722485542297363
gen_001894,jpeg_q75,-13.043103218078613
gen_001897,jpeg_q75,-7.345643997192383
gen_001900,jpeg_q75,-10.721602439880371
gen_001903,jpeg_q75,-7.846712112426758
gen_001906,jpeg_q75,-18.179555892944336
gen_001909,jpeg_q75,-6.741809368133545
gen_001912,jpeg_q75,-10.476158142089844
gen_001915,jpeg_q75,-15.51811695098877
gen_001918,jpeg_q75,-17.208818435668945
gen_001921,jpeg_q75,-5.9847283363342285
gen_001924,jpeg_q75,-14.399518013000488
gen_001927,jpeg_q75,-9.108979225158691
gen_001930,jpeg_q75,-9.296603202819824
gen_001986,jpeg_q75,-7.386828899383545
gen_001989,jpeg_q75,-15.838878631591797
gen_001992,jpeg_q75,-15.649121284484863
gen_001995,jpeg_q75,-8.672445297241211
gen_001998,jpeg_q75,-10.10268783569336
gen_002001,jpeg_q75,-17.132204055786133
gen_002004,jpeg_q75,-14.46008014678955
gen_002007,jpeg_q75,-10.414698600769043
gen_002010,jpeg_q75,-8.15021800994873
gen_002013,jpeg_q75,-14.128369331359863
gen_002016,jpeg_q75,-8.16715145111084
gen_002019,jpeg_q75,-9.509779930114746
gen_002022,jpeg_q75,-14.930254936218262
gen_002025,jpeg_q75,-13.330570220947266
gen_002028,jpeg_q75,-11.012335777282715
gen_002031,jpeg_q75,-9.647551536560059
gen_002034,jpeg_q75,-10.495644569396973
gen_002037,jpeg_q75,-8.879475593566895
gen_002040,jpeg_q75,-9.471512794494629
gen_002043,jpeg_q75,-11.495528221130371
gen_002046,jpeg_q75,-14.70559310913086
gen_002049,jpeg_q75,-7.8695197105407715
gen_002105,jpeg_q75,-14.471014976501465
gen_002108,jpeg_q75,-11.842684745788574
gen_002111,jpeg_q75,-12.334364891052246
gen_002114,jpeg_q75,-10.78567886352539
gen_002117,jpeg_q75,-11.356096267700195
gen_002120,jpeg_q75,-13.381241798400879
gen_002123,jpeg_q75,-10.525862693786621
gen_002126,jpeg_q75,-13.054980278015137
gen_002129,jpeg_q75,-8.296232223510742
gen_002132,jpeg_q75,-12.612135887145996
gen_002135,jpeg_q75,-15.844799995422363
gen_002138,jpeg_q75,-8.615167617797852
gen_002141,jpeg_q75,-15.347914695739746
gen_002144,jpeg_q75,-14.238717079162598
gen_002147,jpeg_q75,-12.624781608581543
gen_002150,jpeg_q75,-9.401799201965332
gen_002153,jpeg_q75,-8.209794044494629
gen_002156,jpeg_q75,-9.744555473327637
gen_002159,jpeg_q75,-14.485507011413574
gen_002162,jpeg_q75,-10.891435623168945
gen_002165,jpeg_q75,-7.536974906921387
gen_002168,jpeg_q75,-14.646869659423828
gen_002224,jpeg_q75,-14.25568675994873
gen_002227,jpeg_q75,-11.027134895324707
gen_002230,jpeg_q75,-14.434554100036621
gen_002233,jpeg_q75,-13.013158798217773
gen_002236,jpeg_q75,-13.55793571472168
gen_002239,jpeg_q75,-15.687594413757324
gen_002242,jpeg_q75,-12.748422622680664
gen_002245,jpeg_q75,-11.979209899902344
gen_002248,jpeg_q75,-17.465482711791992
gen_002251,jpeg_q75,-8.156638145446777
gen_002254,jpeg_q75,-12.77153491973877
gen_002257,jpeg_q75,-14.494671821594238
gen_002260,jpeg_q75,-9.674656867980957
gen_002263,jpeg_q75,-13.492640495300293
gen_002266,jpeg_q75,-12.35488224029541
gen_002269,jpeg_q75,-14.52232837677002
gen_002272,jpeg_q75,-14.999466896057129
gen_002275,jpeg_q75,-9.995587348937988
gen_002278,jpeg_q75,-6.3018646240234375
gen_002281,jpeg_q75,-8.809066772460938
gen_002284,jpeg_q75,-13.822525978088379
gen_002287,jpeg_q75,-14.017539024353027
gen_002343,jpeg_q75,-12.713211059570312
gen_002346,jpeg_q75,-12.896570205688477
gen_002349,jpeg_q75,-12.374724388122559
gen_002352,jpeg_q75,-13.945843696594238
gen_002355,jpeg_q75,-12.718888282775879
gen_002358,jpeg_q75,-11.294958114624023
gen_002361,jpeg_q75,-14.10647201538086
gen_002364,jpeg_q75,-9.012131690979004
gen_002367,jpeg_q75,-12.987357139587402
gen_002370,jpeg_q75,-11.913313865661621
gen_002373,jpeg_q75,-11.48117446899414
gen_002376,jpeg_q75,-11.126243591308594
gen_002379,jpeg_q75,-15.046067237854004
gen_002382,jpeg_q75,-12.846047401428223
gen_002385,jpeg_q75,-15.396224021911621
gen_002388,jpeg_q75,-10.118800163269043
gen_002391,jpeg_q75,-17.87601661682129
gen_002394,jpeg_q75,-15.253947257995605
gen_002397,jpeg_q75,-7.1112141609191895
gen_002400,jpeg_q75,-10.465810775756836
gen_002403,jpeg_q75,-13.273807525634766
gen_002406,jpeg_q75,-13.662508010864258
gen_002462,jpeg_q75,-11.66671371459961
gen_002465,jpeg_q75,-11.580696105957031
gen_002468,jpeg_q75,-16.61496925354004
gen_002471,jpeg_q75,-3.4692556858062744
gen_002474,jpeg_q75,-8.890652656555176
gen_002477,jpeg_q75,-15.08373737335205
gen_002480,jpeg_q75,-19.652931213378906
gen_002483,jpeg_q75,-8.123981475830078
gen_002486,jpeg_q75,-9.207026481628418
gen_002489,jpeg_q75,-17.832429885864258
gen_002492,jpeg_q75,-9.768260955810547
gen_002495,jpeg_q75,-11.552260398864746
gen_002498,jpeg_q75,-14.861924171447754
gen_002501,jpeg_q75,-16.080684661865234
gen_002504,jpeg_q75,-13.887845993041992
gen_002507,jpeg_q75,-10.28764820098877
gen_002510,jpeg_q75,-14.294217109680176
gen_002513,jpeg_q75,-8.803033828735352
gen_002516,jpeg_q75,-11.77956485748291
gen_002519,jpeg_q75,-14.039807319641113
gen_002522,jpeg_q75,-18.876832962036133
gen_002525,jpeg_q75,-14.794210433959961
gen_000500,jpeg_q75,-9.649548530578613
gen_000501,jpeg_q75,-11.370427131652832
gen_000502,jpeg_q75,-9.042194366455078
gen_000503,jpeg_q75,-11.783350944519043
gen_000504,jpeg_q75,-2.0886709690093994
gen_000505,jpeg_q75,-6.855576038360596
gen_000506,jpeg_q75,-11.215978622436523
gen_000507,jpeg_q75,-9.216540336608887
gen_000508,jpeg_q75,-13.392436027526855
gen_000509,jpeg_q75,-1.7970945835113525
gen_000510,jpeg_q75,-9.368130683898926
gen_000511,jpeg_q75,-4.498589038848877
gen_000512,jpeg_q75,-6.983652114868164
gen_000513,jpeg_q75,-9.813826560974121
gen_000514,jpeg_q75,-9.719805717468262
gen_000515,jpeg_q75,-16.19637107849121
gen_000516,jpeg_q75,-11.950185775756836
gen_000517,jpeg_q75,-14.77990436553955
gen_000518,jpeg_q75,-12.594745635986328
gen_000519,jpeg_q75,-7.7650251388549805
gen_000520,jpeg_q75,-8.245938301086426
gen_000521,jpeg_q75,-6.812524795532227
gen_000522,jpeg_q75,-14.398943901062012
gen_000523,jpeg_q75,-3.843794584274292
gen_000524,jpeg_q75,-11.693228721618652
gen_000525,jpeg_q75,-7.241368293762207
gen_000526,jpeg_q75,-5.952969074249268
gen_000527,jpeg_q75,-9.674103736877441
gen_000528,jpeg_q75,-9.18380069732666
gen_000529,jpeg_q75,-14.360753059387207
gen_000530,jpeg_q75,-9.634421348571777
gen_000531,jpeg_q75,-7.3236236572265625
gen_000532,jpeg_q75,-7.3118672370910645
gen_000533,jpeg_q75,-3.4646549224853516
gen_000534,jpeg_q75,-11.69870376586914
gen_000535,jpeg_q75,-10.113604545593262
gen_000536,jpeg_q75,-11.816736221313477
gen_000537,jpeg_q75,-6.176326274871826
gen_000538,jpeg_q75,-13.387182235717773
gen_000539,jpeg_q75,-6.177860736846924
gen_000540,jpeg_q75,-6.432247161865234
gen_000541,jpeg_q75,-10.212250709533691
gen_000542,jpeg_q75,-11.006726264953613
gen_000543,jpeg_q75,-3.295928716659546
gen_000544,jpeg_q75,-8.11153507232666
gen_000545,jpeg_q75,-12.115450859069824
gen_000546,jpeg_q75,-3.7493529319763184
gen_000547,jpeg_q75,1.3226678371429443
gen_000548,jpeg_q75,-9.84247875213623
gen_000549,jpeg_q75,-2.1848502159118652
gen_000550,jpeg_q75,-4.900390625
gen_000551,jpeg_q75,-1.183160424232483
gen_000552,jpeg_q75,-9.513859748840332
gen_000553,jpeg_q75,-9.296771049499512
gen_000554,jpeg_q75,-4.744042873382568
gen_000555,jpeg_q75,-9.991227149963379
gen_000556,jpeg_q75,-5.0700178146362305
gen_000557,jpeg_q75,-7.524532794952393
gen_000558,jpeg_q75,-9.099468231201172
gen_000559,jpeg_q75,-14.618600845336914
gen_000560,jpeg_q75,-11.198054313659668
gen_000561,jpeg_q75,-3.0335233211517334
gen_000562,jpeg_q75,-9.348288536071777
gen_000563,jpeg_q75,-12.824868202209473
gen_000564,jpeg_q75,-11.803874015808105
gen_000565,jpeg_q75,-6.7249650955200195
gen_000566,jpeg_q75,-10.904600143432617
gen_000567,jpeg_q75,-10.575581550598145
gen_000568,jpeg_q75,-11.849408149719238
gen_000569,jpeg_q75,-8.843111038208008
gen_000570,jpeg_q75,-11.619452476501465
gen_000571,jpeg_q75,-7.460901260375977
gen_000572,jpeg_q75,-7.770718097686768
gen_000573,jpeg_q75,-14.10457992553711
gen_000574,jpeg_q75,-12.448332786560059
gen_000575,jpeg_q75,-15.19306468963623
gen_000576,jpeg_q75,-3.7401540279388428
gen_000577,jpeg_q75,-15.945927619934082
gen_000578,jpeg_q75,-8.222204208374023
gen_000579,jpeg_q75,-4.239057540893555
gen_000580,jpeg_q75,-9.000679969787598
gen_000581,jpeg_q75,0.1095355749130249
gen_000582,jpeg_q75,-15.751768112182617
gen_000583,jpeg_q75,-14.496045112609863
gen_000584,jpeg_q75,-8.420699119567871
gen_000585,jpeg_q75,-8.298799514770508
gen_000586,jpeg_q75,-12.387608528137207
gen_000587,jpeg_q75,-11.664167404174805
gen_000588,jpeg_q75,-11.303190231323242
gen_000589,jpeg_q75,-15.023847579956055
gen_000590,jpeg_q75,-9.05055046081543
gen_000591,jpeg_q75,-8.503291130065918
gen_000592,jpeg_q75,-16.511457443237305
gen_000593,jpeg_q75,-5.540912628173828
gen_000594,jpeg_q75,-14.350220680236816
gen_000595,jpeg_q75,-10.54340648651123
gen_000596,jpeg_q75,-11.61595630645752
gen_000597,jpeg_q75,-14.093914031982422
gen_000598,jpeg_q75,-9.522696495056152
gen_000599,jpeg_q75,-1.2831400632858276
gen_000600,jpeg_q75,-3.666592836380005
gen_000601,jpeg_q75,-12.944877624511719
gen_000602,jpeg_q75,-8.797919273376465
gen_000603,jpeg_q75,-5.727838516235352
gen_000604,jpeg_q75,-4.004462242126465
gen_000605,jpeg_q75,-7.387195587158203
gen_000606,jpeg_q75,-9.058945655822754
gen_000607,jpeg_q75,-18.793481826782227
gen_000608,jpeg_q75,-5.471914768218994
gen_000609,jpeg_q75,-6.629722595214844
gen_000610,jpeg_q75,-8.124502182006836
gen_000611,jpeg_q75,-11.948187828063965
gen_000612,jpeg_q75,-9.031628608703613
gen_000613,jpeg_q75,-8.725279808044434
gen_000614,jpeg_q75,-10.230814933776855
gen_000615,jpeg_q75,-8.25247573852539
gen_000616,jpeg_q75,-9.963727951049805
gen_000617,jpeg_q75,-11.132845878601074
gen_000618,jpeg_q75,-10.627240180969238
gen_000619,jpeg_q75,-1.4687402248382568
gen_000620,jpeg_q75,-12.543156623840332
gen_000621,jpeg_q75,-10.59177303314209
gen_000622,jpeg_q75,-6.809572219848633
gen_000623,jpeg_q75,-15.914620399475098
gen_002528,jpeg_q75,-10.280025482177734
gen_002529,jpeg_q75,-10.775566101074219
gen_002530,jpeg_q75,-12.228903770446777
gen_002531,jpeg_q75,-8.428808212280273
gen_002532,jpeg_q75,-3.018958330154419
gen_002533,jpeg_q75,-2.8181111812591553
gen_002534,jpeg_q75,-13.03297233581543
gen_002535,jpeg_q75,-8.76319694519043
gen_002536,jpeg_q75,-14.886092185974121
gen_002537,jpeg_q75,-2.997756242752075
gen_002538,jpeg_q75,-9.717947959899902
gen_002539,jpeg_q75,-9.416223526000977
gen_002540,jpeg_q75,-11.790423393249512
gen_002541,jpeg_q75,-3.758928060531616
gen_002542,jpeg_q75,-11.745404243469238
gen_002543,jpeg_q75,-0.4928790330886841
gen_002544,jpeg_q75,-10.57431697845459
gen_002545,jpeg_q75,-12.62619686126709
gen_002546,jpeg_q75,-6.170499801635742
gen_002547,jpeg_q75,-7.364314556121826
gen_002548,jpeg_q75,-4.75756311416626
gen_002549,jpeg_q75,-7.93665885925293
gen_002550,jpeg_q75,-2.9779813289642334
gen_002551,jpeg_q75,-12.828742980957031
gen_002552,jpeg_q75,-8.79411506652832
gen_002553,jpeg_q75,-6.179538726806641
gen_002554,jpeg_q75,-6.060925483703613
gen_002555,jpeg_q75,-14.851037979125977
gen_002556,jpeg_q75,-14.04375171661377
gen_002557,jpeg_q75,-2.3669674396514893
gen_002558,jpeg_q75,-13.325455665588379
gen_002559,jpeg_q75,-8.905903816223145
gen_002560,jpeg_q75,-10.410079956054688
gen_002561,jpeg_q75,-9.583497047424316
gen_002562,jpeg_q75,-8.161861419677734
gen_002563,jpeg_q75,-9.85113525390625
gen_002564,jpeg_q75,-8.094988822937012
gen_002565,jpeg_q75,-6.2992119789123535
gen_002566,jpeg_q75,-6.922637939453125
gen_002567,jpeg_q75,-4.787077903747559
gen_002568,jpeg_q75,-11.248466491699219
gen_002569,jpeg_q75,-11.994455337524414
gen_002570,jpeg_q75,-12.299774169921875
gen_002571,jpeg_q75,-16.67962074279785
gen_002572,jpeg_q75,-15.077424049377441
gen_002573,jpeg_q75,-10.630834579467773
gen_002574,jpeg_q75,-5.349541187286377
gen_002575,jpeg_q75,-15.296525001525879
gen_002576,jpeg_q75,-12.898940086364746
gen_002577,jpeg_q75,-7.105983734130859
gen_002578,jpeg_q75,-9.971116065979004
gen_002579,jpeg_q75,-5.2419328689575195
gen_002580,jpeg_q75,-12.039212226867676
gen_002581,jpeg_q75,-11.508109092712402
gen_002582,jpeg_q75,-9.169751167297363
gen_002583,jpeg_q75,-6.528454780578613
gen_002584,jpeg_q75,-13.147612571716309
gen_002585,jpeg_q75,-10.73681926727295
gen_002586,jpeg_q75,-13.695639610290527
gen_002587,jpeg_q75,-10.888296127319336
gen_002588,jpeg_q75,-10.33578872680664
gen_002589,jpeg_q75,-4.253186225891113
gen_002590,jpeg_q75,-10.896549224853516
gen_002591,jpeg_q75,-10.665146827697754
gen_002592,jpeg_q75,-8.532123565673828
gen_002593,jpeg_q75,-9.503287315368652
gen_002594,jpeg_q75,-9.432600021362305
gen_002595,jpeg_q75,-2.6152687072753906
gen_002596,jpeg_q75,-11.068605422973633
gen_002597,jpeg_q75,-10.415898323059082
gen_002598,jpeg_q75,-9.615447044372559
gen_002599,jpeg_q75,-8.291631698608398
gen_002600,jpeg_q75,-13.056953430175781
gen_002601,jpeg_q75,-10.35058879852295
gen_002602,jpeg_q75,-10.348884582519531
gen_002603,jpeg_q75,-6.862565994262695
gen_002604,jpeg_q75,-17.901803970336914
gen_002605,jpeg_q75,-12.666908264160156
gen_002606,jpeg_q75,-9.357979774475098
gen_002607,jpeg_q75,-9.420817375183105
gen_002608,jpeg_q75,-15.693611145019531
gen_002609,jpeg_q75,-8.523786544799805
gen_002610,jpeg_q75,-11.25343132019043
gen_002611,jpeg_q75,-15.243484497070312
gen_002612,jpeg_q75,-16.318099975585938
gen_002613,jpeg_q75,-10.200020790100098
gen_002614,jpeg_q75,-1.4101754426956177
gen_002615,jpeg_q75,-14.545098304748535
gen_002616,jpeg_q75,-6.356295585632324
gen_002617,jpeg_q75,-2.772306442260742
gen_002618,jpeg_q75,-4.462316513061523
gen_002619,jpeg_q75,-6.120343208312988
gen_002620,jpeg_q75,-13.370026588439941
gen_002621,jpeg_q75,-8.365297317504883
gen_002622,jpeg_q75,-10.749406814575195
gen_002623,jpeg_q75,-13.54596996307373
gen_002624,jpeg_q75,-7.688736915588379
gen_002625,jpeg_q75,-6.524401664733887
gen_002626,jpeg_q75,-13.108633995056152
gen_002627,jpeg_q75,-4.721780776977539
gen_002628,jpeg_q75,-9.645626068115234
gen_002629,jpeg_q75,-9.389347076416016
gen_002630,jpeg_q75,-11.008030891418457
gen_002631,jpeg_q75,-8.492779731750488
gen_002632,jpeg_q75,-5.292993068695068
gen_002633,jpeg_q75,-2.4094295501708984
gen_002634,jpeg_q75,-10.863271713256836
gen_002635,jpeg_q75,-7.418084144592285
gen_002636,jpeg_q75,-1.6023808717727661
gen_002637,jpeg_q75,-14.26038932800293
gen_002638,jpeg_q75,-8.472716331481934
gen_002639,jpeg_q75,-3.552625894546509
gen_002640,jpeg_q75,-4.252162933349609
gen_002641,jpeg_q75,-8.998628616333008
gen_002642,jpeg_q75,-6.994429588317871
gen_002643,jpeg_q75,-11.002161979675293
gen_002644,jpeg_q75,-10.353009223937988
gen_002645,jpeg_q75,-6.971445083618164
gen_002646,jpeg_q75,-9.739933967590332
gen_002647,jpeg_q75,-2.5467612743377686
gen_002648,jpeg_q75,-8.5133638381958
gen_002649,jpeg_q75,-7.982046127319336
gen_002650,jpeg_q75,-2.5914523601531982
gen_002651,jpeg_q75,-14.697529792785645
gen_002652,jpeg_q75,-7.603390216827393
gen_002653,jpeg_q75,-6.545951843261719
gen_002654,jpeg_q75,-7.711142063140869
gen_002655,jpeg_q75,-3.517852306365967
gen_002656,jpeg_q75,-10.765643119812012
gen_002657,jpeg_q75,-4.525028228759766
gen_002658,jpeg_q75,-7.454690933227539
gen_002659,jpeg_q75,-9.503988265991211
gen_002660,jpeg_q75,-15.87182331085205
gen_002661,jpeg_q75,-8.858782768249512
gen_002662,jpeg_q75,-6.885866165161133
gen_002663,jpeg_q75,-7.490132808685303
gen_002664,jpeg_q75,-14.937387466430664
gen_002665,jpeg_q75,-6.494407653808594
gen_002666,jpeg_q75,-8.459981918334961
gen_002667,jpeg_q75,-4.977914810180664
gen_002668,jpeg_q75,-3.5709478855133057
gen_002669,jpeg_q75,-8.744093894958496
gen_002670,jpeg_q75,-10.353611946105957
gen_002671,jpeg_q75,0.8748475313186646
gen_002672,jpeg_q75,-9.079733848571777
gen_002673,jpeg_q75,-1.8464068174362183
gen_002674,jpeg_q75,-7.9834394454956055
gen_002675,jpeg_q75,-2.8997740745544434
gen_002676,jpeg_q75,-8.758645057678223
gen_002677,jpeg_q75,0.21296387910842896
gen_002678,jpeg_q75,-5.205760955810547
gen_002679,jpeg_q75,3.0069825649261475
gen_002680,jpeg_q75,-5.903049468994141
gen_002681,jpeg_q75,-4.1028151512146
gen_002682,jpeg_q75,-2.57185697555542
gen_002683,jpeg_q75,-3.7021429538726807
gen_002684,jpeg_q75,-10.418378829956055
gen_002685,jpeg_q75,-11.150635719299316
gen_002686,jpeg_q75,-2.0459792613983154
gen_002687,jpeg_q75,-2.2726690769195557
gen_002688,jpeg_q75,-7.049988746643066
gen_002689,jpeg_q75,-9.451905250549316
gen_002690,jpeg_q75,-11.182347297668457
gen_002691,jpeg_q75,-6.886624336242676
gen_002692,jpeg_q75,-6.661541938781738
gen_002693,jpeg_q75,-0.4626346230506897
gen_002694,jpeg_q75,-10.610906600952148
gen_002695,jpeg_q75,-10.927567481994629
gen_002696,jpeg_q75,-5.351593017578125
gen_002697,jpeg_q75,-4.627678871154785
gen_002698,jpeg_q75,-5.212622165679932
gen_002699,jpeg_q75,-7.3487653732299805
gen_002700,jpeg_q75,-4.344181537628174
gen_002701,jpeg_q75,-0.5523420572280884
gen_002702,jpeg_q75,-5.163625717163086
gen_002703,jpeg_q75,-10.214978218078613
gen_002704,jpeg_q75,-10.610800743103027
gen_002705,jpeg_q75,-6.779344081878662
gen_002706,jpeg_q75,-7.947421073913574
gen_002707,jpeg_q75,-12.19204330444336
gen_002708,jpeg_q75,-6.656832695007324
gen_002709,jpeg_q75,-5.284660339355469
gen_002710,jpeg_q75,-8.896367073059082
gen_002711,jpeg_q75,-4.741267681121826
gen_002712,jpeg_q75,-12.5339994430542
gen_002713,jpeg_q75,-0.7829035520553589
gen_002714,jpeg_q75,-7.689516544342041
gen_002715,jpeg_q75,-6.855403900146484
gen_002716,jpeg_q75,-12.40996265411377
gen_002717,jpeg_q75,-7.066050052642822
gen_002718,jpeg_q75,-4.851738452911377
gen_002719,jpeg_q75,-8.587767601013184
gen_002720,jpeg_q75,-2.983449697494507
gen_002721,jpeg_q75,-3.44394850730896
gen_002722,jpeg_q75,-7.91456937789917
gen_002723,jpeg_q75,0.9295214414596558
gen_002724,jpeg_q75,-10.780590057373047
gen_002725,jpeg_q75,-9.617143630981445
gen_002726,jpeg_q75,-12.938606262207031
gen_002727,jpeg_q75,4.344148635864258
gen_002728,jpeg_q75,-3.9884541034698486
gen_002729,jpeg_q75,-10.494261741638184
gen_002730,jpeg_q75,-7.8330817222595215
gen_002731,jpeg_q75,1.3271067142486572
gen_002732,jpeg_q75,-10.900773048400879
gen_002733,jpeg_q75,-8.510157585144043
gen_002734,jpeg_q75,-7.807162761688232
gen_002735,jpeg_q75,-10.771634101867676
gen_002736,jpeg_q75,1.6314224004745483
gen_002737,jpeg_q75,-5.529456615447998
gen_002738,jpeg_q75,3.172464370727539
gen_002739,jpeg_q75,-12.26752758026123
gen_002740,jpeg_q75,-9.784655570983887
gen_002741,jpeg_q75,-9.721636772155762
gen_002742,jpeg_q75,-7.198918342590332
gen_002743,jpeg_q75,-10.917102813720703
gen_002744,jpeg_q75,-1.357027530670166
gen_002745,jpeg_q75,-9.516815185546875
gen_002746,jpeg_q75,-3.5255959033966064
gen_002747,jpeg_q75,-8.292293548583984
gen_002748,jpeg_q75,-15.380670547485352
gen_002749,jpeg_q75,-2.682813882827759
gen_002750,jpeg_q75,-8.511897087097168
gen_002751,jpeg_q75,-8.236539840698242
gen_002752,jpeg_q75,-8.389230728149414
gen_002753,jpeg_q75,-0.8167431354522705
gen_002754,jpeg_q75,-7.512540340423584
gen_002755,jpeg_q75,-4.686509132385254
gen_002756,jpeg_q75,-5.928510665893555
gen_002757,jpeg_q75,-3.4729843139648438
gen_002758,jpeg_q75,-6.227218151092529
gen_002759,jpeg_q75,1.5524961948394775
gen_002760,jpeg_q75,-8.173632621765137
gen_002761,jpeg_q75,-1.1133143901824951
gen_002762,jpeg_q75,-4.081812858581543
gen_002763,jpeg_q75,-14.811684608459473
gen_002764,jpeg_q75,-5.753177642822266
gen_002765,jpeg_q75,-7.629944324493408
gen_002766,jpeg_q75,-9.287144660949707
gen_002767,jpeg_q75,-7.314550399780273
gen_002768,jpeg_q75,-6.107592582702637
gen_002769,jpeg_q75,-10.132884979248047
gen_002770,jpeg_q75,-13.032538414001465
gen_002771,jpeg_q75,-5.066920280456543
gen_002772,jpeg_q75,-6.879053115844727
gen_002773,jpeg_q75,-6.694502830505371
gen_002774,jpeg_q75,-13.164740562438965
gen_002775,jpeg_q75,-14.818950653076172
gen_002776,jpeg_q75,-6.574092388153076
gen_002777,jpeg_q75,-14.80855655670166
gen_002778,jpeg_q75,-4.659494876861572
gen_002779,jpeg_q75,-14.888589859008789
gen_002780,jpeg_q75,-10.653470993041992
gen_002781,jpeg_q75,-14.36707592010498
gen_002782,jpeg_q75,-10.77207088470459
gen_002783,jpeg_q75,-13.67559814453125
gen_002784,jpeg_q75,-12.932609558105469
gen_002785,jpeg_q75,-10.333861351013184
gen_002786,jpeg_q75,1.5268044471740723
gen_002787,jpeg_q75,-18.819570541381836
gen_002788,jpeg_q75,-12.672871589660645
gen_002789,jpeg_q75,-10.584149360656738
gen_002790,jpeg_q75,-7.850955963134766
gen_002791,jpeg_q75,-7.760517120361328
gen_002792,jpeg_q75,-13.684806823730469
gen_002793,jpeg_q75,-13.245041847229004
gen_002794,jpeg_q75,-11.467621803283691
gen_002795,jpeg_q75,-16.171777725219727
gen_002796,jpeg_q75,-9.217972755432129
gen_002797,jpeg_q75,-9.991440773010254
gen_002798,jpeg_q75,-12.242218017578125
gen_002799,jpeg_q75,-10.944453239440918
gen_002800,jpeg_q75,-16.27272605895996
gen_002801,jpeg_q75,-3.9580860137939453
gen_002802,jpeg_q75,-6.176016807556152
gen_002803,jpeg_q75,-11.96532917022705
gen_002804,jpeg_q75,-9.710838317871094
gen_002805,jpeg_q75,-9.056377410888672
gen_002806,jpeg_q75,-15.389132499694824
gen_002807,jpeg_q75,-6.681308746337891
gen_002808,jpeg_q75,-8.734813690185547
gen_002809,jpeg_q75,-4.215198993682861
gen_002810,jpeg_q75,-8.290034294128418
gen_002811,jpeg_q75,-9.413933753967285
gen_002812,jpeg_q75,-11.777925491333008
gen_002813,jpeg_q75,2.843221664428711
gen_002814,jpeg_q75,-1.491396427154541
gen_002815,jpeg_q75,-9.665915489196777
gen_002816,jpeg_q75,-5.412322044372559
gen_002817,jpeg_q75,-11.234074592590332
gen_002818,jpeg_q75,-9.939970970153809
gen_002819,jpeg_q75,-13.517219543457031
gen_002820,jpeg_q75,-11.51185131072998
gen_002821,jpeg_q75,-12.019548416137695
gen_002822,jpeg_q75,-14.126474380493164
gen_002823,jpeg_q75,-11.254209518432617
gen_002824,jpeg_q75,-10.74487590789795
gen_002825,jpeg_q75,-8.629805564880371
gen_002826,jpeg_q75,-11.053240776062012
gen_002827,jpeg_q75,-7.842495441436768
gen_002828,jpeg_q75,-10.558808326721191
gen_002829,jpeg_q75,-17.06606101989746
gen_002830,jpeg_q75,-12.784138679504395
gen_002831,jpeg_q75,-9.269164085388184
gen_002832,jpeg_q75,-12.644757270812988
gen_002833,jpeg_q75,-2.242785692214966
gen_002834,jpeg_q75,-9.668700218200684
gen_002835,jpeg_q75,-9.278241157531738
gen_002836,jpeg_q75,-10.316703796386719
gen_002837,jpeg_q75,-18.424179077148438
gen_002838,jpeg_q75,-11.598649024963379
gen_002839,jpeg_q75,-5.691872596740723
gen_002840,jpeg_q75,-12.773468971252441
gen_002841,jpeg_q75,-6.198764801025391
gen_002842,jpeg_q75,-9.786005973815918
gen_002843,jpeg_q75,-9.591031074523926
gen_002844,jpeg_q75,-5.363414287567139
gen_002845,jpeg_q75,-10.700762748718262
gen_002846,jpeg_q75,-10.003457069396973
gen_002847,jpeg_q75,-9.719600677490234
gen_002848,jpeg_q75,-9.663329124450684
gen_002849,jpeg_q75,-11.658856391906738
gen_002850,jpeg_q75,-11.668349266052246
gen_002851,jpeg_q75,-14.705338478088379
gen_002852,jpeg_q75,-12.15195369720459
gen_002853,jpeg_q75,-7.785181045532227
gen_002854,jpeg_q75,-8.635445594787598
gen_002855,jpeg_q75,-10.828116416931152
gen_002856,jpeg_q75,-12.478963851928711
gen_002857,jpeg_q75,-8.535056114196777
gen_002858,jpeg_q75,-4.31895637512207
gen_002859,jpeg_q75,-6.668690204620361
gen_002860,jpeg_q75,-12.844331741333008
gen_002861,jpeg_q75,-18.252134323120117
gen_002862,jpeg_q75,-1.2159115076065063
gen_002863,jpeg_q75,-9.573427200317383
gen_002864,jpeg_q75,-10.889260292053223
gen_002865,jpeg_q75,-8.166182518005371
gen_002866,jpeg_q75,-2.227529287338257
gen_002867,jpeg_q75,-9.902565956115723
gen_002868,jpeg_q75,-12.234183311462402
gen_002869,jpeg_q75,-8.575427055358887
gen_002870,jpeg_q75,-8.761310577392578
gen_002871,jpeg_q75,-4.030299186706543
gen_002872,jpeg_q75,-13.203042984008789
gen_002873,jpeg_q75,-6.783381462097168
gen_002874,jpeg_q75,-12.889291763305664
gen_002875,jpeg_q75,-16.822832107543945
gen_002876,jpeg_q75,-7.689756870269775
gen_002877,jpeg_q75,-7.03270959854126
gen_002878,jpeg_q75,-8.59997272491455
gen_002879,jpeg_q75,-8.810650825500488
gen_002880,jpeg_q75,-10.106863975524902
gen_002881,jpeg_q75,-12.388336181640625
gen_002882,jpeg_q75,-9.471375465393066
gen_002883,jpeg_q75,-8.362353324890137
gen_002884,jpeg_q75,-5.996145248413086
gen_002885,jpeg_q75,-10.495575904846191
gen_002886,jpeg_q75,-7.320271968841553
gen_002887,jpeg_q75,-13.984138488769531
gen_002888,jpeg_q75,-13.048955917358398
gen_002889,jpeg_q75,-9.615492820739746
gen_002890,jpeg_q75,-12.019975662231445
gen_002891,jpeg_q75,-14.408635139465332
gen_002892,jpeg_q75,-12.788712501525879
gen_002893,jpeg_q75,-7.915806770324707
gen_002894,jpeg_q75,-6.124763488769531
gen_002895,jpeg_q75,-14.486212730407715
gen_002896,jpeg_q75,-10.94172191619873
gen_002897,jpeg_q75,-10.578533172607422
gen_002898,jpeg_q75,-10.548402786254883
gen_002899,jpeg_q75,-6.975153923034668
gen_002900,jpeg_q75,-6.776542663574219
gen_002901,jpeg_q75,-7.277442455291748
gen_002902,jpeg_q75,-14.113028526306152
gen_002903,jpeg_q75,-7.743569374084473
gen_002904,jpeg_q75,-13.933897018432617
gen_002905,jpeg_q75,-10.833841323852539
gen_002906,jpeg_q75,-11.509764671325684
gen_002907,jpeg_q75,-13.567078590393066
gen_002908,jpeg_q75,-7.671458721160889
gen_002909,jpeg_q75,-12.363884925842285
gen_002910,jpeg_q75,-11.76189136505127
gen_002911,jpeg_q75,-10.944911003112793
gen_002912,jpeg_q75,-3.3038113117218018
gen_002913,jpeg_q75,-12.570470809936523
gen_002914,jpeg_q75,-19.169736862182617
gen_002915,jpeg_q75,-11.341690063476562
gen_002916,jpeg_q75,-10.476393699645996
gen_002917,jpeg_q75,-9.053326606750488
gen_002918,jpeg_q75,-10.938368797302246
gen_002919,jpeg_q75,-12.007542610168457
gen_002920,jpeg_q75,-6.4398908615112305
gen_002921,jpeg_q75,-7.495908260345459
gen_002922,jpeg_q75,-16.818952560424805
gen_002923,jpeg_q75,-10.953872680664062
gen_002924,jpeg_q75,-1.7050985097885132
gen_002925,jpeg_q75,-11.597319602966309
gen_002926,jpeg_q75,-13.96377182006836
gen_002927,jpeg_q75,-14.732561111450195
gen_002928,jpeg_q75,-13.136140823364258
gen_002929,jpeg_q75,-7.202089786529541
gen_002930,jpeg_q75,-11.692595481872559
gen_002931,jpeg_q75,-5.214092254638672
gen_002932,jpeg_q75,-10.575712203979492
gen_002933,jpeg_q75,-12.775293350219727
gen_002934,jpeg_q75,-7.48109769821167
gen_002935,jpeg_q75,-7.961967468261719
gen_002936,jpeg_q75,-5.6327900886535645
gen_002937,jpeg_q75,-8.943799018859863
gen_002938,jpeg_q75,-6.084715843200684
gen_002939,jpeg_q75,-10.164670944213867
gen_002940,jpeg_q75,-13.226755142211914
gen_002941,jpeg_q75,-13.377281188964844
gen_002942,jpeg_q75,-12.8729829788208
gen_002943,jpeg_q75,-11.66734790802002
gen_002944,jpeg_q75,-8.592673301696777
gen_002945,jpeg_q75,-2.765883207321167
gen_002946,jpeg_q75,-6.743959903717041
gen_002947,jpeg_q75,-7.632807731628418
gen_002948,jpeg_q75,-10.381821632385254
gen_002949,jpeg_q75,-15.198144912719727
gen_002950,jpeg_q75,-6.458491802215576
gen_002951,jpeg_q75,-11.556452751159668
gen_002952,jpeg_q75,-11.180212020874023
gen_002953,jpeg_q75,-7.796753883361816
gen_002954,jpeg_q75,-6.2460737228393555
gen_002955,jpeg_q75,-8.90575885772705
gen_002956,jpeg_q75,-12.702645301818848
gen_002957,jpeg_q75,-14.312921524047852
gen_002958,jpeg_q75,-12.338595390319824
gen_002959,jpeg_q75,-1.5767145156860352
gen_002960,jpeg_q75,-8.774642944335938
gen_002961,jpeg_q75,-15.60600471496582
gen_002962,jpeg_q75,-5.051712989807129
gen_002963,jpeg_q75,-12.296540260314941
gen_002964,jpeg_q75,-11.028414726257324
gen_002965,jpeg_q75,-11.574843406677246
gen_002966,jpeg_q75,-15.84254264831543
gen_002967,jpeg_q75,-7.109907627105713
gen_002968,jpeg_q75,-7.766205787658691
gen_002969,jpeg_q75,-12.382570266723633
gen_002970,jpeg_q75,-14.016321182250977
gen_002971,jpeg_q75,-13.328450202941895
gen_002972,jpeg_q75,-10.624839782714844
gen_002973,jpeg_q75,-16.91090202331543
gen_002974,jpeg_q75,-8.570923805236816
gen_002975,jpeg_q75,-6.674485206604004
gen_002976,jpeg_q75,-13.1354398727417
gen_002977,jpeg_q75,-9.658047676086426
gen_002978,jpeg_q75,-11.406359672546387
gen_002979,jpeg_q75,-11.217231750488281
gen_002980,jpeg_q75,-13.254865646362305
gen_002981,jpeg_q75,-8.991982460021973
gen_002982,jpeg_q75,-6.870898246765137
gen_002983,jpeg_q75,-9.432095527648926
gen_002984,jpeg_q75,-15.735085487365723
gen_002985,jpeg_q75,-11.406161308288574
gen_002986,jpeg_q75,-10.482573509216309
gen_002987,jpeg_q75,-5.904787540435791
gen_002988,jpeg_q75,-9.177216529846191
gen_002989,jpeg_q75,-9.493311882019043
gen_002990,jpeg_q75,-10.154817581176758
gen_002991,jpeg_q75,-13.338123321533203
gen_002992,jpeg_q75,-10.386944770812988
gen_002993,jpeg_q75,-4.791348934173584
gen_002994,jpeg_q75,-6.13231086730957
gen_002995,jpeg_q75,-15.691669464111328
gen_002996,jpeg_q75,-8.368189811706543
gen_002997,jpeg_q75,-15.606545448303223
gen_002998,jpeg_q75,-11.466588020324707
gen_002999,jpeg_q75,-13.56946849822998
gen_003000,jpeg_q75,-14.12186336517334
gen_003001,jpeg_q75,-17.872339248657227
gen_003002,jpeg_q75,-14.901895523071289
gen_003003,jpeg_q75,-4.481420993804932
621167,downscale_512,13.032515525817871
780930,downscale_512,7.742884159088135
140859,downscale_512,8.765223503112793
1261919,downscale_512,8.56203556060791
464898,downscale_512,8.98543643951416
1186861,downscale_512,9.554454803466797
797190,downscale_512,12.337746620178223
838263,downscale_512,13.398110389709473
386688,downscale_512,9.951682090759277
1119392,downscale_512,10.451050758361816
647756,downscale_512,2.6287388801574707
948753,downscale_512,8.936326026916504
598864,downscale_512,10.123297691345215
1021263,downscale_512,7.654289722442627
1006155,downscale_512,10.642170906066895
803689,downscale_512,5.375190734863281
908871,downscale_512,6.321958065032959
1056303,downscale_512,14.15157413482666
1244784,downscale_512,10.411826133728027
882202,downscale_512,13.54007625579834
1234200,downscale_512,10.515249252319336
910803,downscale_512,7.819455146789551
794285,downscale_512,6.306987285614014
513457,downscale_512,6.195501804351807
487524,downscale_512,11.268860816955566
384555,downscale_512,2.8023595809936523
383792,downscale_512,9.996407508850098
1122751,downscale_512,11.99942684173584
702818,downscale_512,7.460119247436523
1002337,downscale_512,4.057841777801514
887906,downscale_512,10.17966365814209
707340,downscale_512,7.879868507385254
682959,downscale_512,2.7857115268707275
909903,downscale_512,9.391562461853027
1065005,downscale_512,14.555941581726074
911557,downscale_512,14.387476921081543
1308759,downscale_512,5.156902313232422
396290,downscale_512,3.522247552871704
73290,downscale_512,3.207770824432373
1096035,downscale_512,10.999468803405762
1325559,downscale_512,5.510375022888184
111255,downscale_512,10.53355598449707
871400,downscale_512,15.06350040435791
709252,downscale_512,5.354150295257568
946133,downscale_512,11.2891845703125
394048,downscale_512,9.307393074035645
756306,downscale_512,5.802520751953125
1054374,downscale_512,3.059917449951172
187081,downscale_512,11.853534698486328
1169741,downscale_512,14.149279594421387
1093624,downscale_512,6.834468841552734
581614,downscale_512,6.665940284729004
1220099,downscale_512,13.88364315032959
523014,downscale_512,5.39896297454834
1082948,downscale_512,8.585748672485352
914545,downscale_512,9.624299049377441
831716,downscale_512,6.1985273361206055
104498,downscale_512,7.855233669281006
677599,downscale_512,6.314770698547363
622131,downscale_512,11.093361854553223
937707,downscale_512,18.199033737182617
870960,downscale_512,10.726262092590332
930353,downscale_512,12.959558486938477
778526,downscale_512,10.826019287109375
340069,downscale_512,12.556594848632812
413443,downscale_512,12.301666259765625
1194110,downscale_512,5.7306809425354
211044,downscale_512,12.793381690979004
1311628,downscale_512,12.226439476013184
833367,downscale_512,15.009615898132324
762750,downscale_512,7.592647552490234
393045,downscale_512,7.31606388092041
1345189,downscale_512,10.279623985290527
103264,downscale_512,9.104199409484863
1293881,downscale_512,10.311884880065918
4380,downscale_512,5.587904453277588
507218,downscale_512,6.095494270324707
1152157,downscale_512,11.336763381958008
398197,downscale_512,8.330126762390137
490895,downscale_512,12.500462532043457
188418,downscale_512,7.213557720184326
621652,downscale_512,6.9108171463012695
1291120,downscale_512,12.031550407409668
719945,downscale_512,14.105923652648926
442689,downscale_512,4.943546772003174
947195,downscale_512,6.728676795959473
1052154,downscale_512,17.1085147857666
136770,downscale_512,13.097208023071289
1325443,downscale_512,7.147143363952637
973737,downscale_512,8.727717399597168
539881,downscale_512,8.776528358459473
1267693,downscale_512,8.870397567749023
1227516,downscale_512,12.17822265625
1042236,downscale_512,15.932608604431152
982108,downscale_512,8.436203956604004
437553,downscale_512,11.13165283203125
1219357,downscale_512,10.07014274597168
1322314,downscale_512,8.945601463317871
1014796,downscale_512,4.72581672668457
1100727,downscale_512,4.15446662902832
609380,downscale_512,4.901432037353516
1250833,downscale_512,4.8391594886779785
954884,downscale_512,9.802404403686523
919467,downscale_512,12.491989135742188
1104582,downscale_512,13.513113021850586
465643,downscale_512,8.069375991821289
409465,downscale_512,9.167509078979492
341819,downscale_512,6.022995471954346
981677,downscale_512,9.529624938964844
617987,downscale_512,8.666275024414062
678657,downscale_512,8.236696243286133
462619,downscale_512,8.780314445495605
375308,downscale_512,11.83387279510498
377397,downscale_512,10.760319709777832
355228,downscale_512,4.683097839355469
371987,downscale_512,12.217283248901367
1232525,downscale_512,8.321179389953613
1042574,downscale_512,4.76025390625
769464,downscale_512,10.417988777160645
907321,downscale_512,10.773478507995605
545690,downscale_512,8.45291519165039
1027845,downscale_512,10.491825103759766
953935,downscale_512,13.272101402282715
933466,downscale_512,12.667414665222168
991792,downscale_512,13.150032997131348
764798,downscale_512,11.328079223632812
1087986,downscale_512,4.527521133422852
1108625,downscale_512,9.756726264953613
1113432,downscale_512,11.463850021362305
502810,downscale_512,6.290920734405518
801545,downscale_512,10.411355018615723
309442,downscale_512,5.503864288330078
810874,downscale_512,10.087043762207031
492742,downscale_512,9.456389427185059
1156502,downscale_512,6.904621124267578
711110,downscale_512,8.809242248535156
1033017,downscale_512,7.990068435668945
366482,downscale_512,9.358699798583984
17471,downscale_512,8.325634002685547
835678,downscale_512,12.945897102355957
506162,downscale_512,13.772793769836426
210347,downscale_512,9.811932563781738
926260,downscale_512,12.352657318115234
729712,downscale_512,8.148821830749512
1175004,downscale_512,3.394890546798706
1173478,downscale_512,12.366851806640625
997622,downscale_512,12.126441955566406
372499,downscale_512,8.816201210021973
941251,downscale_512,9.116909980773926
373550,downscale_512,7.067431449890137
213494,downscale_512,10.69851016998291
1300741,downscale_512,10.4314546585083
675794,downscale_512,6.560707092285156
953534,downscale_512,9.214951515197754
1224082,downscale_512,4.749689102172852
1222319,downscale_512,8.829584121704102
704220,downscale_512,5.688802719116211
1070784,downscale_512,6.757765769958496
926714,downscale_512,11.826805114746094
1003809,downscale_512,6.104038238525391
1053076,downscale_512,13.37124252319336
1172949,downscale_512,6.628105163574219
376249,downscale_512,8.077449798583984
949424,downscale_512,9.619033813476562
863183,downscale_512,13.14846134185791
760162,downscale_512,10.942667961120605
1059729,downscale_512,9.471192359924316
897281,downscale_512,7.279415130615234
1311559,downscale_512,3.1675798892974854
754093,downscale_512,9.379868507385254
926101,downscale_512,11.348502159118652
582178,downscale_512,6.987241744995117
1032814,downscale_512,-0.16339194774627686
1233583,downscale_512,7.639835357666016
820570,downscale_512,8.539264678955078
847169,downscale_512,12.198918342590332
986940,downscale_512,10.49677848815918
1152439,downscale_512,13.429865837097168
946010,downscale_512,14.734490394592285
323697,downscale_512,5.2843918800354
764150,downscale_512,10.623286247253418
818509,downscale_512,14.9605131149292
650017,downscale_512,5.766918182373047
1217119,downscale_512,6.90485143661499
1256142,downscale_512,7.759829521179199
841850,downscale_512,6.065199375152588
944543,downscale_512,14.36999225616455
1189369,downscale_512,9.019326210021973
954982,downscale_512,6.815722465515137
1298510,downscale_512,8.910869598388672
509376,downscale_512,4.637467384338379
929233,downscale_512,6.599337577819824
655112,downscale_512,7.941534042358398
1190371,downscale_512,7.3841753005981445
1246902,downscale_512,8.248859405517578
715674,downscale_512,10.423603057861328
1248307,downscale_512,11.473109245300293
52856,downscale_512,5.135479927062988
1161486,downscale_512,6.284856796264648
2738,downscale_512,6.6951904296875
376491,downscale_512,6.399906158447266
1102478,downscale_512,5.897067070007324
846370,downscale_512,4.9641804695129395
553052,downscale_512,8.62016773223877
750922,downscale_512,5.571069240570068
573848,downscale_512,7.162313461303711
384168,downscale_512,11.181741714477539
491172,downscale_512,9.812043190002441
490007,downscale_512,11.399649620056152
268175,downscale_512,10.706937789916992
1103342,downscale_512,11.509917259216309
1220610,downscale_512,9.66520881652832
604361,downscale_512,8.967528343200684
853044,downscale_512,16.031972885131836
1056946,downscale_512,12.408553123474121
764938,downscale_512,9.053833961486816
371713,downscale_512,7.948582649230957
1180827,downscale_512,15.59020709991455
366642,downscale_512,4.633337020874023
952322,downscale_512,8.169585227966309
1275755,downscale_512,9.290818214416504
668661,downscale_512,5.390280723571777
377104,downscale_512,9.065247535705566
327196,downscale_512,7.179606914520264
460429,downscale_512,6.801779747009277
470561,downscale_512,10.254420280456543
465842,downscale_512,5.818741798400879
461125,downscale_512,5.29823112487793
1310986,downscale_512,7.28586483001709
1101540,downscale_512,9.909293174743652
474556,downscale_512,6.901860237121582
457939,downscale_512,9.081475257873535
535434,downscale_512,8.83828067779541
534895,downscale_512,5.509679317474365
889498,downscale_512,10.70584774017334
1077317,downscale_512,10.967707633972168
1222892,downscale_512,11.783757209777832
358391,downscale_512,9.009507179260254
594254,downscale_512,9.165129661560059
466048,downscale_512,0.6947197318077087
527754,downscale_512,13.22331714630127
453886,downscale_512,4.577731132507324
467000,downscale_512,11.470807075500488
361022,downscale_512,7.207441329956055
534379,downscale_512,6.841119766235352
227741,downscale_512,5.927441596984863
1004518,downscale_512,11.119160652160645
222720,downscale_512,12.695271492004395
1152564,downscale_512,10.746026039123535
1105529,downscale_512,13.547263145446777
421520,downscale_512,9.89372730255127
588350,downscale_512,11.633445739746094
955813,downscale_512,6.7899885177612305
783080,downscale_512,6.324716091156006
447210,downscale_512,11.698986053466797
46777,downscale_512,7.4243879318237305
1060000,downscale_512,8.155360221862793
447524,downscale_512,12.02927303314209
985917,downscale_512,9.046233177185059
1017237,downscale_512,11.099654197692871
1241284,downscale_512,12.649721145629883
904548,downscale_512,9.097185134887695
796892,downscale_512,9.456618309020996
899163,downscale_512,7.476417064666748
1150939,downscale_512,11.995305061340332
818048,downscale_512,13.372782707214355
1202156,downscale_512,6.9374918937683105
686935,downscale_512,13.310555458068848
1137062,downscale_512,8.014460563659668
567448,downscale_512,6.230731964111328
1286215,downscale_512,6.866265296936035
221072,downscale_512,10.951766967773438
1253792,downscale_512,12.3375883102417
535280,downscale_512,8.524210929870605
569890,downscale_512,9.514313697814941
913930,downscale_512,4.697498321533203
8114,downscale_512,13.2264986038208
1202099,downscale_512,6.681131362915039
459182,downscale_512,6.879343032836914
446590,downscale_512,9.930291175842285
976218,downscale_512,10.467426300048828
1319676,downscale_512,10.779562950134277
1240495,downscale_512,7.2665605545043945
533393,downscale_512,9.064380645751953
861566,downscale_512,8.15106201171875
1076553,downscale_512,4.660107612609863
1203062,downscale_512,6.155519008636475
1325624,downscale_512,8.853957176208496
693257,downscale_512,10.960613250732422
1202756,downscale_512,5.370548248291016
917969,downscale_512,8.860295295715332
1106803,downscale_512,9.42658519744873
1097650,downscale_512,12.10185718536377
472770,downscale_512,6.267333984375
971225,downscale_512,7.808847427368164
509808,downscale_512,10.206896781921387
771942,downscale_512,8.156403541564941
469372,downscale_512,5.884824275970459
836710,downscale_512,5.870709419250488
43479,downscale_512,10.145731925964355
917976,downscale_512,8.875378608703613
114940,downscale_512,6.736754417419434
1206283,downscale_512,10.359845161437988
57120,downscale_512,10.256080627441406
552584,downscale_512,3.3485586643218994
1108540,downscale_512,10.09143352508545
1012096,downscale_512,10.909749031066895
1056078,downscale_512,14.802348136901855
468206,downscale_512,8.384140968322754
660751,downscale_512,6.520907402038574
572643,downscale_512,12.574438095092773
1329219,downscale_512,8.715381622314453
892858,downscale_512,10.138508796691895
830132,downscale_512,10.399134635925293
649469,downscale_512,13.93303394317627
922384,downscale_512,12.473318099975586
159711,downscale_512,7.161162853240967
1203419,downscale_512,3.908557653427124
460125,downscale_512,4.797900199890137
1284862,downscale_512,-0.24721980094909668
662298,downscale_512,10.529875755310059
1099563,downscale_512,13.471574783325195
1339489,downscale_512,7.2295918464660645
574597,downscale_512,6.338004112243652
453645,downscale_512,7.628239154815674
534512,downscale_512,4.790071487426758
1176325,downscale_512,11.461441040039062
448303,downscale_512,6.802107810974121
986966,downscale_512,5.532992362976074
1072945,downscale_512,12.213764190673828
531531,downscale_512,6.207391738891602
738347,downscale_512,9.113229751586914
797088,downscale_512,9.195235252380371
649893,downscale_512,8.277567863464355
781486,downscale_512,5.541051864624023
1200661,downscale_512,12.581913948059082
342103,downscale_512,10.711917877197266
317704,downscale_512,6.360175132751465
1217821,downscale_512,6.809139728546143
710049,downscale_512,6.860944747924805
204144,downscale_512,9.406092643737793
1208544,downscale_512,12.615852355957031
1265002,downscale_512,10.897022247314453
426492,downscale_512,11.9668550491333
1213455,downscale_512,0.8861857652664185
323350,downscale_512,14.745285034179688
517965,downscale_512,3.4243860244750977
816949,downscale_512,11.345402717590332
270171,downscale_512,7.542313575744629
263183,downscale_512,8.740110397338867
518611,downscale_512,8.686633110046387
1231839,downscale_512,12.726380348205566
205150,downscale_512,5.583747863769531
1216634,downscale_512,13.991738319396973
296302,downscale_512,13.727424621582031
1163161,downscale_512,11.825299263000488
1160776,downscale_512,9.10456371307373
404904,downscale_512,13.220694541931152
1272711,downscale_512,8.483402252197266
894964,downscale_512,3.4824817180633545
962055,downscale_512,12.944252967834473
1261164,downscale_512,5.352998733520508
296278,downscale_512,14.397383689880371
1257150,downscale_512,9.286416053771973
956436,downscale_512,11.93763256072998
755684,downscale_512,12.057088851928711
102991,downscale_512,16.52036476135254
499541,downscale_512,5.558254718780518
1215323,downscale_512,5.830734729766846
1149731,downscale_512,13.426665306091309
87955,downscale_512,9.444823265075684
1249266,downscale_512,8.911846160888672
1259497,downscale_512,8.07784366607666
1250142,downscale_512,5.1999945640563965
103668,downscale_512,13.971699714660645
500899,downscale_512,10.224980354309082
1096482,downscale_512,12.418036460876465
340146,downscale_512,13.2091646194458
1211389,downscale_512,11.726314544677734
498936,downscale_512,7.529750823974609
1215165,downscale_512,10.930492401123047
1269212,downscale_512,6.321319580078125
103198,downscale_512,11.145633697509766
519699,downscale_512,9.965025901794434
520229,downscale_512,2.890629529953003
1274191,downscale_512,5.639575958251953
280614,downscale_512,9.322509765625
328786,downscale_512,12.728269577026367
63137,downscale_512,9.132429122924805
1018410,downscale_512,12.04320240020752
1269377,downscale_512,10.109721183776855
1002057,downscale_512,11.227038383483887
155144,downscale_512,10.953658103942871
1346783,downscale_512,11.972949028015137
1163564,downscale_512,13.397321701049805
1161642,downscale_512,11.08765697479248
502448,downscale_512,15.741827011108398
1134351,downscale_512,8.889505386352539
767339,downscale_512,14.444135665893555
139562,downscale_512,15.472617149353027
327054,downscale_512,11.973139762878418
294571,downscale_512,13.577720642089844
1309485,downscale_512,8.19794750213623
501676,downscale_512,8.814242362976074
101424,downscale_512,2.2583959102630615
493559,downscale_512,13.616985321044922
769066,downscale_512,4.356584548950195
1250127,downscale_512,6.698874473571777
906195,downscale_512,6.882030963897705
723642,downscale_512,11.961159706115723
345071,downscale_512,7.660353183746338
950124,downscale_512,6.789970874786377
1218989,downscale_512,10.334197044372559
1263446,downscale_512,12.542673110961914
925205,downscale_512,12.404631614685059
1208414,downscale_512,7.5735321044921875
688750,downscale_512,12.700528144836426
787129,downscale_512,9.060774803161621
425969,downscale_512,11.682642936706543
1135638,downscale_512,7.6249799728393555
501544,downscale_512,9.559368133544922
816383,downscale_512,7.214230537414551
943119,downscale_512,13.874321937561035
669870,downscale_512,8.246176719665527
499018,downscale_512,10.084342956542969
1110472,downscale_512,10.938347816467285
1015188,downscale_512,9.596741676330566
1274592,downscale_512,9.32003402709961
1271680,downscale_512,7.982794761657715
230111,downscale_512,11.46751594543457
1265642,downscale_512,7.777774810791016
717653,downscale_512,12.987582206726074
254247,downscale_512,7.957130432128906
1280461,downscale_512,9.65310001373291
17972,downscale_512,11.980525016784668
296322,downscale_512,11.5482816696167
426674,downscale_512,11.26517105102539
493518,downscale_512,7.611047744750977
427440,downscale_512,13.634360313415527
1041244,downscale_512,12.340903282165527
138895,downscale_512,10.77655029296875
522891,downscale_512,5.0709309577941895
1224731,downscale_512,12.671281814575195
1104296,downscale_512,10.312277793884277
849929,downscale_512,9.513787269592285
830646,downscale_512,8.309575080871582
1161667,downscale_512,13.090733528137207
1224880,downscale_512,11.059679985046387
gen_000677,downscale_512,-10.670923233032227
gen_000680,downscale_512,-10.182247161865234
gen_000683,downscale_512,-6.905701637268066
gen_000686,downscale_512,-15.934911727905273
gen_000689,downscale_512,-9.69143009185791
gen_000692,downscale_512,-15.410420417785645
gen_000695,downscale_512,-11.38660717010498
gen_000698,downscale_512,-11.062089920043945
gen_000701,downscale_512,-3.779747247695923
gen_000704,downscale_512,-18.304561614990234
gen_000707,downscale_512,-16.02777099609375
gen_000710,downscale_512,-4.446749210357666
gen_000713,downscale_512,-11.533550262451172
gen_000716,downscale_512,-16.179162979125977
gen_000719,downscale_512,-12.16211986541748
gen_000722,downscale_512,-11.466288566589355
gen_000725,downscale_512,-12.750558853149414
gen_000728,downscale_512,-9.586565971374512
gen_000731,downscale_512,-13.638802528381348
gen_000734,downscale_512,-9.735698699951172
gen_000737,downscale_512,-11.637482643127441
gen_000740,downscale_512,-11.46626091003418
gen_000796,downscale_512,-12.146175384521484
gen_000799,downscale_512,-6.230393886566162
gen_000802,downscale_512,-13.212904930114746
gen_000805,downscale_512,-9.051311492919922
gen_000808,downscale_512,-16.658044815063477
gen_000811,downscale_512,-8.442207336425781
gen_000814,downscale_512,-10.011809349060059
gen_000817,downscale_512,-7.46807336807251
gen_000820,downscale_512,-11.188746452331543
gen_000823,downscale_512,-6.411830425262451
gen_000826,downscale_512,-7.829648971557617
gen_000829,downscale_512,-11.28144645690918
gen_000832,downscale_512,-6.067996978759766
gen_000835,downscale_512,-14.031414031982422
gen_000838,downscale_512,-11.645445823669434
gen_000841,downscale_512,-6.593991756439209
gen_000844,downscale_512,-13.56171989440918
gen_000847,downscale_512,-14.128225326538086
gen_000850,downscale_512,-6.6854753494262695
gen_000853,downscale_512,-11.959181785583496
gen_000856,downscale_512,-11.801156044006348
gen_000859,downscale_512,-10.658891677856445
gen_000915,downscale_512,-15.715058326721191
gen_000918,downscale_512,-14.31836986541748
gen_000921,downscale_512,-7.153398036956787
gen_000924,downscale_512,-13.241496086120605
gen_000927,downscale_512,-15.582863807678223
gen_000930,downscale_512,-8.260750770568848
gen_000933,downscale_512,-11.812788963317871
gen_000936,downscale_512,-7.61771821975708
gen_000939,downscale_512,-9.77420711517334
gen_000942,downscale_512,-9.706000328063965
gen_000945,downscale_512,-10.162271499633789
gen_000948,downscale_512,-7.384638786315918
gen_000951,downscale_512,-9.64073657989502
gen_000954,downscale_512,-18.83193016052246
gen_000957,downscale_512,-15.316802978515625
gen_000960,downscale_512,-2.472053050994873
gen_000963,downscale_512,-15.691024780273438
gen_000966,downscale_512,-10.941720008850098
gen_000969,downscale_512,-8.678472518920898
gen_000972,downscale_512,2.8115384578704834
gen_000975,downscale_512,-13.592926979064941
gen_000978,downscale_512,-4.957786560058594
gen_001034,downscale_512,-7.236162185668945
gen_001037,downscale_512,-0.5490512251853943
gen_001040,downscale_512,-12.049078941345215
gen_001043,downscale_512,-8.894537925720215
gen_001046,downscale_512,-11.903931617736816
gen_001049,downscale_512,-17.087160110473633
gen_001052,downscale_512,-18.686079025268555
gen_001055,downscale_512,-11.391207695007324
gen_001058,downscale_512,-9.021563529968262
gen_001061,downscale_512,-12.71641731262207
gen_001064,downscale_512,-12.42431354522705
gen_001067,downscale_512,-12.457751274108887
gen_001070,downscale_512,-9.307229042053223
gen_001073,downscale_512,-10.848921775817871
gen_001076,downscale_512,-17.45128059387207
gen_001079,downscale_512,-7.9799604415893555
gen_001082,downscale_512,-11.554551124572754
gen_001085,downscale_512,-1.4629408121109009
gen_001088,downscale_512,-9.302351951599121
gen_001091,downscale_512,-17.42198944091797
gen_001094,downscale_512,-13.467120170593262
gen_001097,downscale_512,-12.932805061340332
gen_001153,downscale_512,-15.677336692810059
gen_001156,downscale_512,-14.226792335510254
gen_001159,downscale_512,-11.855688095092773
gen_001162,downscale_512,-13.772433280944824
gen_001165,downscale_512,-13.241002082824707
gen_001168,downscale_512,-12.757899284362793
gen_001171,downscale_512,-11.658684730529785
gen_001174,downscale_512,-12.4640474319458
gen_001177,downscale_512,-9.700228691101074
gen_001180,downscale_512,-11.008858680725098
gen_001183,downscale_512,-10.917448997497559
gen_001186,downscale_512,-11.50876522064209
gen_001189,downscale_512,-8.064099311828613
gen_001192,downscale_512,-11.223345756530762
gen_001195,downscale_512,-5.120471000671387
gen_001198,downscale_512,-13.302719116210938
gen_001201,downscale_512,-8.022255897521973
gen_001204,downscale_512,-9.672127723693848
gen_001207,downscale_512,-6.601991653442383
gen_001210,downscale_512,-12.296673774719238
gen_001213,downscale_512,-8.088273048400879
gen_001216,downscale_512,-11.251303672790527
gen_001272,downscale_512,-7.447263717651367
gen_001275,downscale_512,-7.5415143966674805
gen_001278,downscale_512,-5.377997875213623
gen_001281,downscale_512,-10.130663871765137
gen_001284,downscale_512,-8.045653343200684
gen_001287,downscale_512,-10.90378475189209
gen_001290,downscale_512,-5.600208759307861
gen_001293,downscale_512,-8.445328712463379
gen_001296,downscale_512,-7.571140289306641
gen_001299,downscale_512,-13.3645658493042
gen_001302,downscale_512,-8.688376426696777
gen_001305,downscale_512,-5.910911560058594
gen_001308,downscale_512,-10.58031940460205
gen_001311,downscale_512,-10.996859550476074
gen_001314,downscale_512,-14.76869010925293
gen_001317,downscale_512,-10.097400665283203
gen_001320,downscale_512,-9.765957832336426
gen_001323,downscale_512,-10.407926559448242
gen_001326,downscale_512,-9.960623741149902
gen_001329,downscale_512,-2.896488666534424
gen_001332,downscale_512,-8.447571754455566
gen_001335,downscale_512,-8.845391273498535
gen_001391,downscale_512,-14.760209083557129
gen_001394,downscale_512,-9.513989448547363
gen_001397,downscale_512,-2.612309455871582
gen_001400,downscale_512,-9.4613618850708
gen_001403,downscale_512,-16.553098678588867
gen_001406,downscale_512,-10.827369689941406
gen_001409,downscale_512,0.7159327268600464
gen_001412,downscale_512,-6.930595874786377
gen_001415,downscale_512,-12.314753532409668
gen_001418,downscale_512,-11.91956615447998
gen_001421,downscale_512,-8.785273551940918
gen_001424,downscale_512,-13.166914939880371
gen_001427,downscale_512,-12.911295890808105
gen_001430,downscale_512,-10.068730354309082
gen_001433,downscale_512,-9.280073165893555
gen_001436,downscale_512,-13.605710983276367
gen_001439,downscale_512,-6.873659133911133
gen_001442,downscale_512,-10.225496292114258
gen_001445,downscale_512,-18.692371368408203
gen_001448,downscale_512,-8.717625617980957
gen_001451,downscale_512,-11.256486892700195
gen_001454,downscale_512,-11.405397415161133
gen_001510,downscale_512,-4.879504680633545
gen_001513,downscale_512,-16.23859977722168
gen_001516,downscale_512,-14.542069435119629
gen_001519,downscale_512,-11.018393516540527
gen_001522,downscale_512,-3.9515175819396973
gen_001525,downscale_512,-11.706395149230957
gen_001528,downscale_512,-13.216651916503906
gen_001531,downscale_512,-10.351431846618652
gen_001534,downscale_512,-8.594459533691406
gen_001537,downscale_512,-6.043944835662842
gen_001540,downscale_512,-9.02367877960205
gen_001543,downscale_512,-13.880110740661621
gen_001546,downscale_512,-11.397499084472656
gen_001549,downscale_512,-14.01179027557373
gen_001552,downscale_512,-8.231776237487793
gen_001555,downscale_512,-7.717974662780762
gen_001558,downscale_512,-11.853318214416504
gen_001561,downscale_512,-1.9487441778182983
gen_001564,downscale_512,-11.089852333068848
gen_001567,downscale_512,-13.149954795837402
gen_001570,downscale_512,-10.097654342651367
gen_001573,downscale_512,-13.118968963623047
gen_001629,downscale_512,-14.52145767211914
gen_001632,downscale_512,-12.689200401306152
gen_001635,downscale_512,-13.8856840133667
gen_001638,downscale_512,-13.986634254455566
gen_001641,downscale_512,-9.38473892211914
gen_001644,downscale_512,-11.055017471313477
gen_001647,downscale_512,-9.54220199584961
gen_001650,downscale_512,-13.820821762084961
gen_001653,downscale_512,-10.20163345336914
gen_001656,downscale_512,-12.729731559753418
gen_001659,downscale_512,-18.008811950683594
gen_001662,downscale_512,-10.627942085266113
gen_001665,downscale_512,-14.418861389160156
gen_001668,downscale_512,-10.2418851852417
gen_001671,downscale_512,-14.789461135864258
gen_001674,downscale_512,-10.644820213317871
gen_001677,downscale_512,-9.493583679199219
gen_001680,downscale_512,-11.922245979309082
gen_001683,downscale_512,-7.985893249511719
gen_001686,downscale_512,-9.976544380187988
gen_001689,downscale_512,-10.58105182647705
gen_001692,downscale_512,-17.963773727416992
gen_001748,downscale_512,-16.376935958862305
gen_001751,downscale_512,-14.64848518371582
gen_001754,downscale_512,-16.674095153808594
gen_001757,downscale_512,-13.649040222167969
gen_001760,downscale_512,-15.82085132598877
gen_001763,downscale_512,-10.471434593200684
gen_001766,downscale_512,-14.849278450012207
gen_001769,downscale_512,-14.382302284240723
gen_001772,downscale_512,-18.186792373657227
gen_001775,downscale_512,-11.659367561340332
gen_001778,downscale_512,-16.035310745239258
gen_001781,downscale_512,-9.217151641845703
gen_001784,downscale_512,-13.643034934997559
gen_001787,downscale_512,-14.083756446838379
gen_001790,downscale_512,-12.322402000427246
gen_001793,downscale_512,-10.187243461608887
gen_001796,downscale_512,-14.096695899963379
gen_001799,downscale_512,-14.281839370727539
gen_001802,downscale_512,-13.812788009643555
gen_001805,downscale_512,-12.460126876831055
gen_001808,downscale_512,-11.189784049987793
gen_001811,downscale_512,-13.368714332580566
gen_001867,downscale_512,-18.79129981994629
gen_001870,downscale_512,-11.624337196350098
gen_001873,downscale_512,-13.461609840393066
gen_001876,downscale_512,-13.398375511169434
gen_001879,downscale_512,-14.165471076965332
gen_001882,downscale_512,-12.849433898925781
gen_001885,downscale_512,-12.749098777770996
gen_001888,downscale_512,-7.933850288391113
gen_001891,downscale_512,-14.233247756958008
gen_001894,downscale_512,-13.445542335510254
gen_001897,downscale_512,-8.537511825561523
gen_001900,downscale_512,-11.004807472229004
gen_001903,downscale_512,-8.569077491760254
gen_001906,downscale_512,-18.31447410583496
gen_001909,downscale_512,-7.259920120239258
gen_001912,downscale_512,-11.091520309448242
gen_001915,downscale_512,-15.841854095458984
gen_001918,downscale_512,-16.62686538696289
gen_001921,downscale_512,-6.33852481842041
gen_001924,downscale_512,-14.611458778381348
gen_001927,downscale_512,-9.211020469665527
gen_001930,downscale_512,-9.462767601013184
gen_001986,downscale_512,-7.698195457458496
gen_001989,downscale_512,-16.417644500732422
gen_001992,downscale_512,-15.692418098449707
gen_001995,downscale_512,-9.00776195526123
gen_001998,downscale_512,-11.417991638183594
gen_002001,downscale_512,-17.25494956970215
gen_002004,downscale_512,-14.671835899353027
gen_002007,downscale_512,-10.782599449157715
gen_002010,downscale_512,-8.494596481323242
gen_002013,downscale_512,-15.202299118041992
gen_002016,downscale_512,-8.58333683013916
gen_002019,downscale_512,-9.612823486328125
gen_002022,downscale_512,-14.878464698791504
gen_002025,downscale_512,-13.998976707458496
gen_002028,downscale_512,-11.184880256652832
gen_002031,downscale_512,-11.060017585754395
gen_002034,downscale_512,-11.017500877380371
gen_002037,downscale_512,-8.910052299499512
gen_002040,downscale_512,-9.498767852783203
gen_002043,downscale_512,-11.565872192382812
gen_002046,downscale_512,-14.969525337219238
gen_002049,downscale_512,-8.185558319091797
gen_002105,downscale_512,-14.509275436401367
gen_002108,downscale_512,-12.073942184448242
gen_002111,downscale_512,-12.644234657287598
gen_002114,downscale_512,-10.91022777557373
gen_002117,downscale_512,-11.330002784729004
gen_002120,downscale_512,-14.034590721130371
gen_002123,downscale_512,-10.722070693969727
gen_002126,downscale_512,-13.231863975524902
gen_002129,downscale_512,-8.650117874145508
gen_002132,downscale_512,-12.64659309387207
gen_002135,downscale_512,-15.790064811706543
gen_002138,downscale_512,-8.22666072845459
gen_002141,downscale_512,-15.545750617980957
gen_002144,downscale_512,-14.176849365234375
gen_002147,downscale_512,-12.397560119628906
gen_002150,downscale_512,-9.541668891906738
gen_002153,downscale_512,-8.638270378112793
gen_002156,downscale_512,-9.635972023010254
gen_002159,downscale_512,-14.505428314208984
gen_002162,downscale_512,-11.145037651062012
gen_002165,downscale_512,-7.379253387451172
gen_002168,downscale_512,-15.027884483337402
gen_002224,downscale_512,-14.360983848571777
gen_002227,downscale_512,-10.758064270019531
gen_002230,downscale_512,-14.947367668151855
gen_002233,downscale_512,-13.06716251373291
gen_002236,downscale_512,-13.902114868164062
gen_002239,downscale_512,-15.968732833862305
gen_002242,downscale_512,-12.339838981628418
gen_002245,downscale_512,-12.384488105773926
gen_002248,downscale_512,-17.616453170776367
gen_002251,downscale_512,-7.92956018447876
gen_002254,downscale_512,-12.887228965759277
gen_002257,downscale_512,-14.144865989685059
gen_002260,downscale_512,-10.847814559936523
gen_002263,downscale_512,-13.217629432678223
gen_002266,downscale_512,-12.429179191589355
gen_002269,downscale_512,-14.561747550964355
gen_002272,downscale_512,-14.725543975830078
gen_002275,downscale_512,-10.231127738952637
gen_002278,downscale_512,-6.978873252868652
gen_002281,downscale_512,-8.805451393127441
gen_002284,downscale_512,-13.869908332824707
gen_002287,downscale_512,-13.853960037231445
gen_002343,downscale_512,-12.574030876159668
gen_002346,downscale_512,-13.084881782531738
gen_002349,downscale_512,-12.417167663574219
gen_002352,downscale_512,-13.843876838684082
gen_002355,downscale_512,-12.820659637451172
gen_002358,downscale_512,-11.440690040588379
gen_002361,downscale_512,-14.361924171447754
gen_002364,downscale_512,-9.122676849365234
gen_002367,downscale_512,-13.293919563293457
gen_002370,downscale_512,-11.92486572265625
gen_002373,downscale_512,-11.964701652526855
gen_002376,downscale_512,-11.24402141571045
gen_002379,downscale_512,-15.055309295654297
gen_002382,downscale_512,-12.772289276123047
gen_002385,downscale_512,-14.694672584533691
gen_002388,downscale_512,-10.295990943908691
gen_002391,downscale_512,-17.549304962158203
gen_002394,downscale_512,-15.098891258239746
gen_002397,downscale_512,-7.104784965515137
gen_002400,downscale_512,-10.653543472290039
gen_002403,downscale_512,-13.466607093811035
gen_002406,downscale_512,-13.619635581970215
gen_002462,downscale_512,-11.370068550109863
gen_002465,downscale_512,-11.697733879089355
gen_002468,downscale_512,-16.24547004699707
gen_002471,downscale_512,-4.118640422821045
gen_002474,downscale_512,-9.19674301147461
gen_002477,downscale_512,-15.635725021362305
gen_002480,downscale_512,-19.75830841064453
gen_002483,downscale_512,-8.204075813293457
gen_002486,downscale_512,-9.211061477661133
gen_002489,downscale_512,-17.99802017211914
gen_002492,downscale_512,-10.211174964904785
gen_002495,downscale_512,-11.600601196289062
gen_002498,downscale_512,-14.630282402038574
gen_002501,downscale_512,-15.97675609588623
gen_002504,downscale_512,-14.123993873596191
gen_002507,downscale_512,-10.429734230041504
gen_002510,downscale_512,-14.909491539001465
gen_002513,downscale_512,-9.288361549377441
gen_002516,downscale_512,-11.513426780700684
gen_002519,downscale_512,-14.293387413024902
gen_002522,downscale_512,-18.710407257080078
gen_002525,downscale_512,-14.987235069274902
gen_000500,downscale_512,-10.289799690246582
gen_000501,downscale_512,-11.145112037658691
gen_000502,downscale_512,-9.519760131835938
gen_000503,downscale_512,-12.383279800415039
gen_000504,downscale_512,-2.710526704788208
gen_000505,downscale_512,-7.441616058349609
gen_000506,downscale_512,-11.605101585388184
gen_000507,downscale_512,-9.473305702209473
gen_000508,downscale_512,-13.761954307556152
gen_000509,downscale_512,-2.9496684074401855
gen_000510,downscale_512,-9.365941047668457
gen_000511,downscale_512,-4.553688049316406
gen_000512,downscale_512,-7.206458568572998
gen_000513,downscale_512,-9.898321151733398
gen_000514,downscale_512,-9.907608985900879
gen_000515,downscale_512,-16.50579833984375
gen_000516,downscale_512,-11.133909225463867
gen_000517,downscale_512,-14.799409866333008
gen_000518,downscale_512,-13.52318286895752
gen_000519,downscale_512,-8.593085289001465
gen_000520,downscale_512,-8.394783020019531
gen_000521,downscale_512,-6.880967617034912
gen_000522,downscale_512,-14.46535587310791
gen_000523,downscale_512,-5.10878849029541
gen_000524,downscale_512,-11.838821411132812
gen_000525,downscale_512,-7.85438346862793
gen_000526,downscale_512,-6.024269104003906
gen_000527,downscale_512,-9.590373039245605
gen_000528,downscale_512,-8.989116668701172
gen_000529,downscale_512,-14.611544609069824
gen_000530,downscale_512,-9.687808990478516
gen_000531,downscale_512,-6.906701564788818
gen_000532,downscale_512,-7.78238582611084
gen_000533,downscale_512,-3.9312589168548584
gen_000534,downscale_512,-12.655667304992676
gen_000535,downscale_512,-10.738014221191406
gen_000536,downscale_512,-12.04619026184082
gen_000537,downscale_512,-6.591461181640625
gen_000538,downscale_512,-13.656876564025879
gen_000539,downscale_512,-7.105433464050293
gen_000540,downscale_512,-7.631516456604004
gen_000541,downscale_512,-10.403532981872559
gen_000542,downscale_512,-11.425332069396973
gen_000543,downscale_512,-3.7838070392608643
gen_000544,downscale_512,-8.4968900680542
gen_000545,downscale_512,-11.95614242553711
gen_000546,downscale_512,-3.5478429794311523
gen_000547,downscale_512,1.3988205194473267
gen_000548,downscale_512,-10.137293815612793
gen_000549,downscale_512,-2.441350221633911
gen_000550,downscale_512,-5.3308329582214355
gen_000551,downscale_512,-1.3909332752227783
gen_000552,downscale_512,-9.606935501098633
gen_000553,downscale_512,-9.463911056518555
gen_000554,downscale_512,-5.200611114501953
gen_000555,downscale_512,-10.440815925598145
gen_000556,downscale_512,-5.331258773803711
gen_000557,downscale_512,-7.64202880859375
gen_000558,downscale_512,-10.101396560668945
gen_000559,downscale_512,-14.85068416595459
gen_000560,downscale_512,-11.79680061340332
gen_000561,downscale_512,-3.0546159744262695
gen_000562,downscale_512,-9.484137535095215
gen_000563,downscale_512,-12.823221206665039
gen_000564,downscale_512,-11.872086524963379
gen_000565,downscale_512,-6.773889541625977
gen_000566,downscale_512,-10.906771659851074
gen_000567,downscale_512,-10.72390079498291
gen_000568,downscale_512,-11.647643089294434
gen_000569,downscale_512,-9.5730562210083
gen_000570,downscale_512,-11.766558647155762
gen_000571,downscale_512,-7.526758193969727
gen_000572,downscale_512,-7.994980335235596
gen_000573,downscale_512,-14.992637634277344
gen_000574,downscale_512,-12.100586891174316
gen_000575,downscale_512,-15.517180442810059
gen_000576,downscale_512,-4.09454870223999
gen_000577,downscale_512,-16.24449348449707
gen_000578,downscale_512,-7.795163631439209
gen_000579,downscale_512,-4.026629447937012
gen_000580,downscale_512,-9.580719947814941
gen_000581,downscale_512,-1.1538110971450806
gen_000582,downscale_512,-16.269712448120117
gen_000583,downscale_512,-15.054769515991211
gen_000584,downscale_512,-8.852645874023438
gen_000585,downscale_512,-8.323882102966309
gen_000586,downscale_512,-13.705690383911133
gen_000587,downscale_512,-12.185443878173828
gen_000588,downscale_512,-11.664857864379883
gen_000589,downscale_512,-15.181092262268066
gen_000590,downscale_512,-9.018414497375488
gen_000591,downscale_512,-8.808987617492676
gen_000592,downscale_512,-16.666311264038086
gen_000593,downscale_512,-5.532485008239746
gen_000594,downscale_512,-13.915324211120605
gen_000595,downscale_512,-10.867399215698242
gen_000596,downscale_512,-11.797268867492676
gen_000597,downscale_512,-14.545845985412598
gen_000598,downscale_512,-9.852599143981934
gen_000599,downscale_512,-2.0578274726867676
gen_000600,downscale_512,-3.9226863384246826
gen_000601,downscale_512,-12.708064079284668
gen_000602,downscale_512,-8.639455795288086
gen_000603,downscale_512,-6.385895252227783
gen_000604,downscale_512,-4.176775932312012
gen_000605,downscale_512,-7.501495838165283
gen_000606,downscale_512,-9.224822044372559
gen_000607,downscale_512,-19.19252586364746
gen_000608,downscale_512,-5.714939594268799
gen_000609,downscale_512,-6.74620246887207
gen_000610,downscale_512,-8.241971969604492
gen_000611,downscale_512,-12.713641166687012
gen_000612,downscale_512,-9.145621299743652
gen_000613,downscale_512,-8.973969459533691
gen_000614,downscale_512,-10.018472671508789
gen_000615,downscale_512,-8.134289741516113
gen_000616,downscale_512,-9.817824363708496
gen_000617,downscale_512,-11.221508026123047
gen_000618,downscale_512,-10.384943962097168
gen_000619,downscale_512,-1.8215746879577637
gen_000620,downscale_512,-12.802217483520508
gen_000621,downscale_512,-10.723995208740234
gen_000622,downscale_512,-6.797550201416016
gen_000623,downscale_512,-16.40679931640625
gen_002528,downscale_512,-10.012178421020508
gen_002529,downscale_512,-11.121064186096191
gen_002530,downscale_512,-12.31140422821045
gen_002531,downscale_512,-8.503852844238281
gen_002532,downscale_512,-3.100428819656372
gen_002533,downscale_512,-3.499559164047241
gen_002534,downscale_512,-13.23900318145752
gen_002535,downscale_512,-9.612893104553223
gen_002536,downscale_512,-14.986529350280762
gen_002537,downscale_512,-3.749241828918457
gen_002538,downscale_512,-9.869914054870605
gen_002539,downscale_512,-9.75607681274414
gen_002540,downscale_512,-11.667790412902832
gen_002541,downscale_512,-4.399837493896484
gen_002542,downscale_512,-11.828302383422852
gen_002543,downscale_512,-0.9404584169387817
gen_002544,downscale_512,-10.19083309173584
gen_002545,downscale_512,-12.515155792236328
gen_002546,downscale_512,-6.161179065704346
gen_002547,downscale_512,-7.689688205718994
gen_002548,downscale_512,-4.9007110595703125
gen_002549,downscale_512,-8.411943435668945
gen_002550,downscale_512,-2.588533639907837
gen_002551,downscale_512,-13.08641529083252
gen_002552,downscale_512,-8.950240135192871
gen_002553,downscale_512,-7.017037868499756
gen_002554,downscale_512,-6.426170825958252
gen_002555,downscale_512,-14.648604393005371
gen_002556,downscale_512,-13.892867088317871
gen_002557,downscale_512,-2.8121211528778076
gen_002558,downscale_512,-14.141695976257324
gen_002559,downscale_512,-9.407434463500977
gen_002560,downscale_512,-10.48586368560791
gen_002561,downscale_512,-9.378931999206543
gen_002562,downscale_512,-8.71570110321045
gen_002563,downscale_512,-10.109121322631836
gen_002564,downscale_512,-8.10181713104248
gen_002565,downscale_512,-6.8817033767700195
gen_002566,downscale_512,-7.785395622253418
gen_002567,downscale_512,-4.8101983070373535
gen_002568,downscale_512,-11.046121597290039
gen_002569,downscale_512,-12.395493507385254
gen_002570,downscale_512,-12.321901321411133
gen_002571,downscale_512,-16.716781616210938
gen_002572,downscale_512,-15.500962257385254
gen_002573,downscale_512,-11.011277198791504
gen_002574,downscale_512,-5.643933296203613
gen_002575,downscale_512,-15.389111518859863
gen_002576,downscale_512,-12.844592094421387
gen_002577,downscale_512,-7.240358352661133
gen_002578,downscale_512,-9.127604484558105
gen_002579,downscale_512,-5.320417404174805
gen_002580,downscale_512,-12.487845420837402
gen_002581,downscale_512,-12.402055740356445
gen_002582,downscale_512,-8.989648818969727
gen_002583,downscale_512,-6.818546295166016
gen_002584,downscale_512,-13.551398277282715
gen_002585,downscale_512,-10.997035026550293
gen_002586,downscale_512,-13.838227272033691
gen_002587,downscale_512,-11.038722038269043
gen_002588,downscale_512,-10.572314262390137
gen_002589,downscale_512,-5.084071159362793
gen_002590,downscale_512,-11.2093505859375
gen_002591,downscale_512,-11.704140663146973
gen_002592,downscale_512,-8.933948516845703
gen_002593,downscale_512,-10.19614315032959
gen_002594,downscale_512,-9.793046951293945
gen_002595,downscale_512,-2.9896767139434814
gen_002596,downscale_512,-11.45887279510498
gen_002597,downscale_512,-10.451966285705566
gen_002598,downscale_512,-9.616776466369629
gen_002599,downscale_512,-8.870932579040527
gen_002600,downscale_512,-13.647133827209473
gen_002601,downscale_512,-10.574265480041504
gen_002602,downscale_512,-10.34048843383789
gen_002603,downscale_512,-6.698078155517578
gen_002604,downscale_512,-18.263256072998047
gen_002605,downscale_512,-13.269264221191406
gen_002606,downscale_512,-9.930306434631348
gen_002607,downscale_512,-9.630254745483398
gen_002608,downscale_512,-15.8733549118042
gen_002609,downscale_512,-9.166857719421387
gen_002610,downscale_512,-11.41571044921875
gen_002611,downscale_512,-15.312127113342285
gen_002612,downscale_512,-16.402816772460938
gen_002613,downscale_512,-10.49821949005127
gen_002614,downscale_512,-1.9429930448532104
gen_002615,downscale_512,-14.836871147155762
gen_002616,downscale_512,-6.532569885253906
gen_002617,downscale_512,-2.9100003242492676
gen_002618,downscale_512,-4.0870747566223145
gen_002619,downscale_512,-6.315535545349121
gen_002620,downscale_512,-13.971131324768066
gen_002621,downscale_512,-8.214329719543457
gen_002622,downscale_512,-10.9177827835083
gen_002623,downscale_512,-13.545347213745117
gen_002624,downscale_512,-7.714582920074463
gen_002625,downscale_512,-6.926841735839844
gen_002626,downscale_512,-13.21054744720459
gen_002627,downscale_512,-5.360673904418945
gen_002628,downscale_512,-10.0390043258667
gen_002629,downscale_512,-9.671506881713867
gen_002630,downscale_512,-11.058512687683105
gen_002631,downscale_512,-8.983927726745605
gen_002632,downscale_512,-6.72529411315918
gen_002633,downscale_512,-3.0788779258728027
gen_002634,downscale_512,-11.033455848693848
gen_002635,downscale_512,-7.905433654785156
gen_002636,downscale_512,-1.9204614162445068
gen_002637,downscale_512,-14.46918773651123
gen_002638,downscale_512,-9.180195808410645
gen_002639,downscale_512,-4.044360637664795
gen_002640,downscale_512,-4.292784690856934
gen_002641,downscale_512,-9.500075340270996
gen_002642,downscale_512,-7.164612293243408
gen_002643,downscale_512,-10.871865272521973
gen_002644,downscale_512,-10.362736701965332
gen_002645,downscale_512,-7.437129020690918
gen_002646,downscale_512,-9.739239692687988
gen_002647,downscale_512,-4.431863784790039
gen_002648,downscale_512,-8.64167308807373
gen_002649,downscale_512,-8.583269119262695
gen_002650,downscale_512,-2.972851514816284
gen_002651,downscale_512,-15.041496276855469
gen_002652,downscale_512,-8.005115509033203
gen_002653,downscale_512,-7.668860912322998
gen_002654,downscale_512,-7.866255283355713
gen_002655,downscale_512,-4.5267205238342285
gen_002656,downscale_512,-11.261033058166504
gen_002657,downscale_512,-4.653289794921875
gen_002658,downscale_512,-8.158581733703613
gen_002659,downscale_512,-9.771105766296387
gen_002660,downscale_512,-15.947033882141113
gen_002661,downscale_512,-9.0303316116333
gen_002662,downscale_512,-6.87998628616333
gen_002663,downscale_512,-8.098167419433594
gen_002664,downscale_512,-15.050826072692871
gen_002665,downscale_512,-7.177067756652832
gen_002666,downscale_512,-8.7476224899292
gen_002667,downscale_512,-5.069501876831055
gen_002668,downscale_512,-3.970046043395996
gen_002669,downscale_512,-9.573522567749023
gen_002670,downscale_512,-10.305434226989746
gen_002671,downscale_512,-0.7716213464736938
gen_002672,downscale_512,-9.523635864257812
gen_002673,downscale_512,-2.3640172481536865
gen_002674,downscale_512,-8.607413291931152
gen_002675,downscale_512,-3.6270384788513184
gen_002676,downscale_512,-8.913919448852539
gen_002677,downscale_512,-0.5997314453125
gen_002678,downscale_512,-5.017115592956543
gen_002679,downscale_512,1.2776057720184326
gen_002680,downscale_512,-5.716435432434082
gen_002681,downscale_512,-3.6398327350616455
gen_002682,downscale_512,-2.9518821239471436
gen_002683,downscale_512,-3.5437495708465576
gen_002684,downscale_512,-10.772139549255371
gen_002685,downscale_512,-11.84074878692627
gen_002686,downscale_512,-1.9259965419769287
gen_002687,downscale_512,-2.5132648944854736
gen_002688,downscale_512,-7.228119373321533
gen_002689,downscale_512,-9.983746528625488
gen_002690,downscale_512,-11.955513954162598
gen_002691,downscale_512,-7.658880710601807
gen_002692,downscale_512,-6.572934627532959
gen_002693,downscale_512,-0.4520491659641266
gen_002694,downscale_512,-10.88182544708252
gen_002695,downscale_512,-11.375924110412598
gen_002696,downscale_512,-5.96298360824585
gen_002697,downscale_512,-4.847787857055664
gen_002698,downscale_512,-5.247001647949219
gen_002699,downscale_512,-8.734265327453613
gen_002700,downscale_512,-5.143131256103516
gen_002701,downscale_512,-1.6958861351013184
gen_002702,downscale_512,-5.651717185974121
gen_002703,downscale_512,-10.390713691711426
gen_002704,downscale_512,-11.005953788757324
gen_002705,downscale_512,-6.541753768920898
gen_002706,downscale_512,-8.13711166381836
gen_002707,downscale_512,-12.361814498901367
gen_002708,downscale_512,-6.450682163238525
gen_002709,downscale_512,-5.180901050567627
gen_002710,downscale_512,-9.381522178649902
gen_002711,downscale_512,-4.833130836486816
gen_002712,downscale_512,-12.265122413635254
gen_002713,downscale_512,-1.0395188331604004
gen_002714,downscale_512,-8.39081859588623
gen_002715,downscale_512,-7.17567777633667
gen_002716,downscale_512,-12.74760627746582
gen_002717,downscale_512,-7.689901828765869
gen_002718,downscale_512,-5.347898960113525
gen_002719,downscale_512,-9.377838134765625
gen_002720,downscale_512,-2.7815005779266357
gen_002721,downscale_512,-3.7476980686187744
gen_002722,downscale_512,-8.402037620544434
gen_002723,downscale_512,0.1718263030052185
gen_002724,downscale_512,-11.415175437927246
gen_002725,downscale_512,-10.637948989868164
gen_002726,downscale_512,-13.270525932312012
gen_002727,downscale_512,4.141336441040039
gen_002728,downscale_512,-4.616032600402832
gen_002729,downscale_512,-11.22029972076416
gen_002730,downscale_512,-8.228602409362793
gen_002731,downscale_512,1.0847586393356323
gen_002732,downscale_512,-11.280128479003906
gen_002733,downscale_512,-9.047085762023926
gen_002734,downscale_512,-7.996994495391846
gen_002735,downscale_512,-10.877885818481445
gen_002736,downscale_512,0.7762630581855774
gen_002737,downscale_512,-6.389195442199707
gen_002738,downscale_512,2.790088415145874
gen_002739,downscale_512,-12.411282539367676
gen_002740,downscale_512,-10.708054542541504
gen_002741,downscale_512,-10.261421203613281
gen_002742,downscale_512,-7.957344055175781
gen_002743,downscale_512,-11.434475898742676
gen_002744,downscale_512,-2.304574489593506
gen_002745,downscale_512,-9.103830337524414
gen_002746,downscale_512,-3.4733307361602783
gen_002747,downscale_512,-8.012343406677246
gen_002748,downscale_512,-15.299607276916504
gen_002749,downscale_512,-3.124791383743286
gen_002750,downscale_512,-8.590492248535156
gen_002751,downscale_512,-8.63491439819336
gen_002752,downscale_512,-8.624434471130371
gen_002753,downscale_512,-1.156132698059082
gen_002754,downscale_512,-7.537428855895996
gen_002755,downscale_512,-4.616280555725098
gen_002756,downscale_512,-6.3369059562683105
gen_002757,downscale_512,-3.5420982837677
gen_002758,downscale_512,-6.731146812438965
gen_002759,downscale_512,0.5683578252792358
gen_002760,downscale_512,-7.648416519165039
gen_002761,downscale_512,-2.0654492378234863
gen_002762,downscale_512,-3.725884199142456
gen_002763,downscale_512,-16.09165382385254
gen_002764,downscale_512,-5.916908264160156
gen_002765,downscale_512,-7.864143371582031
gen_002766,downscale_512,-9.194124221801758
gen_002767,downscale_512,-7.728898525238037
gen_002768,downscale_512,-5.954451560974121
gen_002769,downscale_512,-10.146502494812012
gen_002770,downscale_512,-12.749811172485352
gen_002771,downscale_512,-6.024490833282471
gen_002772,downscale_512,-7.181320667266846
gen_002773,downscale_512,-7.378055572509766
gen_002774,downscale_512,-13.46730899810791
gen_002775,downscale_512,-14.8616304397583
gen_002776,downscale_512,-7.067593097686768
gen_002777,downscale_512,-15.065903663635254
gen_002778,downscale_512,-4.565393447875977
gen_002779,downscale_512,-14.685528755187988
gen_002780,downscale_512,-11.613183975219727
gen_002781,downscale_512,-14.57721996307373
gen_002782,downscale_512,-10.388676643371582
gen_002783,downscale_512,-13.574535369873047
gen_002784,downscale_512,-13.795012474060059
gen_002785,downscale_512,-11.119316101074219
gen_002786,downscale_512,1.3253093957901
gen_002787,downscale_512,-19.301956176757812
gen_002788,downscale_512,-12.420201301574707
gen_002789,downscale_512,-11.002854347229004
gen_002790,downscale_512,-8.247942924499512
gen_002791,downscale_512,-7.7634687423706055
gen_002792,downscale_512,-13.921746253967285
gen_002793,downscale_512,-13.103384971618652
gen_002794,downscale_512,-11.919472694396973
gen_002795,downscale_512,-16.484830856323242
gen_002796,downscale_512,-9.088550567626953
gen_002797,downscale_512,-10.03226375579834
gen_002798,downscale_512,-12.239477157592773
gen_002799,downscale_512,-11.286417961120605
gen_002800,downscale_512,-16.516481399536133
gen_002801,downscale_512,-4.759668350219727
gen_002802,downscale_512,-6.602752685546875
gen_002803,downscale_512,-11.845969200134277
gen_002804,downscale_512,-10.439640045166016
gen_002805,downscale_512,-8.983794212341309
gen_002806,downscale_512,-15.312911033630371
gen_002807,downscale_512,-6.863386154174805
gen_002808,downscale_512,-8.863520622253418
gen_002809,downscale_512,-4.8069562911987305
gen_002810,downscale_512,-8.230952262878418
gen_002811,downscale_512,-9.83156681060791
gen_002812,downscale_512,-11.954902648925781
gen_002813,downscale_512,2.54850172996521
gen_002814,downscale_512,-0.7603206634521484
gen_002815,downscale_512,-10.678364753723145
gen_002816,downscale_512,-5.419933319091797
gen_002817,downscale_512,-11.380244255065918
gen_002818,downscale_512,-10.104924201965332
gen_002819,downscale_512,-13.638169288635254
gen_002820,downscale_512,-11.041037559509277
gen_002821,downscale_512,-12.28442668914795
gen_002822,downscale_512,-14.341056823730469
gen_002823,downscale_512,-11.341500282287598
gen_002824,downscale_512,-11.75815486907959
gen_002825,downscale_512,-8.686288833618164
gen_002826,downscale_512,-11.045907020568848
gen_002827,downscale_512,-8.093667984008789
gen_002828,downscale_512,-10.29758358001709
gen_002829,downscale_512,-17.180049896240234
gen_002830,downscale_512,-12.879786491394043
gen_002831,downscale_512,-9.063861846923828
gen_002832,downscale_512,-12.816381454467773
gen_002833,downscale_512,-3.6501853466033936
gen_002834,downscale_512,-9.232751846313477
gen_002835,downscale_512,-8.869029998779297
gen_002836,downscale_512,-10.205584526062012
gen_002837,downscale_512,-18.264036178588867
gen_002838,downscale_512,-11.742518424987793
gen_002839,downscale_512,-6.070280075073242
gen_002840,downscale_512,-12.606026649475098
gen_002841,downscale_512,-6.510420799255371
gen_002842,downscale_512,-10.10132884979248
gen_002843,downscale_512,-9.684761047363281
gen_002844,downscale_512,-5.871172904968262
gen_002845,downscale_512,-11.130784034729004
gen_002846,downscale_512,-9.971331596374512
gen_002847,downscale_512,-10.174005508422852
gen_002848,downscale_512,-10.086922645568848
gen_002849,downscale_512,-11.548047065734863
gen_002850,downscale_512,-11.563785552978516
gen_002851,downscale_512,-14.930949211120605
gen_002852,downscale_512,-12.480620384216309
gen_002853,downscale_512,-8.348773002624512
gen_002854,downscale_512,-9.564002990722656
gen_002855,downscale_512,-10.986881256103516
gen_002856,downscale_512,-12.38363265991211
gen_002857,downscale_512,-8.809741020202637
gen_002858,downscale_512,-4.586802005767822
gen_002859,downscale_512,-7.64733362197876
gen_002860,downscale_512,-12.695329666137695
gen_002861,downscale_512,-18.52723503112793
gen_002862,downscale_512,-1.8466633558273315
gen_002863,downscale_512,-9.842129707336426
gen_002864,downscale_512,-11.09154224395752
gen_002865,downscale_512,-8.775693893432617
gen_002866,downscale_512,-1.2126445770263672
gen_002867,downscale_512,-10.0183744430542
gen_002868,downscale_512,-12.655759811401367
gen_002869,downscale_512,-9.486726760864258
gen_002870,downscale_512,-8.564496994018555
gen_002871,downscale_512,-3.254936456680298
gen_002872,downscale_512,-13.703728675842285
gen_002873,downscale_512,-6.867862224578857
gen_002874,downscale_512,-13.010212898254395
gen_002875,downscale_512,-16.886138916015625
gen_002876,downscale_512,-7.832011699676514
gen_002877,downscale_512,-7.139797210693359
gen_002878,downscale_512,-8.776053428649902
gen_002879,downscale_512,-9.529958724975586
gen_002880,downscale_512,-10.07288646697998
gen_002881,downscale_512,-12.618969917297363
gen_002882,downscale_512,-9.264124870300293
gen_002883,downscale_512,-8.979658126831055
gen_002884,downscale_512,-5.970664978027344
gen_002885,downscale_512,-11.273070335388184
gen_002886,downscale_512,-7.4481916427612305
gen_002887,downscale_512,-14.290395736694336
gen_002888,downscale_512,-13.153254508972168
gen_002889,downscale_512,-10.146729469299316
gen_002890,downscale_512,-12.410438537597656
gen_002891,downscale_512,-14.4273099899292
gen_002892,downscale_512,-12.66629695892334
gen_002893,downscale_512,-8.063204765319824
gen_002894,downscale_512,-6.536673545837402
gen_002895,downscale_512,-14.696945190429688
gen_002896,downscale_512,-11.597640037536621
gen_002897,downscale_512,-10.52605152130127
gen_002898,downscale_512,-10.956765174865723
gen_002899,downscale_512,-7.271836280822754
gen_002900,downscale_512,-6.6114501953125
gen_002901,downscale_512,-7.5722808837890625
gen_002902,downscale_512,-14.518574714660645
gen_002903,downscale_512,-8.120168685913086
gen_002904,downscale_512,-14.052430152893066
gen_002905,downscale_512,-10.827756881713867
gen_002906,downscale_512,-12.012103080749512
gen_002907,downscale_512,-14.321053504943848
gen_002908,downscale_512,-8.18571662902832
gen_002909,downscale_512,-12.533591270446777
gen_002910,downscale_512,-11.68920612335205
gen_002911,downscale_512,-10.823902130126953
gen_002912,downscale_512,-3.391265630722046
gen_002913,downscale_512,-12.360661506652832
gen_002914,downscale_512,-19.2214298248291
gen_002915,downscale_512,-11.581742286682129
gen_002916,downscale_512,-10.02436351776123
gen_002917,downscale_512,-9.05543041229248
gen_002918,downscale_512,-11.06230354309082
gen_002919,downscale_512,-12.728737831115723
gen_002920,downscale_512,-6.399438381195068
gen_002921,downscale_512,-7.597201347351074
gen_002922,downscale_512,-17.433284759521484
gen_002923,downscale_512,-11.156163215637207
gen_002924,downscale_512,-2.1705410480499268
gen_002925,downscale_512,-11.40218448638916
gen_002926,downscale_512,-14.183815956115723
gen_002927,downscale_512,-15.060763359069824
gen_002928,downscale_512,-13.220284461975098
gen_002929,downscale_512,-7.4290547370910645
gen_002930,downscale_512,-11.92549991607666
gen_002931,downscale_512,-6.589095592498779
gen_002932,downscale_512,-10.644185066223145
gen_002933,downscale_512,-13.751004219055176
gen_002934,downscale_512,-7.411695957183838
gen_002935,downscale_512,-8.208271026611328
gen_002936,downscale_512,-5.984452247619629
gen_002937,downscale_512,-9.299757957458496
gen_002938,downscale_512,-6.255743980407715
gen_002939,downscale_512,-10.351168632507324
gen_002940,downscale_512,-13.306525230407715
gen_002941,downscale_512,-13.045716285705566
gen_002942,downscale_512,-12.710606575012207
gen_002943,downscale_512,-11.810442924499512
gen_002944,downscale_512,-8.577780723571777
gen_002945,downscale_512,-3.2831637859344482
gen_002946,downscale_512,-7.822710037231445
gen_002947,downscale_512,-8.321166038513184
gen_002948,downscale_512,-10.775546073913574
gen_002949,downscale_512,-15.32249927520752
gen_002950,downscale_512,-6.598484039306641
gen_002951,downscale_512,-11.50268840789795
gen_002952,downscale_512,-10.47850513458252
gen_002953,downscale_512,-8.08340072631836
gen_002954,downscale_512,-6.398796081542969
gen_002955,downscale_512,-9.059514045715332
gen_002956,downscale_512,-12.739830017089844
gen_002957,downscale_512,-15.188318252563477
gen_002958,downscale_512,-12.517184257507324
gen_002959,downscale_512,-1.8038842678070068
gen_002960,downscale_512,-9.452923774719238
gen_002961,downscale_512,-16.029468536376953
gen_002962,downscale_512,-4.867325782775879
gen_002963,downscale_512,-12.28116512298584
gen_002964,downscale_512,-11.047361373901367
gen_002965,downscale_512,-11.789050102233887
gen_002966,downscale_512,-16.310129165649414
gen_002967,downscale_512,-7.191948890686035
gen_002968,downscale_512,-7.922394752502441
gen_002969,downscale_512,-12.839459419250488
gen_002970,downscale_512,-14.091032028198242
gen_002971,downscale_512,-13.57446575164795
gen_002972,downscale_512,-10.623125076293945
gen_002973,downscale_512,-17.11332130432129
gen_002974,downscale_512,-8.578934669494629
gen_002975,downscale_512,-7.356084823608398
gen_002976,downscale_512,-12.627507209777832
gen_002977,downscale_512,-10.285757064819336
gen_002978,downscale_512,-11.75611400604248
gen_002979,downscale_512,-11.061980247497559
gen_002980,downscale_512,-13.538817405700684
gen_002981,downscale_512,-9.239846229553223
gen_002982,downscale_512,-6.972620964050293
gen_002983,downscale_512,-10.00813102722168
gen_002984,downscale_512,-16.053760528564453
gen_002985,downscale_512,-12.051299095153809
gen_002986,downscale_512,-10.655664443969727
gen_002987,downscale_512,-6.185670852661133
gen_002988,downscale_512,-8.905659675598145
gen_002989,downscale_512,-9.696828842163086
gen_002990,downscale_512,-11.078869819641113
gen_002991,downscale_512,-13.268775939941406
gen_002992,downscale_512,-10.382416725158691
gen_002993,downscale_512,-5.410243034362793
gen_002994,downscale_512,-6.329315662384033
gen_002995,downscale_512,-15.930166244506836
gen_002996,downscale_512,-8.730978965759277
gen_002997,downscale_512,-16.156982421875
gen_002998,downscale_512,-11.376980781555176
gen_002999,downscale_512,-13.750299453735352
gen_003000,downscale_512,-14.763279914855957
gen_003001,downscale_512,-18.257349014282227
gen_003002,downscale_512,-15.32559871673584
gen_003003,downscale_512,-5.265338897705078
621167,center_square,12.609910011291504
780930,center_square,8.654741287231445
140859,center_square,8.624801635742188
1261919,center_square,10.617077827453613
464898,center_square,9.349385261535645
1186861,center_square,12.136980056762695
797190,center_square,13.295967102050781
838263,center_square,12.81018352508545
386688,center_square,11.70036506652832
1119392,center_square,10.430846214294434
647756,center_square,2.610382556915283
948753,center_square,8.901745796203613
598864,center_square,11.880816459655762
1021263,center_square,7.574129581451416
1006155,center_square,10.551972389221191
803689,center_square,5.155937671661377
908871,center_square,6.214851379394531
1056303,center_square,15.02255630493164
1244784,center_square,12.430065155029297
882202,center_square,13.383082389831543
1234200,center_square,10.878572463989258
910803,center_square,7.721078872680664
794285,center_square,8.589852333068848
513457,center_square,7.500972747802734
487524,center_square,12.831068992614746
384555,center_square,4.4742021560668945
383792,center_square,9.060050964355469
1122751,center_square,13.036819458007812
702818,center_square,8.387202262878418
1002337,center_square,3.9284024238586426
887906,center_square,10.122747421264648
707340,center_square,9.374921798706055
682959,center_square,5.713696479797363
909903,center_square,11.31765079498291
1065005,center_square,15.656142234802246
911557,center_square,11.559433937072754
1308759,center_square,4.915720462799072
396290,center_square,4.492531776428223
73290,center_square,2.9098598957061768
1096035,center_square,12.002340316772461
1325559,center_square,5.30881404876709
111255,center_square,10.398589134216309
871400,center_square,16.776521682739258
709252,center_square,6.183013916015625
946133,center_square,9.788232803344727
394048,center_square,10.412561416625977
756306,center_square,8.219132423400879
1054374,center_square,2.9238035678863525
187081,center_square,11.834996223449707
1169741,center_square,13.767473220825195
1093624,center_square,7.5058159828186035
581614,center_square,8.555344581604004
1220099,center_square,13.432093620300293
523014,center_square,5.228302001953125
1082948,center_square,10.32622241973877
914545,center_square,7.526442050933838
831716,center_square,3.2749085426330566
104498,center_square,7.816504955291748
677599,center_square,5.827293395996094
622131,center_square,11.315435409545898
937707,center_square,17.1967716217041
870960,center_square,10.621732711791992
930353,center_square,13.015271186828613
778526,center_square,9.889520645141602
340069,center_square,12.502978324890137
413443,center_square,12.07786750793457
1194110,center_square,8.296014785766602
211044,center_square,12.865077018737793
1311628,center_square,12.13369083404541
833367,center_square,13.407851219177246
762750,center_square,9.584160804748535
393045,center_square,9.447892189025879
1345189,center_square,9.563252449035645
103264,center_square,9.049010276794434
1293881,center_square,8.45228099822998
4380,center_square,5.558134078979492
507218,center_square,6.72955322265625
1152157,center_square,11.261889457702637
398197,center_square,9.62984561920166
490895,center_square,12.37524127960205
188418,center_square,7.260538578033447
621652,center_square,8.89745807647705
1291120,center_square,11.902241706848145
719945,center_square,15.332393646240234
442689,center_square,5.635154724121094
947195,center_square,8.022242546081543
1052154,center_square,17.117809295654297
136770,center_square,13.147154808044434
1325443,center_square,7.236867904663086
973737,center_square,8.048562049865723
539881,center_square,7.610518455505371
1267693,center_square,12.174920082092285
1227516,center_square,11.932594299316406
1042236,center_square,17.2023868560791
982108,center_square,12.426077842712402
437553,center_square,11.342835426330566
1219357,center_square,9.661797523498535
1322314,center_square,8.63732624053955
1014796,center_square,4.7101030349731445
1100727,center_square,4.158272743225098
609380,center_square,6.132930755615234
1250833,center_square,6.427340030670166
954884,center_square,9.6402006149292
919467,center_square,11.738398551940918
1104582,center_square,12.02553653717041
465643,center_square,7.070850849151611
409465,center_square,9.015278816223145
341819,center_square,5.996358871459961
981677,center_square,13.489715576171875
617987,center_square,5.325102806091309
678657,center_square,9.849957466125488
462619,center_square,9.793124198913574
375308,center_square,11.500518798828125
377397,center_square,12.141347885131836
355228,center_square,6.271278381347656
371987,center_square,11.886314392089844
1232525,center_square,8.355374336242676
1042574,center_square,4.408015727996826
769464,center_square,10.157668113708496
907321,center_square,7.9503173828125
545690,center_square,10.900839805603027
1027845,center_square,9.801493644714355
953935,center_square,12.565709114074707
933466,center_square,11.93798542022705
991792,center_square,13.124000549316406
764798,center_square,11.221748352050781
1087986,center_square,4.863171577453613
1108625,center_square,9.680636405944824
1113432,center_square,12.704093933105469
502810,center_square,4.750288009643555
801545,center_square,9.968496322631836
309442,center_square,5.4354119300842285
810874,center_square,9.99897289276123
492742,center_square,7.799921035766602
1156502,center_square,9.078936576843262
711110,center_square,9.341462135314941
1033017,center_square,8.692248344421387
366482,center_square,11.000911712646484
17471,center_square,8.21857738494873
835678,center_square,13.693106651306152
506162,center_square,13.593829154968262
210347,center_square,9.94259262084961
926260,center_square,12.360343933105469
729712,center_square,8.8068265914917
1175004,center_square,4.652528285980225
1173478,center_square,12.714055061340332
997622,center_square,12.0316162109375
372499,center_square,8.678757667541504
941251,center_square,9.306174278259277
373550,center_square,8.357044219970703
213494,center_square,10.806779861450195
1300741,center_square,10.50426197052002
675794,center_square,9.476701736450195
953534,center_square,9.026183128356934
1224082,center_square,4.878907203674316
1222319,center_square,8.247091293334961
704220,center_square,7.2287163734436035
1070784,center_square,8.254860877990723
926714,center_square,11.765162467956543
1003809,center_square,5.999912261962891
1053076,center_square,14.42518138885498
1172949,center_square,6.936491012573242
376249,center_square,10.385062217712402
949424,center_square,9.555277824401855
863183,center_square,12.845023155212402
760162,center_square,10.921442985534668
1059729,center_square,12.766742706298828
897281,center_square,7.685454845428467
1311559,center_square,2.8063764572143555
754093,center_square,11.745818138122559
926101,center_square,11.128483772277832
582178,center_square,6.733168601989746
1032814,center_square,2.719080686569214
1233583,center_square,7.62225866317749
820570,center_square,6.246699333190918
847169,center_square,10.564940452575684
986940,center_square,7.972063064575195
1152439,center_square,13.378117561340332
946010,center_square,13.705087661743164
323697,center_square,5.189322471618652
764150,center_square,10.385540962219238
818509,center_square,15.199501991271973
650017,center_square,6.651051044464111
1217119,center_square,11.28833293914795
1256142,center_square,9.09386920928955
841850,center_square,6.021003723144531
944543,center_square,13.144707679748535
1189369,center_square,10.694466590881348
954982,center_square,6.711870193481445
1298510,center_square,7.545157432556152
509376,center_square,10.911758422851562
929233,center_square,7.582050800323486
655112,center_square,7.928908348083496
1190371,center_square,8.660613059997559
1246902,center_square,8.13057804107666
715674,center_square,11.338119506835938
1248307,center_square,11.192346572875977
52856,center_square,5.05047082901001
1161486,center_square,7.444602966308594
2738,center_square,6.614391326904297
376491,center_square,9.378605842590332
1102478,center_square,5.834901809692383
846370,center_square,4.833996772766113
553052,center_square,10.180062294006348
750922,center_square,7.999410629272461
573848,center_square,8.41565227508545
384168,center_square,10.108403205871582
491172,center_square,9.601630210876465
490007,center_square,11.327392578125
268175,center_square,10.59865951538086
1103342,center_square,9.443546295166016
1220610,center_square,8.637262344360352
604361,center_square,10.535304069519043
853044,center_square,15.573073387145996
1056946,center_square,12.251992225646973
764938,center_square,8.962220191955566
371713,center_square,8.789311408996582
1180827,center_square,14.75593376159668
366642,center_square,7.868002891540527
952322,center_square,11.409207344055176
1275755,center_square,9.170869827270508
668661,center_square,6.496866226196289
377104,center_square,10.275067329406738
327196,center_square,7.291933536529541
460429,center_square,6.6602559089660645
470561,center_square,11.278518676757812
465842,center_square,8.844975471496582
461125,center_square,9.50943660736084
1310986,center_square,7.109916687011719
1101540,center_square,9.011034965515137
474556,center_square,9.761192321777344
457939,center_square,12.777639389038086
535434,center_square,8.6790132522583
534895,center_square,8.168195724487305
889498,center_square,10.803492546081543
1077317,center_square,7.481717586517334
1222892,center_square,14.711694717407227
358391,center_square,9.089941024780273
594254,center_square,7.654791355133057
466048,center_square,1.0372624397277832
527754,center_square,13.172213554382324
453886,center_square,7.219181060791016
467000,center_square,12.89191722869873
361022,center_square,7.355367660522461
534379,center_square,6.79753303527832
227741,center_square,5.8903303146362305
1004518,center_square,11.162705421447754
222720,center_square,12.699475288391113
1152564,center_square,10.57013988494873
1105529,center_square,14.862055778503418
421520,center_square,9.761033058166504
588350,center_square,9.580903053283691
955813,center_square,7.507145881652832
783080,center_square,8.529141426086426
447210,center_square,15.036919593811035
46777,center_square,7.479248523712158
1060000,center_square,10.903504371643066
447524,center_square,13.599011421203613
985917,center_square,9.227938652038574
1017237,center_square,10.637955665588379
1241284,center_square,12.4741849899292
904548,center_square,8.998536109924316
796892,center_square,9.64395809173584
899163,center_square,7.372265815734863
1150939,center_square,12.782450675964355
818048,center_square,13.786742210388184
1202156,center_square,8.510760307312012
686935,center_square,14.770010948181152
1137062,center_square,6.7250895500183105
567448,center_square,6.746918201446533
1286215,center_square,6.935983180999756
221072,center_square,10.910834312438965
1253792,center_square,11.353944778442383
535280,center_square,8.08304214477539
569890,center_square,12.977228164672852
913930,center_square,5.803956508636475
8114,center_square,13.034010887145996
1202099,center_square,8.23453140258789
459182,center_square,10.582009315490723
446590,center_square,11.211363792419434
976218,center_square,6.596052646636963
1319676,center_square,12.740578651428223
1240495,center_square,7.146726608276367
533393,center_square,10.413296699523926
861566,center_square,7.043999671936035
1076553,center_square,6.635431289672852
1203062,center_square,7.967717170715332
1325624,center_square,8.81362533569336
693257,center_square,12.453901290893555
1202756,center_square,4.37066125869751
917969,center_square,8.1655912399292
1106803,center_square,9.43720531463623
1097650,center_square,13.859705924987793
472770,center_square,9.327929496765137
971225,center_square,9.638328552246094
509808,center_square,10.095114707946777
771942,center_square,8.234332084655762
469372,center_square,7.024933338165283
836710,center_square,6.960609436035156
43479,center_square,9.931341171264648
917976,center_square,7.331582069396973
114940,center_square,6.843283176422119
1206283,center_square,10.328568458557129
57120,center_square,10.292449951171875
552584,center_square,5.385584831237793
1108540,center_square,10.203866004943848
1012096,center_square,9.741297721862793
1056078,center_square,10.297280311584473
468206,center_square,8.18051815032959
660751,center_square,6.097986221313477
572643,center_square,12.081957817077637
1329219,center_square,9.076753616333008
892858,center_square,10.306415557861328
830132,center_square,10.912829399108887
649469,center_square,13.837512016296387
922384,center_square,11.580437660217285
159711,center_square,6.834747791290283
1203419,center_square,4.131759166717529
460125,center_square,5.648882865905762
1284862,center_square,0.5093766450881958
662298,center_square,10.352309226989746
1099563,center_square,12.531620979309082
1339489,center_square,10.147660255432129
574597,center_square,9.357077598571777
453645,center_square,6.8657379150390625
534512,center_square,5.5298309326171875
1176325,center_square,13.443934440612793
448303,center_square,11.597105979919434
986966,center_square,8.319422721862793
1072945,center_square,11.486802101135254
531531,center_square,8.485357284545898
738347,center_square,8.783356666564941
797088,center_square,9.604653358459473
649893,center_square,11.007774353027344
781486,center_square,6.545936584472656
1200661,center_square,10.948431968688965
342103,center_square,10.621559143066406
317704,center_square,6.494056224822998
1217821,center_square,9.163337707519531
710049,center_square,12.805977821350098
204144,center_square,9.429068565368652
1208544,center_square,13.731541633605957
1265002,center_square,11.150650978088379
426492,center_square,11.93962287902832
1213455,center_square,5.788505554199219
323350,center_square,14.459765434265137
517965,center_square,5.366585731506348
816949,center_square,12.80918025970459
270171,center_square,7.567563056945801
263183,center_square,8.526220321655273
518611,center_square,10.198211669921875
1231839,center_square,12.48874568939209
205150,center_square,5.613705635070801
1216634,center_square,14.111044883728027
296302,center_square,13.624321937561035
1163161,center_square,11.370857238769531
1160776,center_square,9.578452110290527
404904,center_square,12.966268539428711
1272711,center_square,7.014431953430176
894964,center_square,7.936783790588379
962055,center_square,12.905102729797363
1261164,center_square,9.09154987335205
296278,center_square,14.46467113494873
1257150,center_square,11.190855979919434
956436,center_square,9.122023582458496
755684,center_square,14.626790046691895
102991,center_square,16.55223846435547
499541,center_square,5.1700968742370605
1215323,center_square,5.120748043060303
1149731,center_square,11.288935661315918
87955,center_square,9.452113151550293
1249266,center_square,10.203634262084961
1259497,center_square,7.974504470825195
1250142,center_square,6.72533655166626
103668,center_square,13.977839469909668
500899,center_square,13.634223937988281
1096482,center_square,11.541220664978027
340146,center_square,13.138596534729004
1211389,center_square,13.863146781921387
498936,center_square,7.750736236572266
1215165,center_square,11.41987419128418
1269212,center_square,8.31651782989502
103198,center_square,10.918009757995605
519699,center_square,12.426569938659668
520229,center_square,5.895742416381836
1274191,center_square,6.801303386688232
280614,center_square,9.502449989318848
328786,center_square,12.652142524719238
63137,center_square,8.916389465332031
1018410,center_square,13.444666862487793
1269377,center_square,13.103379249572754
1002057,center_square,11.187501907348633
155144,center_square,10.812308311462402
1346783,center_square,12.745024681091309
1163564,center_square,14.468239784240723
1161642,center_square,11.035390853881836
502448,center_square,15.678114891052246
1134351,center_square,10.486529350280762
767339,center_square,14.43461799621582
139562,center_square,15.416849136352539
327054,center_square,11.95053768157959
294571,center_square,13.39488697052002
1309485,center_square,7.984726905822754
501676,center_square,6.310979843139648
101424,center_square,2.1985554695129395
493559,center_square,14.537489891052246
769066,center_square,4.271944046020508
1250127,center_square,8.068989753723145
906195,center_square,4.757504463195801
723642,center_square,11.92880916595459
345071,center_square,7.720860004425049
950124,center_square,6.773336410522461
1218989,center_square,7.655011177062988
1263446,center_square,14.710219383239746
925205,center_square,11.45566463470459
1208414,center_square,7.648847579956055
688750,center_square,16.504348754882812
787129,center_square,13.07465648651123
425969,center_square,11.558623313903809
1135638,center_square,8.834232330322266
501544,center_square,12.776917457580566
816383,center_square,8.017016410827637
943119,center_square,14.409585952758789
669870,center_square,6.8182854652404785
499018,center_square,11.030790328979492
1110472,center_square,10.634981155395508
1015188,center_square,9.326637268066406
1274592,center_square,12.113593101501465
1271680,center_square,9.12879467010498
230111,center_square,11.588824272155762
1265642,center_square,9.310129165649414
717653,center_square,12.953471183776855
254247,center_square,7.981621265411377
1280461,center_square,9.793008804321289
17972,center_square,11.83402156829834
296322,center_square,11.533308982849121
426674,center_square,11.04737663269043
493518,center_square,11.001786231994629
427440,center_square,13.440703392028809
1041244,center_square,14.65109634399414
138895,center_square,10.709429740905762
522891,center_square,7.039245128631592
1224731,center_square,12.46430492401123
1104296,center_square,8.548022270202637
849929,center_square,9.293773651123047
830646,center_square,8.152798652648926
1161667,center_square,14.27876091003418
1224880,center_square,10.74890422821045
gen_000677,center_square,-10.617850303649902
gen_000680,center_square,-6.081643581390381
gen_000683,center_square,-6.803219795227051
gen_000686,center_square,-15.672831535339355
gen_000689,center_square,-9.7174711227417
gen_000692,center_square,-12.31977653503418
gen_000695,center_square,-11.651018142700195
gen_000698,center_square,-10.350537300109863
gen_000701,center_square,-3.670304536819458
gen_000704,center_square,-14.46208381652832
gen_000707,center_square,-16.032991409301758
gen_000710,center_square,-2.5371742248535156
gen_000713,center_square,-11.65571117401123
gen_000716,center_square,-16.077974319458008
gen_000719,center_square,-12.335480690002441
gen_000722,center_square,-8.376151084899902
gen_000725,center_square,-12.536293983459473
gen_000728,center_square,-5.844501495361328
gen_000731,center_square,-13.601210594177246
gen_000734,center_square,-7.899120330810547
gen_000737,center_square,-11.275223731994629
gen_000740,center_square,-11.429363250732422
gen_000796,center_square,-10.814340591430664
gen_000799,center_square,-6.1024370193481445
gen_000802,center_square,-10.332303047180176
gen_000805,center_square,-9.308069229125977
gen_000808,center_square,-9.518665313720703
gen_000811,center_square,-8.363834381103516
gen_000814,center_square,-3.961369037628174
gen_000817,center_square,-7.619897842407227
gen_000820,center_square,-9.332268714904785
gen_000823,center_square,-6.6207709312438965
gen_000826,center_square,-4.470174789428711
gen_000829,center_square,-11.113958358764648
gen_000832,center_square,-1.0125082731246948
gen_000835,center_square,-14.08376693725586
gen_000838,center_square,-7.940427780151367
gen_000841,center_square,-6.690880298614502
gen_000844,center_square,-9.162071228027344
gen_000847,center_square,-14.168879508972168
gen_000850,center_square,-1.8092091083526611
gen_000853,center_square,-11.971939086914062
gen_000856,center_square,-0.7202216386795044
gen_000859,center_square,-10.58607006072998
gen_000915,center_square,-15.607605934143066
gen_000918,center_square,-10.803118705749512
gen_000921,center_square,-7.294293403625488
gen_000924,center_square,-12.55776596069336
gen_000927,center_square,-15.471348762512207
gen_000930,center_square,-8.302536964416504
gen_000933,center_square,-11.938197135925293
gen_000936,center_square,-4.253208160400391
gen_000939,center_square,-9.727754592895508
gen_000942,center_square,-3.117520570755005
gen_000945,center_square,-10.676770210266113
gen_000948,center_square,-4.865567207336426
gen_000951,center_square,-9.866955757141113
gen_000954,center_square,-19.75188636779785
gen_000957,center_square,-15.366236686706543
gen_000960,center_square,-0.8531878590583801
gen_000963,center_square,-15.481917381286621
gen_000966,center_square,-8.763358116149902
gen_000969,center_square,-8.860776901245117
gen_000972,center_square,3.52386736869812
gen_000975,center_square,-13.671055793762207
gen_000978,center_square,-1.278515100479126
gen_001034,center_square,-1.409129023551941
gen_001037,center_square,-0.56966632604599
gen_001040,center_square,-8.53657341003418
gen_001043,center_square,-8.661946296691895
gen_001046,center_square,-11.17126178741455
gen_001049,center_square,-17.058860778808594
gen_001052,center_square,-16.74502944946289
gen_001055,center_square,-11.507220268249512
gen_001058,center_square,-6.5749006271362305
gen_001061,center_square,-12.779923439025879
gen_001064,center_square,-8.191838264465332
gen_001067,center_square,-12.516500473022461
gen_001070,center_square,-6.835310935974121
gen_001073,center_square,-11.214950561523438
gen_001076,center_square,-16.029762268066406
gen_001079,center_square,-8.233012199401855
gen_001082,center_square,-7.496490478515625
gen_001085,center_square,-1.5489951372146606
gen_001088,center_square,-8.118695259094238
gen_001091,center_square,-17.502885818481445
gen_001094,center_square,-12.109000205993652
gen_001097,center_square,-12.942082405090332
gen_001153,center_square,-15.69648265838623
gen_001156,center_square,-11.089016914367676
gen_001159,center_square,-11.861079216003418
gen_001162,center_square,-13.829764366149902
gen_001165,center_square,-13.39901065826416
gen_001168,center_square,-9.7205228805542
gen_001171,center_square,-11.839200019836426
gen_001174,center_square,-11.716740608215332
gen_001177,center_square,-9.653185844421387
gen_001180,center_square,-11.359272003173828
gen_001183,center_square,-10.725661277770996
gen_001186,center_square,-9.426161766052246
gen_001189,center_square,-8.333052635192871
gen_001192,center_square,-10.162928581237793
gen_001195,center_square,-5.034038543701172
gen_001198,center_square,-10.791725158691406
gen_001201,center_square,-8.07801342010498
gen_001204,center_square,-8.64415168762207
gen_001207,center_square,-6.415402412414551
gen_001210,center_square,-10.215603828430176
gen_001213,center_square,-8.180195808410645
gen_001216,center_square,-10.105989456176758
gen_001272,center_square,-1.007577896118164
gen_001275,center_square,-7.593585014343262
gen_001278,center_square,-1.6989244222640991
gen_001281,center_square,-9.979138374328613
gen_001284,center_square,-4.74403715133667
gen_001287,center_square,-10.9385347366333
gen_001290,center_square,-2.231738567352295
gen_001293,center_square,-8.506365776062012
gen_001296,center_square,-1.8496602773666382
gen_001299,center_square,-13.578804016113281
gen_001302,center_square,-7.037036895751953
gen_001305,center_square,-5.82260799407959
gen_001308,center_square,-5.803308486938477
gen_001311,center_square,-11.097732543945312
gen_001314,center_square,-10.315014839172363
gen_001317,center_square,-10.04787540435791
gen_001320,center_square,-7.319490909576416
gen_001323,center_square,-10.377248764038086
gen_001326,center_square,-5.1025800704956055
gen_001329,center_square,-2.9743964672088623
gen_001332,center_square,-2.8027422428131104
gen_001335,center_square,-8.71738052368164
gen_001391,center_square,-14.90963077545166
gen_001394,center_square,-6.959133148193359
gen_001397,center_square,-2.668527603149414
gen_001400,center_square,-12.594847679138184
gen_001403,center_square,-16.4493350982666
gen_001406,center_square,-9.280905723571777
gen_001409,center_square,0.30612125992774963
gen_001412,center_square,-4.593715190887451
gen_001415,center_square,-12.44809627532959
gen_001418,center_square,-10.718918800354004
gen_001421,center_square,-8.945597648620605
gen_001424,center_square,-11.472264289855957
gen_001427,center_square,-12.770829200744629
gen_001430,center_square,-2.0123817920684814
gen_001433,center_square,-9.180827140808105
gen_001436,center_square,-12.2506742477417
gen_001439,center_square,-6.79273796081543
gen_001442,center_square,-7.832919597625732
gen_001445,center_square,-18.607160568237305
gen_001448,center_square,-6.143481254577637
gen_001451,center_square,-11.304774284362793
gen_001454,center_square,-9.124852180480957
gen_001510,center_square,-2.362600564956665
gen_001513,center_square,-16.010913848876953
gen_001516,center_square,-14.25326919555664
gen_001519,center_square,-11.164401054382324
gen_001522,center_square,-1.8707013130187988
gen_001525,center_square,-11.703146934509277
gen_001528,center_square,-9.3930082321167
gen_001531,center_square,-10.4684476852417
gen_001534,center_square,-5.786355972290039
gen_001537,center_square,-6.220349311828613
gen_001540,center_square,-7.150056838989258
gen_001543,center_square,-13.86104679107666
gen_001546,center_square,-11.556471824645996
gen_001549,center_square,-13.924985885620117
gen_001552,center_square,-10.968636512756348
gen_001555,center_square,-7.8546061515808105
gen_001558,center_square,-10.233952522277832
gen_001561,center_square,-1.973965048789978
gen_001564,center_square,-12.268465995788574
gen_001567,center_square,-12.94726848602295
gen_001570,center_square,-7.45133113861084
gen_001573,center_square,-13.101794242858887
gen_001629,center_square,-14.522642135620117
gen_001632,center_square,-12.314718246459961
gen_001635,center_square,-13.879050254821777
gen_001638,center_square,-14.285758018493652
gen_001641,center_square,-9.494257926940918
gen_001644,center_square,-9.914562225341797
gen_001647,center_square,-9.446253776550293
gen_001650,center_square,-11.869885444641113
gen_001653,center_square,-10.176325798034668
gen_001656,center_square,-10.249202728271484
gen_001659,center_square,-18.085912704467773
gen_001662,center_square,-8.544690132141113
gen_001665,center_square,-14.221762657165527
gen_001668,center_square,-7.515285491943359
gen_001671,center_square,-14.810332298278809
gen_001674,center_square,-8.476781845092773
gen_001677,center_square,-9.486297607421875
gen_001680,center_square,-9.329054832458496
gen_001683,center_square,-8.076560974121094
gen_001686,center_square,-7.3795294761657715
gen_001689,center_square,-10.333619117736816
gen_001692,center_square,-17.45038414001465
gen_001748,center_square,-14.361429214477539
gen_001751,center_square,-14.761393547058105
gen_001754,center_square,-7.479020595550537
gen_001757,center_square,-13.681822776794434
gen_001760,center_square,-10.619757652282715
gen_001763,center_square,-10.46402645111084
gen_001766,center_square,-13.556918144226074
gen_001769,center_square,-14.439016342163086
gen_001772,center_square,-11.91903018951416
gen_001775,center_square,-11.702669143676758
gen_001778,center_square,-14.954361915588379
gen_001781,center_square,-9.247814178466797
gen_001784,center_square,-9.675748825073242
gen_001787,center_square,-14.03007984161377
gen_001790,center_square,-9.811686515808105
gen_001793,center_square,-10.401667594909668
gen_001796,center_square,-9.229714393615723
gen_001799,center_square,-14.523085594177246
gen_001802,center_square,-10.549568176269531
gen_001805,center_square,-12.408148765563965
gen_001808,center_square,-12.240080833435059
gen_001811,center_square,-13.342609405517578
gen_001867,center_square,-18.92184829711914
gen_001870,center_square,-6.811556816101074
gen_001873,center_square,-13.465081214904785
gen_001876,center_square,-12.583481788635254
gen_001879,center_square,-14.186456680297852
gen_001882,center_square,-9.987152099609375
gen_001885,center_square,-12.684066772460938
gen_001888,center_square,-4.905121803283691
gen_001891,center_square,-14.1935396194458
gen_001894,center_square,-9.299384117126465
gen_001897,center_square,-8.57699203491211
gen_001900,center_square,-8.869961738586426
gen_001903,center_square,-8.56862735748291
gen_001906,center_square,-16.257158279418945
gen_001909,center_square,-7.32966947555542
gen_001912,center_square,-8.785445213317871
gen_001915,center_square,-15.832985877990723
gen_001918,center_square,-16.56991958618164
gen_001921,center_square,-6.272719383239746
gen_001924,center_square,-11.302156448364258
gen_001927,center_square,-9.21823787689209
gen_001930,center_square,-9.894967079162598
gen_001986,center_square,-5.120338439941406
gen_001989,center_square,-16.398679733276367
gen_001992,center_square,-16.278419494628906
gen_001995,center_square,-8.941691398620605
gen_001998,center_square,-7.409778594970703
gen_002001,center_square,-17.204687118530273
gen_002004,center_square,-14.745308876037598
gen_002007,center_square,-10.756280899047852
gen_002010,center_square,-6.030525207519531
gen_002013,center_square,-15.22324275970459
gen_002016,center_square,-9.454367637634277
gen_002019,center_square,-9.626672744750977
gen_002022,center_square,-13.149064064025879
gen_002025,center_square,-14.005913734436035
gen_002028,center_square,-5.855930328369141
gen_002031,center_square,-11.137405395507812
gen_002034,center_square,-11.06782054901123
gen_002037,center_square,-9.017815589904785
gen_002040,center_square,-6.005274772644043
gen_002043,center_square,-11.474404335021973
gen_002046,center_square,-15.764105796813965
gen_002049,center_square,-8.293429374694824
gen_002105,center_square,-14.546788215637207
gen_002108,center_square,-10.345361709594727
gen_002111,center_square,-12.741864204406738
gen_002114,center_square,-8.629621505737305
gen_002117,center_square,-11.333083152770996
gen_002120,center_square,-12.39404296875
gen_002123,center_square,-10.741179466247559
gen_002126,center_square,-10.680264472961426
gen_002129,center_square,-8.634420394897461
gen_002132,center_square,-11.862692832946777
gen_002135,center_square,-15.588067054748535
gen_002138,center_square,-6.662581920623779
gen_002141,center_square,-15.527856826782227
gen_002144,center_square,-12.397322654724121
gen_002147,center_square,-12.309182167053223
gen_002150,center_square,-6.850621700286865
gen_002153,center_square,-8.57390308380127
gen_002156,center_square,-7.092947959899902
gen_002159,center_square,-14.453873634338379
gen_002162,center_square,-8.885635375976562
gen_002165,center_square,-7.320621967315674
gen_002168,center_square,-11.60025691986084
gen_002224,center_square,-9.744034767150879
gen_002227,center_square,-10.80942440032959
gen_002230,center_square,-8.710562705993652
gen_002233,center_square,-13.046293258666992
gen_002236,center_square,-11.762707710266113
gen_002239,center_square,-15.924239158630371
gen_002242,center_square,-10.269379615783691
gen_002245,center_square,-12.4334135055542
gen_002248,center_square,-14.372056007385254
gen_002251,center_square,-8.014967918395996
gen_002254,center_square,-9.796957969665527
gen_002257,center_square,-14.08631420135498
gen_002260,center_square,-8.036977767944336
gen_002263,center_square,-13.243879318237305
gen_002266,center_square,-10.214673042297363
gen_002269,center_square,-14.522273063659668
gen_002272,center_square,-7.214134693145752
gen_002275,center_square,-10.343953132629395
gen_002278,center_square,-3.2590787410736084
gen_002281,center_square,-8.781412124633789
gen_002284,center_square,-7.419748306274414
gen_002287,center_square,-13.915690422058105
gen_002343,center_square,-12.664217948913574
gen_002346,center_square,-11.034735679626465
gen_002349,center_square,-12.392938613891602
gen_002352,center_square,-13.794583320617676
gen_002355,center_square,-12.826069831848145
gen_002358,center_square,-8.201257705688477
gen_002361,center_square,-14.392311096191406
gen_002364,center_square,-5.624886989593506
gen_002367,center_square,-13.102904319763184
gen_002370,center_square,-10.595973014831543
gen_002373,center_square,-11.90731143951416
gen_002376,center_square,-12.799461364746094
gen_002379,center_square,-14.98393726348877
gen_002382,center_square,-10.004094123840332
gen_002385,center_square,-14.506609916687012
gen_002388,center_square,-9.670783996582031
gen_002391,center_square,-17.543323516845703
gen_002394,center_square,-13.512211799621582
gen_002397,center_square,-7.185329437255859
gen_002400,center_square,-9.450108528137207
gen_002403,center_square,-13.489203453063965
gen_002406,center_square,-11.744185447692871
gen_002462,center_square,-10.122109413146973
gen_002465,center_square,-11.729876518249512
gen_002468,center_square,-15.042137145996094
gen_002471,center_square,-4.241154670715332
gen_002474,center_square,-6.062872886657715
gen_002477,center_square,-15.692026138305664
gen_002480,center_square,-18.411745071411133
gen_002483,center_square,-8.224592208862305
gen_002486,center_square,-8.272506713867188
gen_002489,center_square,-17.94525718688965
gen_002492,center_square,-8.499309539794922
gen_002495,center_square,-11.596590042114258
gen_002498,center_square,-12.478304862976074
gen_002501,center_square,-15.952293395996094
gen_002504,center_square,-13.502697944641113
gen_002507,center_square,-10.413960456848145
gen_002510,center_square,-14.735482215881348
gen_002513,center_square,-9.048877716064453
gen_002516,center_square,-7.774190902709961
gen_002519,center_square,-14.319025993347168
gen_002522,center_square,-17.747222900390625
gen_002525,center_square,-14.969388961791992
gen_000500,center_square,-9.81750202178955
gen_000501,center_square,-11.14223861694336
gen_000502,center_square,-5.918227195739746
gen_000503,center_square,-12.292295455932617
gen_000504,center_square,1.2518062591552734
gen_000505,center_square,-7.648807048797607
gen_000506,center_square,-7.938817977905273
gen_000507,center_square,-9.391497611999512
gen_000508,center_square,-10.988897323608398
gen_000509,center_square,-2.587453842163086
gen_000510,center_square,-10.709575653076172
gen_000511,center_square,-4.3288655281066895
gen_000512,center_square,-4.22079610824585
gen_000513,center_square,-9.86945915222168
gen_000514,center_square,-10.778361320495605
gen_000515,center_square,-16.364789962768555
gen_000516,center_square,-13.920982360839844
gen_000517,center_square,-14.992024421691895
gen_000518,center_square,-9.171106338500977
gen_000519,center_square,-8.704120635986328
gen_000520,center_square,-9.247706413269043
gen_000521,center_square,-6.932713985443115
gen_000522,center_square,-14.6526517868042
gen_000523,center_square,-5.12164831161499
gen_000524,center_square,-9.030989646911621
gen_000525,center_square,-7.899389266967773
gen_000526,center_square,-5.10597038269043
gen_000527,center_square,-9.635542869567871
gen_000528,center_square,-7.54844331741333
gen_000529,center_square,-14.453761100769043
gen_000530,center_square,-8.321349143981934
gen_000531,center_square,-6.959559440612793
gen_000532,center_square,-4.72320032119751
gen_000533,center_square,-4.04754638671875
gen_000534,center_square,-5.971376419067383
gen_000535,center_square,-10.722395896911621
gen_000536,center_square,-11.56213092803955
gen_000537,center_square,-6.600069046020508
gen_000538,center_square,-6.175698280334473
gen_000539,center_square,-7.082722187042236
gen_000540,center_square,-3.273026704788208
gen_000541,center_square,-10.4009428024292
gen_000542,center_square,-11.94036865234375
gen_000543,center_square,-3.5565876960754395
gen_000544,center_square,-0.8801331520080566
gen_000545,center_square,-11.89635944366455
gen_000546,center_square,6.4676194190979
gen_000547,center_square,1.3115718364715576
gen_000548,center_square,-4.829739570617676
gen_000549,center_square,-2.7022182941436768
gen_000550,center_square,-2.7026021480560303
gen_000551,center_square,-1.3025542497634888
gen_000552,center_square,-6.237759590148926
gen_000553,center_square,-9.504383087158203
gen_000554,center_square,-1.9417226314544678
gen_000555,center_square,-10.490418434143066
gen_000556,center_square,-7.352484226226807
gen_000557,center_square,-7.691989898681641
gen_000558,center_square,-7.624422073364258
gen_000559,center_square,-14.902297019958496
gen_000560,center_square,-8.801576614379883
gen_000561,center_square,-3.1032192707061768
gen_000562,center_square,-8.892733573913574
gen_000563,center_square,-12.890364646911621
gen_000564,center_square,-9.138871192932129
gen_000565,center_square,-6.933476448059082
gen_000566,center_square,-9.96039867401123
gen_000567,center_square,-10.59964656829834
gen_000568,center_square,-6.246798515319824
gen_000569,center_square,-9.629744529724121
gen_000570,center_square,-12.010554313659668
gen_000571,center_square,-7.762673377990723
gen_000572,center_square,-8.930862426757812
gen_000573,center_square,-14.980742454528809
gen_000574,center_square,-10.788813591003418
gen_000575,center_square,-15.544299125671387
gen_000576,center_square,-2.626479387283325
gen_000577,center_square,-16.264053344726562
gen_000578,center_square,-6.601495742797852
gen_000579,center_square,-4.002673149108887
gen_000580,center_square,-9.72600269317627
gen_000581,center_square,-1.4727057218551636
gen_000582,center_square,-14.558470726013184
gen_000583,center_square,-15.125299453735352
gen_000584,center_square,-8.333953857421875
gen_000585,center_square,-8.260727882385254
gen_000586,center_square,-13.058144569396973
gen_000587,center_square,-12.238870620727539
gen_000588,center_square,-8.672942161560059
gen_000589,center_square,-15.24832820892334
gen_000590,center_square,-9.408162117004395
gen_000591,center_square,-8.889866828918457
gen_000592,center_square,-14.293539047241211
gen_000593,center_square,-5.617069244384766
gen_000594,center_square,-11.459300994873047
gen_000595,center_square,-10.654996871948242
gen_000596,center_square,-7.767119407653809
gen_000597,center_square,-14.525081634521484
gen_000598,center_square,-9.33431339263916
gen_000599,center_square,-2.020117998123169
gen_000600,center_square,-3.857808828353882
gen_000601,center_square,-12.686322212219238
gen_000602,center_square,-9.334686279296875
gen_000603,center_square,-6.436065673828125
gen_000604,center_square,-3.906815528869629
gen_000605,center_square,-7.434269428253174
gen_000606,center_square,-8.192997932434082
gen_000607,center_square,-19.075910568237305
gen_000608,center_square,0.4327564239501953
gen_000609,center_square,-6.864120960235596
gen_000610,center_square,-5.938945293426514
gen_000611,center_square,-12.53113079071045
gen_000612,center_square,-9.423498153686523
gen_000613,center_square,-9.154166221618652
gen_000614,center_square,-9.658125877380371
gen_000615,center_square,-8.183377265930176
gen_000616,center_square,-6.824732780456543
gen_000617,center_square,-11.201781272888184
gen_000618,center_square,-8.001543998718262
gen_000619,center_square,-1.8916902542114258
gen_000620,center_square,-13.054965019226074
gen_000621,center_square,-10.741318702697754
gen_000622,center_square,-5.936489105224609
gen_000623,center_square,-16.31052589416504
gen_002528,center_square,-7.5805253982543945
gen_002529,center_square,-11.105338096618652
gen_002530,center_square,-11.706255912780762
gen_002531,center_square,-8.5787353515625
gen_002532,center_square,0.4976281523704529
gen_002533,center_square,-3.1973140239715576
gen_002534,center_square,-12.551279067993164
gen_002535,center_square,-9.63242244720459
gen_002536,center_square,-12.461503028869629
gen_002537,center_square,-3.742440700531006
gen_002538,center_square,-8.523819923400879
gen_002539,center_square,-9.920167922973633
gen_002540,center_square,-12.960663795471191
gen_002541,center_square,-4.2422776222229
gen_002542,center_square,-11.621061325073242
gen_002543,center_square,-1.383244514465332
gen_002544,center_square,-10.04918098449707
gen_002545,center_square,-12.522725105285645
gen_002546,center_square,-3.4034459590911865
gen_002547,center_square,-7.611965179443359
gen_002548,center_square,-2.2328877449035645
gen_002549,center_square,-8.093707084655762
gen_002550,center_square,-5.1979804039001465
gen_002551,center_square,-13.302937507629395
gen_002552,center_square,-10.337576866149902
gen_002553,center_square,-6.978323459625244
gen_002554,center_square,-3.2704386711120605
gen_002555,center_square,-14.753844261169434
gen_002556,center_square,-12.099871635437012
gen_002557,center_square,-2.9159610271453857
gen_002558,center_square,-15.607333183288574
gen_002559,center_square,-9.36062240600586
gen_002560,center_square,-10.195265769958496
gen_002561,center_square,-9.491827964782715
gen_002562,center_square,-8.582947731018066
gen_002563,center_square,-10.197943687438965
gen_002564,center_square,-6.7664103507995605
gen_002565,center_square,-6.8032660484313965
gen_002566,center_square,-7.181209564208984
gen_002567,center_square,-4.7775959968566895
gen_002568,center_square,-6.570545196533203
gen_002569,center_square,-12.221540451049805
gen_002570,center_square,-12.333446502685547
gen_002571,center_square,-16.785362243652344
gen_002572,center_square,-11.749577522277832
gen_002573,center_square,-11.083942413330078
gen_002574,center_square,-4.534429550170898
gen_002575,center_square,-15.388075828552246
gen_002576,center_square,-8.960877418518066
gen_002577,center_square,-7.273204326629639
gen_002578,center_square,-6.089938163757324
gen_002579,center_square,-5.262639999389648
gen_002580,center_square,-11.096246719360352
gen_002581,center_square,-12.11902904510498
gen_002582,center_square,-6.060325622558594
gen_002583,center_square,-6.987276554107666
gen_002584,center_square,-13.673501014709473
gen_002585,center_square,-11.165665626525879
gen_002586,center_square,-14.399066925048828
gen_002587,center_square,-11.070241928100586
gen_002588,center_square,-8.87620735168457
gen_002589,center_square,-5.096455097198486
gen_002590,center_square,-8.595706939697266
gen_002591,center_square,-11.785890579223633
gen_002592,center_square,-6.936189651489258
gen_002593,center_square,-10.283669471740723
gen_002594,center_square,-8.061758995056152
gen_002595,center_square,-2.9829790592193604
gen_002596,center_square,-8.372922897338867
gen_002597,center_square,-10.483492851257324
gen_002598,center_square,-6.1352996826171875
gen_002599,center_square,-9.24435043334961
gen_002600,center_square,-10.97774887084961
gen_002601,center_square,-10.713132858276367
gen_002602,center_square,-7.989745140075684
gen_002603,center_square,-6.683737754821777
gen_002604,center_square,-17.803754806518555
gen_002605,center_square,-13.266229629516602
gen_002606,center_square,-7.2528076171875
gen_002607,center_square,-9.777382850646973
gen_002608,center_square,-15.101037979125977
gen_002609,center_square,-9.288073539733887
gen_002610,center_square,-8.676863670349121
gen_002611,center_square,-15.254590034484863
gen_002612,center_square,-14.289071083068848
gen_002613,center_square,-10.686697959899902
gen_002614,center_square,0.9100471138954163
gen_002615,center_square,-15.11253547668457
gen_002616,center_square,-3.9241039752960205
gen_002617,center_square,-2.8293838500976562
gen_002618,center_square,-2.4065182209014893
gen_002619,center_square,-6.380537986755371
gen_002620,center_square,-8.968772888183594
gen_002621,center_square,-8.329771995544434
gen_002622,center_square,-11.677613258361816
gen_002623,center_square,-13.513853073120117
gen_002624,center_square,-8.042872428894043
gen_002625,center_square,-6.901333808898926
gen_002626,center_square,-10.644848823547363
gen_002627,center_square,-5.133797645568848
gen_002628,center_square,-9.68864917755127
gen_002629,center_square,-9.945303916931152
gen_002630,center_square,-8.45811939239502
gen_002631,center_square,-8.948862075805664
gen_002632,center_square,-4.850656032562256
gen_002633,center_square,-3.112046480178833
gen_002634,center_square,-9.624659538269043
gen_002635,center_square,-7.9988203048706055
gen_002636,center_square,-0.7774590253829956
gen_002637,center_square,-14.436352729797363
gen_002638,center_square,-8.940818786621094
gen_002639,center_square,-4.183384895324707
gen_002640,center_square,-4.46742582321167
gen_002641,center_square,-9.518085479736328
gen_002642,center_square,-3.873239278793335
gen_002643,center_square,-10.789681434631348
gen_002644,center_square,-11.4995698928833
gen_002645,center_square,-7.597476005554199
gen_002646,center_square,-3.940840482711792
gen_002647,center_square,-4.543628692626953
gen_002648,center_square,-8.698182106018066
gen_002649,center_square,-8.50789737701416
gen_002650,center_square,1.7746641635894775
gen_002651,center_square,-14.99937915802002
gen_002652,center_square,-7.269507884979248
gen_002653,center_square,-7.770843505859375
gen_002654,center_square,-3.9017865657806396
gen_002655,center_square,-4.592918872833252
gen_002656,center_square,-7.21309757232666
gen_002657,center_square,-4.654240131378174
gen_002658,center_square,-6.867050647735596
gen_002659,center_square,-9.779417991638184
gen_002660,center_square,-10.253436088562012
gen_002661,center_square,-8.95138168334961
gen_002662,center_square,0.03763139620423317
gen_002663,center_square,-8.187593460083008
gen_002664,center_square,-11.649673461914062
gen_002665,center_square,-7.220309257507324
gen_002666,center_square,-7.867889404296875
gen_002667,center_square,-4.825366973876953
gen_002668,center_square,-1.2236688137054443
gen_002669,center_square,-9.625566482543945
gen_002670,center_square,-7.508667469024658
gen_002671,center_square,-1.0303471088409424
gen_002672,center_square,-7.427878379821777
gen_002673,center_square,-2.211435079574585
gen_002674,center_square,-5.068060398101807
gen_002675,center_square,-3.616189479827881
gen_002676,center_square,-7.851036071777344
gen_002677,center_square,-0.8020168542861938
gen_002678,center_square,-5.21303653717041
gen_002679,center_square,1.1892338991165161
gen_002680,center_square,-1.8404998779296875
gen_002681,center_square,-4.026820182800293
gen_002682,center_square,0.37427979707717896
gen_002683,center_square,-3.564619302749634
gen_002684,center_square,-12.104171752929688
gen_002685,center_square,-11.823616981506348
gen_002686,center_square,-2.13263201713562
gen_002687,center_square,-2.722217082977295
gen_002688,center_square,-6.158652305603027
gen_002689,center_square,-10.09377384185791
gen_002690,center_square,-9.134756088256836
gen_002691,center_square,-7.377220153808594
gen_002692,center_square,-1.6379339694976807
gen_002693,center_square,-0.12375307083129883
gen_002694,center_square,-10.657000541687012
gen_002695,center_square,-11.399782180786133
gen_002696,center_square,0.03890508785843849
gen_002697,center_square,-4.968627452850342
gen_002698,center_square,-1.3187403678894043
gen_002699,center_square,-8.812355995178223
gen_002700,center_square,-5.353748321533203
gen_002701,center_square,-1.8432660102844238
gen_002702,center_square,2.771357536315918
gen_002703,center_square,-10.470170974731445
gen_002704,center_square,-11.111348152160645
gen_002705,center_square,-6.708049774169922
gen_002706,center_square,5.112462043762207
gen_002707,center_square,-12.431517601013184
gen_002708,center_square,-0.7077785730361938
gen_002709,center_square,-5.271830081939697
gen_002710,center_square,-7.365392684936523
gen_002711,center_square,-4.730923652648926
gen_002712,center_square,-12.132722854614258
gen_002713,center_square,-1.187538981437683
gen_002714,center_square,-3.824925661087036
gen_002715,center_square,-6.939942359924316
gen_002716,center_square,-10.335898399353027
gen_002717,center_square,-7.784756183624268
gen_002718,center_square,-7.367176532745361
gen_002719,center_square,-9.448870658874512
gen_002720,center_square,-3.107452154159546
gen_002721,center_square,-3.8248398303985596
gen_002722,center_square,-7.58305549621582
gen_002723,center_square,0.21981394290924072
gen_002724,center_square,-9.977375984191895
gen_002725,center_square,-10.78585433959961
gen_002726,center_square,-11.576340675354004
gen_002727,center_square,4.055167198181152
gen_002728,center_square,-4.283884048461914
gen_002729,center_square,-11.193095207214355
gen_002730,center_square,-2.160207986831665
gen_002731,center_square,0.7794358134269714
gen_002732,center_square,-8.479464530944824
gen_002733,center_square,-9.061541557312012
gen_002734,center_square,-0.20852911472320557
gen_002735,center_square,-10.914969444274902
gen_002736,center_square,3.5274715423583984
gen_002737,center_square,-6.417577743530273
gen_002738,center_square,3.508911609649658
gen_002739,center_square,-12.462878227233887
gen_002740,center_square,-10.563921928405762
gen_002741,center_square,-10.288496017456055
gen_002742,center_square,-6.134671211242676
gen_002743,center_square,-11.367079734802246
gen_002744,center_square,3.891005039215088
gen_002745,center_square,-9.035343170166016
gen_002746,center_square,-0.366416335105896
gen_002747,center_square,-8.032225608825684
gen_002748,center_square,-11.004755973815918
gen_002749,center_square,-3.091761350631714
gen_002750,center_square,-9.002760887145996
gen_002751,center_square,-8.341910362243652
gen_002752,center_square,-8.679649353027344
gen_002753,center_square,-1.0722770690917969
gen_002754,center_square,0.29923373460769653
gen_002755,center_square,-4.698897361755371
gen_002756,center_square,-3.5643181800842285
gen_002757,center_square,-3.664597272872925
gen_002758,center_square,-3.194396734237671
gen_002759,center_square,0.5085954070091248
gen_002760,center_square,-4.854114532470703
gen_002761,center_square,-1.7354249954223633
gen_002762,center_square,1.0433598756790161
gen_002763,center_square,-15.949946403503418
gen_002764,center_square,-3.180194139480591
gen_002765,center_square,-7.883107662200928
gen_002766,center_square,-7.74649715423584
gen_002767,center_square,-7.871101379394531
gen_002768,center_square,-4.538783073425293
gen_002769,center_square,-10.435622215270996
gen_002770,center_square,-10.745885848999023
gen_002771,center_square,-5.984055519104004
gen_002772,center_square,-7.674456596374512
gen_002773,center_square,-7.60544490814209
gen_002774,center_square,-13.052680015563965
gen_002775,center_square,-14.879609107971191
gen_002776,center_square,-6.186534404754639
gen_002777,center_square,-14.890417098999023
gen_002778,center_square,0.7100746631622314
gen_002779,center_square,-14.747912406921387
gen_002780,center_square,-7.101901054382324
gen_002781,center_square,-14.427811622619629
gen_002782,center_square,-9.846781730651855
gen_002783,center_square,-13.7936372756958
gen_002784,center_square,-14.44570255279541
gen_002785,center_square,-11.007648468017578
gen_002786,center_square,2.3777835369110107
gen_002787,center_square,-19.15381622314453
gen_002788,center_square,-13.188176155090332
gen_002789,center_square,-11.029279708862305
gen_002790,center_square,-6.585234642028809
gen_002791,center_square,-7.71110725402832
gen_002792,center_square,-12.99281120300293
gen_002793,center_square,-13.088391304016113
gen_002794,center_square,-10.846644401550293
gen_002795,center_square,-16.499845504760742
gen_002796,center_square,-6.751771926879883
gen_002797,center_square,-10.025528907775879
gen_002798,center_square,-11.775227546691895
gen_002799,center_square,-11.364374160766602
gen_002800,center_square,-14.794445991516113
gen_002801,center_square,-4.709885597229004
gen_002802,center_square,-6.142424583435059
gen_002803,center_square,-11.918030738830566
gen_002804,center_square,-9.943799018859863
gen_002805,center_square,-8.934866905212402
gen_002806,center_square,-13.33035945892334
gen_002807,center_square,-6.937991142272949
gen_002808,center_square,-10.68730354309082
gen_002809,center_square,-4.862438678741455
gen_002810,center_square,-6.013453483581543
gen_002811,center_square,-9.850523948669434
gen_002812,center_square,-11.015999794006348
gen_002813,center_square,2.5940048694610596
gen_002814,center_square,0.19975852966308594
gen_002815,center_square,-10.599011421203613
gen_002816,center_square,-6.784267425537109
gen_002817,center_square,-11.498215675354004
gen_002818,center_square,-7.0047454833984375
gen_002819,center_square,-13.74083137512207
gen_002820,center_square,-9.245414733886719
gen_002821,center_square,-12.199894905090332
gen_002822,center_square,-13.605509757995605
gen_002823,center_square,-11.229233741760254
gen_002824,center_square,-7.81644344329834
gen_002825,center_square,-8.670084953308105
gen_002826,center_square,-10.837384223937988
gen_002827,center_square,-8.207566261291504
gen_002828,center_square,-8.865927696228027
gen_002829,center_square,-17.199026107788086
gen_002830,center_square,-12.164759635925293
gen_002831,center_square,-8.989936828613281
gen_002832,center_square,-13.089970588684082
gen_002833,center_square,-3.678640842437744
gen_002834,center_square,-8.500202178955078
gen_002835,center_square,-8.669739723205566
gen_002836,center_square,-9.61027717590332
gen_002837,center_square,-18.297822952270508
gen_002838,center_square,-11.293336868286133
gen_002839,center_square,-6.312443733215332
gen_002840,center_square,-10.409100532531738
gen_002841,center_square,-6.412025451660156
gen_002842,center_square,-7.528212547302246
gen_002843,center_square,-9.721625328063965
gen_002844,center_square,-6.7837324142456055
gen_002845,center_square,-11.020554542541504
gen_002846,center_square,-10.105928421020508
gen_002847,center_square,-10.253767013549805
gen_002848,center_square,-8.052752494812012
gen_002849,center_square,-11.466897010803223
gen_002850,center_square,-12.962406158447266
gen_002851,center_square,-14.908442497253418
gen_002852,center_square,-9.364592552185059
gen_002853,center_square,-8.368121147155762
gen_002854,center_square,-7.328258514404297
gen_002855,center_square,-11.007506370544434
gen_002856,center_square,-12.619780540466309
gen_002857,center_square,-8.735974311828613
gen_002858,center_square,-0.6853419542312622
gen_002859,center_square,-7.564419746398926
gen_002860,center_square,-10.85096263885498
gen_002861,center_square,-18.31166648864746
gen_002862,center_square,0.4102354645729065
gen_002863,center_square,-9.911787033081055
gen_002864,center_square,-11.634242057800293
gen_002865,center_square,-8.790129661560059
gen_002866,center_square,-1.8925219774246216
gen_002867,center_square,-10.100014686584473
gen_002868,center_square,-11.665745735168457
gen_002869,center_square,-9.420655250549316
gen_002870,center_square,-8.928057670593262
gen_002871,center_square,-3.09468936920166
gen_002872,center_square,-9.842068672180176
gen_002873,center_square,-6.941361427307129
gen_002874,center_square,-11.745635032653809
gen_002875,center_square,-16.87757110595703
gen_002876,center_square,-7.57690954208374
gen_002877,center_square,-7.053966522216797
gen_002878,center_square,-7.9272918701171875
gen_002879,center_square,-9.565251350402832
gen_002880,center_square,-8.080485343933105
gen_002881,center_square,-12.640630722045898
gen_002882,center_square,-8.715764999389648
gen_002883,center_square,-8.9629545211792
gen_002884,center_square,-8.46378231048584
gen_002885,center_square,-11.357398986816406
gen_002886,center_square,-6.707647323608398
gen_002887,center_square,-14.20034408569336
gen_002888,center_square,-10.668734550476074
gen_002889,center_square,-10.072978973388672
gen_002890,center_square,-13.906216621398926
gen_002891,center_square,-14.505210876464844
gen_002892,center_square,-12.450157165527344
gen_002893,center_square,-8.000946998596191
gen_002894,center_square,-5.015222549438477
gen_002895,center_square,-14.793758392333984
gen_002896,center_square,-11.115005493164062
gen_002897,center_square,-10.458240509033203
gen_002898,center_square,-8.901338577270508
gen_002899,center_square,-7.369646072387695
gen_002900,center_square,-0.5753344297409058
gen_002901,center_square,-7.749058723449707
gen_002902,center_square,-14.886197090148926
gen_002903,center_square,-8.143110275268555
gen_002904,center_square,-14.64331340789795
gen_002905,center_square,-10.654467582702637
gen_002906,center_square,-7.786778926849365
gen_002907,center_square,-14.294092178344727
gen_002908,center_square,-1.292434573173523
gen_002909,center_square,-12.608759880065918
gen_002910,center_square,-10.165456771850586
gen_002911,center_square,-10.928404808044434
gen_002912,center_square,-1.6679638624191284
gen_002913,center_square,-12.38097095489502
gen_002914,center_square,-19.813636779785156
gen_002915,center_square,-11.63201904296875
gen_002916,center_square,-8.727958679199219
gen_002917,center_square,-9.118203163146973
gen_002918,center_square,-11.529525756835938
gen_002919,center_square,-12.731866836547852
gen_002920,center_square,-8.118203163146973
gen_002921,center_square,-7.783755302429199
gen_002922,center_square,-16.719274520874023
gen_002923,center_square,-11.057072639465332
gen_002924,center_square,1.378083348274231
gen_002925,center_square,-11.48725700378418
gen_002926,center_square,-15.1272554397583
gen_002927,center_square,-15.219271659851074
gen_002928,center_square,-13.623194694519043
gen_002929,center_square,-7.556130886077881
gen_002930,center_square,-10.423293113708496
gen_002931,center_square,-6.756941795349121
gen_002932,center_square,-10.940150260925293
gen_002933,center_square,-13.74895191192627
gen_002934,center_square,-5.810308456420898
gen_002935,center_square,-8.150875091552734
gen_002936,center_square,-6.171976566314697
gen_002937,center_square,-9.241168022155762
gen_002938,center_square,-7.400096893310547
gen_002939,center_square,-10.409015655517578
gen_002940,center_square,-8.896560668945312
gen_002941,center_square,-13.038795471191406
gen_002942,center_square,-13.543210983276367
gen_002943,center_square,-11.63713264465332
gen_002944,center_square,-8.85880184173584
gen_002945,center_square,-3.4555087089538574
gen_002946,center_square,-5.325148582458496
gen_002947,center_square,-8.410929679870605
gen_002948,center_square,-9.1848726272583
gen_002949,center_square,-15.165458679199219
gen_002950,center_square,-5.844480514526367
gen_002951,center_square,-11.337838172912598
gen_002952,center_square,-9.198840141296387
gen_002953,center_square,-8.194531440734863
gen_002954,center_square,-4.025662422180176
gen_002955,center_square,-9.098539352416992
gen_002956,center_square,-13.657482147216797
gen_002957,center_square,-15.16528606414795
gen_002958,center_square,-11.772448539733887
gen_002959,center_square,-2.0649681091308594
gen_002960,center_square,-3.774549722671509
gen_002961,center_square,-15.841318130493164
gen_002962,center_square,-6.723615646362305
gen_002963,center_square,-12.404491424560547
gen_002964,center_square,-9.26621150970459
gen_002965,center_square,-11.746722221374512
gen_002966,center_square,-17.462400436401367
gen_002967,center_square,-6.885170936584473
gen_002968,center_square,-8.099119186401367
gen_002969,center_square,-12.693503379821777
gen_002970,center_square,-12.435996055603027
gen_002971,center_square,-13.479541778564453
gen_002972,center_square,-10.397842407226562
gen_002973,center_square,-17.11754608154297
gen_002974,center_square,-6.941886901855469
gen_002975,center_square,-7.430285930633545
gen_002976,center_square,-11.23622989654541
gen_002977,center_square,-10.40048885345459
gen_002978,center_square,-11.767918586730957
gen_002979,center_square,-11.023446083068848
gen_002980,center_square,-13.441428184509277
gen_002981,center_square,-9.37966251373291
gen_002982,center_square,-5.161495685577393
gen_002983,center_square,-10.131270408630371
gen_002984,center_square,-15.162930488586426
gen_002985,center_square,-12.043229103088379
gen_002986,center_square,-8.897942543029785
gen_002987,center_square,-6.15169095993042
gen_002988,center_square,-7.513360977172852
gen_002989,center_square,-9.834212303161621
gen_002990,center_square,-7.579686641693115
gen_002991,center_square,-13.357253074645996
gen_002992,center_square,-9.330116271972656
gen_002993,center_square,-5.624484062194824
gen_002994,center_square,-6.703352451324463
gen_002995,center_square,-15.858100891113281
gen_002996,center_square,-10.247818946838379
gen_002997,center_square,-16.13959503173828
gen_002998,center_square,-9.9421968460083
gen_002999,center_square,-13.739847183227539
gen_003000,center_square,-14.653716087341309
gen_003001,center_square,-18.26390266418457
gen_003002,center_square,-15.048410415649414
gen_003003,center_square,-5.271602153778076
gen_000677,gen_jpeg_real_quality,-10.64624309539795
gen_000680,gen_jpeg_real_quality,-9.870360374450684
gen_000683,gen_jpeg_real_quality,-5.9546799659729
gen_000686,gen_jpeg_real_quality,-15.626420021057129
gen_000689,gen_jpeg_real_quality,-9.00118350982666
gen_000692,gen_jpeg_real_quality,-16.19776153564453
gen_000695,gen_jpeg_real_quality,-10.506192207336426
gen_000698,gen_jpeg_real_quality,-10.7023286819458
gen_000701,gen_jpeg_real_quality,-3.5208423137664795
gen_000704,gen_jpeg_real_quality,-18.14866828918457
gen_000707,gen_jpeg_real_quality,-15.477736473083496
gen_000710,gen_jpeg_real_quality,-3.8606789112091064
gen_000713,gen_jpeg_real_quality,-10.682250022888184
gen_000716,gen_jpeg_real_quality,-15.910035133361816
gen_000719,gen_jpeg_real_quality,-12.4324369430542
gen_000722,gen_jpeg_real_quality,-11.383686065673828
gen_000725,gen_jpeg_real_quality,-11.467877388000488
gen_000728,gen_jpeg_real_quality,-9.244515419006348
gen_000731,gen_jpeg_real_quality,-13.514073371887207
gen_000734,gen_jpeg_real_quality,-10.068202018737793
gen_000737,gen_jpeg_real_quality,-10.124335289001465
gen_000740,gen_jpeg_real_quality,-11.052496910095215
gen_000796,gen_jpeg_real_quality,-11.89440631866455
gen_000799,gen_jpeg_real_quality,-5.558139801025391
gen_000802,gen_jpeg_real_quality,-13.08054256439209
gen_000805,gen_jpeg_real_quality,-8.759810447692871
gen_000808,gen_jpeg_real_quality,-16.366182327270508
gen_000811,gen_jpeg_real_quality,-7.558464050292969
gen_000814,gen_jpeg_real_quality,-10.138599395751953
gen_000817,gen_jpeg_real_quality,-6.921181678771973
gen_000820,gen_jpeg_real_quality,-10.564290046691895
gen_000823,gen_jpeg_real_quality,-4.928893089294434
gen_000826,gen_jpeg_real_quality,-7.6537065505981445
gen_000829,gen_jpeg_real_quality,-10.897669792175293
gen_000832,gen_jpeg_real_quality,-6.35959005355835
gen_000835,gen_jpeg_real_quality,-13.498421669006348
gen_000838,gen_jpeg_real_quality,-11.931599617004395
gen_000841,gen_jpeg_real_quality,-5.6685662269592285
gen_000844,gen_jpeg_real_quality,-13.464832305908203
gen_000847,gen_jpeg_real_quality,-12.647429466247559
gen_000850,gen_jpeg_real_quality,-4.9838104248046875
gen_000853,gen_jpeg_real_quality,-11.354796409606934
gen_000856,gen_jpeg_real_quality,-10.704183578491211
gen_000859,gen_jpeg_real_quality,-10.647995948791504
gen_000915,gen_jpeg_real_quality,-15.068007469177246
gen_000918,gen_jpeg_real_quality,-14.181098937988281
gen_000921,gen_jpeg_real_quality,-4.957191467285156
gen_000924,gen_jpeg_real_quality,-12.937024116516113
gen_000927,gen_jpeg_real_quality,-15.361641883850098
gen_000930,gen_jpeg_real_quality,-7.693683624267578
gen_000933,gen_jpeg_real_quality,-11.571026802062988
gen_000936,gen_jpeg_real_quality,-6.603667259216309
gen_000939,gen_jpeg_real_quality,-9.157844543457031
gen_000942,gen_jpeg_real_quality,-8.898590087890625
gen_000945,gen_jpeg_real_quality,-9.764938354492188
gen_000948,gen_jpeg_real_quality,-7.433609962463379
gen_000951,gen_jpeg_real_quality,-9.945734024047852
gen_000954,gen_jpeg_real_quality,-18.759963989257812
gen_000957,gen_jpeg_real_quality,-15.093500137329102
gen_000960,gen_jpeg_real_quality,-2.0036540031433105
gen_000963,gen_jpeg_real_quality,-15.542352676391602
gen_000966,gen_jpeg_real_quality,-10.414671897888184
gen_000969,gen_jpeg_real_quality,-8.293757438659668
gen_000972,gen_jpeg_real_quality,3.37910532951355
gen_000975,gen_jpeg_real_quality,-13.008007049560547
gen_000978,gen_jpeg_real_quality,-4.264494895935059
gen_001034,gen_jpeg_real_quality,-5.838942527770996
gen_001037,gen_jpeg_real_quality,-0.8665633201599121
gen_001040,gen_jpeg_real_quality,-11.732195854187012
gen_001043,gen_jpeg_real_quality,-8.329323768615723
gen_001046,gen_jpeg_real_quality,-11.343829154968262
gen_001049,gen_jpeg_real_quality,-16.79474449157715
gen_001052,gen_jpeg_real_quality,-18.050016403198242
gen_001055,gen_jpeg_real_quality,-10.31175422668457
gen_001058,gen_jpeg_real_quality,-8.407450675964355
gen_001061,gen_jpeg_real_quality,-12.792807579040527
gen_001064,gen_jpeg_real_quality,-12.803534507751465
gen_001067,gen_jpeg_real_quality,-12.056097984313965
gen_001070,gen_jpeg_real_quality,-8.610690116882324
gen_001073,gen_jpeg_real_quality,-11.070390701293945
gen_001076,gen_jpeg_real_quality,-17.348064422607422
gen_001079,gen_jpeg_real_quality,-7.35800313949585
gen_001082,gen_jpeg_real_quality,-10.46776294708252
gen_001085,gen_jpeg_real_quality,0.2503904700279236
gen_001088,gen_jpeg_real_quality,-9.970419883728027
gen_001091,gen_jpeg_real_quality,-17.126415252685547
gen_001094,gen_jpeg_real_quality,-13.389233589172363
gen_001097,gen_jpeg_real_quality,-12.27510929107666
gen_001153,gen_jpeg_real_quality,-14.631442070007324
gen_001156,gen_jpeg_real_quality,-13.607954978942871
gen_001159,gen_jpeg_real_quality,-11.486388206481934
gen_001162,gen_jpeg_real_quality,-12.887789726257324
gen_001165,gen_jpeg_real_quality,-12.697371482849121
gen_001168,gen_jpeg_real_quality,-12.2977876663208
gen_001171,gen_jpeg_real_quality,-10.628483772277832
gen_001174,gen_jpeg_real_quality,-11.898344993591309
gen_001177,gen_jpeg_real_quality,-8.977112770080566
gen_001180,gen_jpeg_real_quality,-10.432317733764648
gen_001183,gen_jpeg_real_quality,-10.579062461853027
gen_001186,gen_jpeg_real_quality,-11.251638412475586
gen_001189,gen_jpeg_real_quality,-6.815457820892334
gen_001192,gen_jpeg_real_quality,-10.919551849365234
gen_001195,gen_jpeg_real_quality,-3.740007162094116
gen_001198,gen_jpeg_real_quality,-12.061070442199707
gen_001201,gen_jpeg_real_quality,-7.318356990814209
gen_001204,gen_jpeg_real_quality,-9.11513900756836
gen_001207,gen_jpeg_real_quality,-5.538786888122559
gen_001210,gen_jpeg_real_quality,-11.689591407775879
gen_001213,gen_jpeg_real_quality,-7.903566837310791
gen_001216,gen_jpeg_real_quality,-10.769124984741211
gen_001272,gen_jpeg_real_quality,-6.965605735778809
gen_001275,gen_jpeg_real_quality,-7.425413608551025
gen_001278,gen_jpeg_real_quality,-4.440609931945801
gen_001281,gen_jpeg_real_quality,-8.553496360778809
gen_001284,gen_jpeg_real_quality,-8.074487686157227
gen_001287,gen_jpeg_real_quality,-10.447142601013184
gen_001290,gen_jpeg_real_quality,-5.1432623863220215
gen_001293,gen_jpeg_real_quality,-7.612919807434082
gen_001296,gen_jpeg_real_quality,-6.835914611816406
gen_001299,gen_jpeg_real_quality,-11.821930885314941
gen_001302,gen_jpeg_real_quality,-8.39062786102295
gen_001305,gen_jpeg_real_quality,-5.204553127288818
gen_001308,gen_jpeg_real_quality,-9.943053245544434
gen_001311,gen_jpeg_real_quality,-10.68343448638916
gen_001314,gen_jpeg_real_quality,-14.195959091186523
gen_001317,gen_jpeg_real_quality,-9.567179679870605
gen_001320,gen_jpeg_real_quality,-9.38211441040039
gen_001323,gen_jpeg_real_quality,-9.483660697937012
gen_001326,gen_jpeg_real_quality,-8.79369831085205
gen_001329,gen_jpeg_real_quality,-2.50461483001709
gen_001332,gen_jpeg_real_quality,-6.188061714172363
gen_001335,gen_jpeg_real_quality,-7.9734697341918945
gen_001391,gen_jpeg_real_quality,-14.219008445739746
gen_001394,gen_jpeg_real_quality,-9.380080223083496
gen_001397,gen_jpeg_real_quality,-2.4717845916748047
gen_001400,gen_jpeg_real_quality,-9.091172218322754
gen_001403,gen_jpeg_real_quality,-16.154966354370117
gen_001406,gen_jpeg_real_quality,-10.379229545593262
gen_001409,gen_jpeg_real_quality,2.547755002975464
gen_001412,gen_jpeg_real_quality,-6.298094749450684
gen_001415,gen_jpeg_real_quality,-12.179646492004395
gen_001418,gen_jpeg_real_quality,-11.2586088180542
gen_001421,gen_jpeg_real_quality,-7.168184280395508
gen_001424,gen_jpeg_real_quality,-12.794421195983887
gen_001427,gen_jpeg_real_quality,-12.034172058105469
gen_001430,gen_jpeg_real_quality,-9.864311218261719
gen_001433,gen_jpeg_real_quality,-8.253887176513672
gen_001436,gen_jpeg_real_quality,-13.142101287841797
gen_001439,gen_jpeg_real_quality,-5.644553184509277
gen_001442,gen_jpeg_real_quality,-9.558836936950684
gen_001445,gen_jpeg_real_quality,-18.414474487304688
gen_001448,gen_jpeg_real_quality,-8.095226287841797
gen_001451,gen_jpeg_real_quality,-11.571571350097656
gen_001454,gen_jpeg_real_quality,-10.989169120788574
gen_001510,gen_jpeg_real_quality,-4.45318603515625
gen_001513,gen_jpeg_real_quality,-14.895031929016113
gen_001516,gen_jpeg_real_quality,-14.11341667175293
gen_001519,gen_jpeg_real_quality,-10.2261381149292
gen_001522,gen_jpeg_real_quality,-3.938782215118408
gen_001525,gen_jpeg_real_quality,-11.893834114074707
gen_001528,gen_jpeg_real_quality,-12.838299751281738
gen_001531,gen_jpeg_real_quality,-9.545964241027832
gen_001534,gen_jpeg_real_quality,-7.725915908813477
gen_001537,gen_jpeg_real_quality,-5.298799514770508
gen_001540,gen_jpeg_real_quality,-7.95109224319458
gen_001543,gen_jpeg_real_quality,-13.811745643615723
gen_001546,gen_jpeg_real_quality,-11.016761779785156
gen_001549,gen_jpeg_real_quality,-13.52514934539795
gen_001552,gen_jpeg_real_quality,-8.236250877380371
gen_001555,gen_jpeg_real_quality,-7.615736961364746
gen_001558,gen_jpeg_real_quality,-10.955672264099121
gen_001561,gen_jpeg_real_quality,-0.723764181137085
gen_001564,gen_jpeg_real_quality,-11.170370101928711
gen_001567,gen_jpeg_real_quality,-12.562822341918945
gen_001570,gen_jpeg_real_quality,-10.09522533416748
gen_001573,gen_jpeg_real_quality,-13.244954109191895
gen_001629,gen_jpeg_real_quality,-14.272561073303223
gen_001632,gen_jpeg_real_quality,-12.507887840270996
gen_001635,gen_jpeg_real_quality,-13.729448318481445
gen_001638,gen_jpeg_real_quality,-13.880702018737793
gen_001641,gen_jpeg_real_quality,-8.860074043273926
gen_001644,gen_jpeg_real_quality,-10.848893165588379
gen_001647,gen_jpeg_real_quality,-9.441798210144043
gen_001650,gen_jpeg_real_quality,-13.187417030334473
gen_001653,gen_jpeg_real_quality,-9.920323371887207
gen_001656,gen_jpeg_real_quality,-12.48837947845459
gen_001659,gen_jpeg_real_quality,-17.878469467163086
gen_001662,gen_jpeg_real_quality,-10.572534561157227
gen_001665,gen_jpeg_real_quality,-14.120823860168457
gen_001668,gen_jpeg_real_quality,-10.617229461669922
gen_001671,gen_jpeg_real_quality,-14.412964820861816
gen_001674,gen_jpeg_real_quality,-10.245682716369629
gen_001677,gen_jpeg_real_quality,-9.106968879699707
gen_001680,gen_jpeg_real_quality,-11.447823524475098
gen_001683,gen_jpeg_real_quality,-8.350074768066406
gen_001686,gen_jpeg_real_quality,-9.691664695739746
gen_001689,gen_jpeg_real_quality,-9.902491569519043
gen_001692,gen_jpeg_real_quality,-17.735055923461914
gen_001748,gen_jpeg_real_quality,-15.969869613647461
gen_001751,gen_jpeg_real_quality,-14.557963371276855
gen_001754,gen_jpeg_real_quality,-16.71083641052246
gen_001757,gen_jpeg_real_quality,-13.148097038269043
gen_001760,gen_jpeg_real_quality,-15.544917106628418
gen_001763,gen_jpeg_real_quality,-10.609042167663574
gen_001766,gen_jpeg_real_quality,-14.808831214904785
gen_001769,gen_jpeg_real_quality,-13.910883903503418
gen_001772,gen_jpeg_real_quality,-17.697355270385742
gen_001775,gen_jpeg_real_quality,-11.350205421447754
gen_001778,gen_jpeg_real_quality,-16.01752281188965
gen_001781,gen_jpeg_real_quality,-8.943309783935547
gen_001784,gen_jpeg_real_quality,-13.210482597351074
gen_001787,gen_jpeg_real_quality,-13.94776439666748
gen_001790,gen_jpeg_real_quality,-12.334731101989746
gen_001793,gen_jpeg_real_quality,-9.1499662399292
gen_001796,gen_jpeg_real_quality,-14.792184829711914
gen_001799,gen_jpeg_real_quality,-14.208660125732422
gen_001802,gen_jpeg_real_quality,-13.670605659484863
gen_001805,gen_jpeg_real_quality,-11.89011001586914
gen_001808,gen_jpeg_real_quality,-11.741185188293457
gen_001811,gen_jpeg_real_quality,-13.404921531677246
gen_001867,gen_jpeg_real_quality,-19.180997848510742
gen_001870,gen_jpeg_real_quality,-11.840291976928711
gen_001873,gen_jpeg_real_quality,-13.015650749206543
gen_001876,gen_jpeg_real_quality,-13.375006675720215
gen_001879,gen_jpeg_real_quality,-13.815825462341309
gen_001882,gen_jpeg_real_quality,-12.627463340759277
gen_001885,gen_jpeg_real_quality,-12.189955711364746
gen_001888,gen_jpeg_real_quality,-7.712676048278809
gen_001891,gen_jpeg_real_quality,-13.722485542297363
gen_001894,gen_jpeg_real_quality,-13.043103218078613
gen_001897,gen_jpeg_real_quality,-7.345643997192383
gen_001900,gen_jpeg_real_quality,-10.721602439880371
gen_001903,gen_jpeg_real_quality,-7.846712112426758
gen_001906,gen_jpeg_real_quality,-18.179555892944336
gen_001909,gen_jpeg_real_quality,-6.741809368133545
gen_001912,gen_jpeg_real_quality,-10.476158142089844
gen_001915,gen_jpeg_real_quality,-15.51811695098877
gen_001918,gen_jpeg_real_quality,-17.208818435668945
gen_001921,gen_jpeg_real_quality,-5.9847283363342285
gen_001924,gen_jpeg_real_quality,-14.399518013000488
gen_001927,gen_jpeg_real_quality,-9.108979225158691
gen_001930,gen_jpeg_real_quality,-9.296603202819824
gen_001986,gen_jpeg_real_quality,-7.386828899383545
gen_001989,gen_jpeg_real_quality,-15.838878631591797
gen_001992,gen_jpeg_real_quality,-15.649121284484863
gen_001995,gen_jpeg_real_quality,-8.672445297241211
gen_001998,gen_jpeg_real_quality,-10.10268783569336
gen_002001,gen_jpeg_real_quality,-17.132204055786133
gen_002004,gen_jpeg_real_quality,-14.46008014678955
gen_002007,gen_jpeg_real_quality,-10.414698600769043
gen_002010,gen_jpeg_real_quality,-8.15021800994873
gen_002013,gen_jpeg_real_quality,-14.128369331359863
gen_002016,gen_jpeg_real_quality,-8.16715145111084
gen_002019,gen_jpeg_real_quality,-9.509779930114746
gen_002022,gen_jpeg_real_quality,-14.930254936218262
gen_002025,gen_jpeg_real_quality,-13.330570220947266
gen_002028,gen_jpeg_real_quality,-11.012335777282715
gen_002031,gen_jpeg_real_quality,-9.647551536560059
gen_002034,gen_jpeg_real_quality,-10.495644569396973
gen_002037,gen_jpeg_real_quality,-8.879475593566895
gen_002040,gen_jpeg_real_quality,-9.471512794494629
gen_002043,gen_jpeg_real_quality,-11.495528221130371
gen_002046,gen_jpeg_real_quality,-14.70559310913086
gen_002049,gen_jpeg_real_quality,-7.8695197105407715
gen_002105,gen_jpeg_real_quality,-14.471014976501465
gen_002108,gen_jpeg_real_quality,-11.842684745788574
gen_002111,gen_jpeg_real_quality,-12.334364891052246
gen_002114,gen_jpeg_real_quality,-10.78567886352539
gen_002117,gen_jpeg_real_quality,-11.356096267700195
gen_002120,gen_jpeg_real_quality,-13.381241798400879
gen_002123,gen_jpeg_real_quality,-10.525862693786621
gen_002126,gen_jpeg_real_quality,-13.054980278015137
gen_002129,gen_jpeg_real_quality,-8.296232223510742
gen_002132,gen_jpeg_real_quality,-12.612135887145996
gen_002135,gen_jpeg_real_quality,-15.844799995422363
gen_002138,gen_jpeg_real_quality,-8.615167617797852
gen_002141,gen_jpeg_real_quality,-15.347914695739746
gen_002144,gen_jpeg_real_quality,-14.238717079162598
gen_002147,gen_jpeg_real_quality,-12.624781608581543
gen_002150,gen_jpeg_real_quality,-9.401799201965332
gen_002153,gen_jpeg_real_quality,-8.209794044494629
gen_002156,gen_jpeg_real_quality,-9.744555473327637
gen_002159,gen_jpeg_real_quality,-14.485507011413574
gen_002162,gen_jpeg_real_quality,-10.891435623168945
gen_002165,gen_jpeg_real_quality,-7.536974906921387
gen_002168,gen_jpeg_real_quality,-14.646869659423828
gen_002224,gen_jpeg_real_quality,-14.25568675994873
gen_002227,gen_jpeg_real_quality,-11.027134895324707
gen_002230,gen_jpeg_real_quality,-14.434554100036621
gen_002233,gen_jpeg_real_quality,-13.013158798217773
gen_002236,gen_jpeg_real_quality,-13.55793571472168
gen_002239,gen_jpeg_real_quality,-15.687594413757324
gen_002242,gen_jpeg_real_quality,-12.748422622680664
gen_002245,gen_jpeg_real_quality,-11.979209899902344
gen_002248,gen_jpeg_real_quality,-17.465482711791992
gen_002251,gen_jpeg_real_quality,-8.156638145446777
gen_002254,gen_jpeg_real_quality,-12.77153491973877
gen_002257,gen_jpeg_real_quality,-14.494671821594238
gen_002260,gen_jpeg_real_quality,-9.674656867980957
gen_002263,gen_jpeg_real_quality,-13.492640495300293
gen_002266,gen_jpeg_real_quality,-12.35488224029541
gen_002269,gen_jpeg_real_quality,-14.52232837677002
gen_002272,gen_jpeg_real_quality,-14.999466896057129
gen_002275,gen_jpeg_real_quality,-9.995587348937988
gen_002278,gen_jpeg_real_quality,-6.3018646240234375
gen_002281,gen_jpeg_real_quality,-8.809066772460938
gen_002284,gen_jpeg_real_quality,-13.822525978088379
gen_002287,gen_jpeg_real_quality,-14.017539024353027
gen_002343,gen_jpeg_real_quality,-12.713211059570312
gen_002346,gen_jpeg_real_quality,-12.896570205688477
gen_002349,gen_jpeg_real_quality,-12.374724388122559
gen_002352,gen_jpeg_real_quality,-13.945843696594238
gen_002355,gen_jpeg_real_quality,-12.718888282775879
gen_002358,gen_jpeg_real_quality,-11.294958114624023
gen_002361,gen_jpeg_real_quality,-14.10647201538086
gen_002364,gen_jpeg_real_quality,-9.012131690979004
gen_002367,gen_jpeg_real_quality,-12.987357139587402
gen_002370,gen_jpeg_real_quality,-11.913313865661621
gen_002373,gen_jpeg_real_quality,-11.48117446899414
gen_002376,gen_jpeg_real_quality,-11.126243591308594
gen_002379,gen_jpeg_real_quality,-15.046067237854004
gen_002382,gen_jpeg_real_quality,-12.846047401428223
gen_002385,gen_jpeg_real_quality,-15.396224021911621
gen_002388,gen_jpeg_real_quality,-10.118800163269043
gen_002391,gen_jpeg_real_quality,-17.87601661682129
gen_002394,gen_jpeg_real_quality,-15.253947257995605
gen_002397,gen_jpeg_real_quality,-7.1112141609191895
gen_002400,gen_jpeg_real_quality,-10.465810775756836
gen_002403,gen_jpeg_real_quality,-13.273807525634766
gen_002406,gen_jpeg_real_quality,-13.662508010864258
gen_002462,gen_jpeg_real_quality,-11.66671371459961
gen_002465,gen_jpeg_real_quality,-11.580696105957031
gen_002468,gen_jpeg_real_quality,-16.61496925354004
gen_002471,gen_jpeg_real_quality,-3.4692556858062744
gen_002474,gen_jpeg_real_quality,-8.890652656555176
gen_002477,gen_jpeg_real_quality,-15.08373737335205
gen_002480,gen_jpeg_real_quality,-19.652931213378906
gen_002483,gen_jpeg_real_quality,-8.123981475830078
gen_002486,gen_jpeg_real_quality,-9.207026481628418
gen_002489,gen_jpeg_real_quality,-17.832429885864258
gen_002492,gen_jpeg_real_quality,-9.768260955810547
gen_002495,gen_jpeg_real_quality,-11.552260398864746
gen_002498,gen_jpeg_real_quality,-14.861924171447754
gen_002501,gen_jpeg_real_quality,-16.080684661865234
gen_002504,gen_jpeg_real_quality,-13.887845993041992
gen_002507,gen_jpeg_real_quality,-10.28764820098877
gen_002510,gen_jpeg_real_quality,-14.294217109680176
gen_002513,gen_jpeg_real_quality,-8.803033828735352
gen_002516,gen_jpeg_real_quality,-11.77956485748291
gen_002519,gen_jpeg_real_quality,-14.039807319641113
gen_002522,gen_jpeg_real_quality,-18.876832962036133
gen_002525,gen_jpeg_real_quality,-14.794210433959961
gen_000500,gen_jpeg_real_quality,-9.649548530578613
gen_000501,gen_jpeg_real_quality,-11.370427131652832
gen_000502,gen_jpeg_real_quality,-9.042194366455078
gen_000503,gen_jpeg_real_quality,-11.783350944519043
gen_000504,gen_jpeg_real_quality,-2.0886709690093994
gen_000505,gen_jpeg_real_quality,-6.855576038360596
gen_000506,gen_jpeg_real_quality,-11.215978622436523
gen_000507,gen_jpeg_real_quality,-9.216540336608887
gen_000508,gen_jpeg_real_quality,-13.392436027526855
gen_000509,gen_jpeg_real_quality,-1.7970945835113525
gen_000510,gen_jpeg_real_quality,-9.368130683898926
gen_000511,gen_jpeg_real_quality,-4.498589038848877
gen_000512,gen_jpeg_real_quality,-6.983652114868164
gen_000513,gen_jpeg_real_quality,-9.813826560974121
gen_000514,gen_jpeg_real_quality,-9.719805717468262
gen_000515,gen_jpeg_real_quality,-16.19637107849121
gen_000516,gen_jpeg_real_quality,-11.950185775756836
gen_000517,gen_jpeg_real_quality,-14.77990436553955
gen_000518,gen_jpeg_real_quality,-12.594745635986328
gen_000519,gen_jpeg_real_quality,-7.7650251388549805
gen_000520,gen_jpeg_real_quality,-8.245938301086426
gen_000521,gen_jpeg_real_quality,-6.812524795532227
gen_000522,gen_jpeg_real_quality,-14.398943901062012
gen_000523,gen_jpeg_real_quality,-3.843794584274292
gen_000524,gen_jpeg_real_quality,-11.693228721618652
gen_000525,gen_jpeg_real_quality,-7.241368293762207
gen_000526,gen_jpeg_real_quality,-5.952969074249268
gen_000527,gen_jpeg_real_quality,-9.674103736877441
gen_000528,gen_jpeg_real_quality,-9.18380069732666
gen_000529,gen_jpeg_real_quality,-14.360753059387207
gen_000530,gen_jpeg_real_quality,-9.634421348571777
gen_000531,gen_jpeg_real_quality,-7.3236236572265625
gen_000532,gen_jpeg_real_quality,-7.3118672370910645
gen_000533,gen_jpeg_real_quality,-3.4646549224853516
gen_000534,gen_jpeg_real_quality,-11.69870376586914
gen_000535,gen_jpeg_real_quality,-10.113604545593262
gen_000536,gen_jpeg_real_quality,-11.816736221313477
gen_000537,gen_jpeg_real_quality,-6.176326274871826
gen_000538,gen_jpeg_real_quality,-13.387182235717773
gen_000539,gen_jpeg_real_quality,-6.177860736846924
gen_000540,gen_jpeg_real_quality,-6.432247161865234
gen_000541,gen_jpeg_real_quality,-10.212250709533691
gen_000542,gen_jpeg_real_quality,-11.006726264953613
gen_000543,gen_jpeg_real_quality,-3.295928716659546
gen_000544,gen_jpeg_real_quality,-8.11153507232666
gen_000545,gen_jpeg_real_quality,-12.115450859069824
gen_000546,gen_jpeg_real_quality,-3.7493529319763184
gen_000547,gen_jpeg_real_quality,1.3226678371429443
gen_000548,gen_jpeg_real_quality,-9.84247875213623
gen_000549,gen_jpeg_real_quality,-2.1848502159118652
gen_000550,gen_jpeg_real_quality,-4.900390625
gen_000551,gen_jpeg_real_quality,-1.183160424232483
gen_000552,gen_jpeg_real_quality,-9.513859748840332
gen_000553,gen_jpeg_real_quality,-9.296771049499512
gen_000554,gen_jpeg_real_quality,-4.744042873382568
gen_000555,gen_jpeg_real_quality,-9.991227149963379
gen_000556,gen_jpeg_real_quality,-5.0700178146362305
gen_000557,gen_jpeg_real_quality,-7.524532794952393
gen_000558,gen_jpeg_real_quality,-9.099468231201172
gen_000559,gen_jpeg_real_quality,-14.618600845336914
gen_000560,gen_jpeg_real_quality,-11.198054313659668
gen_000561,gen_jpeg_real_quality,-3.0335233211517334
gen_000562,gen_jpeg_real_quality,-9.348288536071777
gen_000563,gen_jpeg_real_quality,-12.824868202209473
gen_000564,gen_jpeg_real_quality,-11.803874015808105
gen_000565,gen_jpeg_real_quality,-6.7249650955200195
gen_000566,gen_jpeg_real_quality,-10.904600143432617
gen_000567,gen_jpeg_real_quality,-10.575581550598145
gen_000568,gen_jpeg_real_quality,-11.849408149719238
gen_000569,gen_jpeg_real_quality,-8.843111038208008
gen_000570,gen_jpeg_real_quality,-11.619452476501465
gen_000571,gen_jpeg_real_quality,-7.460901260375977
gen_000572,gen_jpeg_real_quality,-7.770718097686768
gen_000573,gen_jpeg_real_quality,-14.10457992553711
gen_000574,gen_jpeg_real_quality,-12.448332786560059
gen_000575,gen_jpeg_real_quality,-15.19306468963623
gen_000576,gen_jpeg_real_quality,-3.7401540279388428
gen_000577,gen_jpeg_real_quality,-15.945927619934082
gen_000578,gen_jpeg_real_quality,-8.222204208374023
gen_000579,gen_jpeg_real_quality,-4.239057540893555
gen_000580,gen_jpeg_real_quality,-9.000679969787598
gen_000581,gen_jpeg_real_quality,0.1095355749130249
gen_000582,gen_jpeg_real_quality,-15.751768112182617
gen_000583,gen_jpeg_real_quality,-14.496045112609863
gen_000584,gen_jpeg_real_quality,-8.420699119567871
gen_000585,gen_jpeg_real_quality,-8.298799514770508
gen_000586,gen_jpeg_real_quality,-12.387608528137207
gen_000587,gen_jpeg_real_quality,-11.664167404174805
gen_000588,gen_jpeg_real_quality,-11.303190231323242
gen_000589,gen_jpeg_real_quality,-15.023847579956055
gen_000590,gen_jpeg_real_quality,-9.05055046081543
gen_000591,gen_jpeg_real_quality,-8.503291130065918
gen_000592,gen_jpeg_real_quality,-16.511457443237305
gen_000593,gen_jpeg_real_quality,-5.540912628173828
gen_000594,gen_jpeg_real_quality,-14.350220680236816
gen_000595,gen_jpeg_real_quality,-10.54340648651123
gen_000596,gen_jpeg_real_quality,-11.61595630645752
gen_000597,gen_jpeg_real_quality,-14.093914031982422
gen_000598,gen_jpeg_real_quality,-9.522696495056152
gen_000599,gen_jpeg_real_quality,-1.2831400632858276
gen_000600,gen_jpeg_real_quality,-3.666592836380005
gen_000601,gen_jpeg_real_quality,-12.944877624511719
gen_000602,gen_jpeg_real_quality,-8.797919273376465
gen_000603,gen_jpeg_real_quality,-5.727838516235352
gen_000604,gen_jpeg_real_quality,-4.004462242126465
gen_000605,gen_jpeg_real_quality,-7.387195587158203
gen_000606,gen_jpeg_real_quality,-9.058945655822754
gen_000607,gen_jpeg_real_quality,-18.793481826782227
gen_000608,gen_jpeg_real_quality,-5.471914768218994
gen_000609,gen_jpeg_real_quality,-6.629722595214844
gen_000610,gen_jpeg_real_quality,-8.124502182006836
gen_000611,gen_jpeg_real_quality,-11.948187828063965
gen_000612,gen_jpeg_real_quality,-9.031628608703613
gen_000613,gen_jpeg_real_quality,-8.725279808044434
gen_000614,gen_jpeg_real_quality,-10.230814933776855
gen_000615,gen_jpeg_real_quality,-8.25247573852539
gen_000616,gen_jpeg_real_quality,-9.963727951049805
gen_000617,gen_jpeg_real_quality,-11.132845878601074
gen_000618,gen_jpeg_real_quality,-10.627240180969238
gen_000619,gen_jpeg_real_quality,-1.4687402248382568
gen_000620,gen_jpeg_real_quality,-12.543156623840332
gen_000621,gen_jpeg_real_quality,-10.59177303314209
gen_000622,gen_jpeg_real_quality,-6.809572219848633
gen_000623,gen_jpeg_real_quality,-15.914620399475098
gen_002528,gen_jpeg_real_quality,-10.280025482177734
gen_002529,gen_jpeg_real_quality,-10.775566101074219
gen_002530,gen_jpeg_real_quality,-12.228903770446777
gen_002531,gen_jpeg_real_quality,-8.428808212280273
gen_002532,gen_jpeg_real_quality,-3.018958330154419
gen_002533,gen_jpeg_real_quality,-2.8181111812591553
gen_002534,gen_jpeg_real_quality,-13.03297233581543
gen_002535,gen_jpeg_real_quality,-8.76319694519043
gen_002536,gen_jpeg_real_quality,-14.886092185974121
gen_002537,gen_jpeg_real_quality,-2.997756242752075
gen_002538,gen_jpeg_real_quality,-9.717947959899902
gen_002539,gen_jpeg_real_quality,-9.416223526000977
gen_002540,gen_jpeg_real_quality,-11.790423393249512
gen_002541,gen_jpeg_real_quality,-3.758928060531616
gen_002542,gen_jpeg_real_quality,-11.745404243469238
gen_002543,gen_jpeg_real_quality,-0.4928790330886841
gen_002544,gen_jpeg_real_quality,-10.57431697845459
gen_002545,gen_jpeg_real_quality,-12.62619686126709
gen_002546,gen_jpeg_real_quality,-6.170499801635742
gen_002547,gen_jpeg_real_quality,-7.364314556121826
gen_002548,gen_jpeg_real_quality,-4.75756311416626
gen_002549,gen_jpeg_real_quality,-7.93665885925293
gen_002550,gen_jpeg_real_quality,-2.9779813289642334
gen_002551,gen_jpeg_real_quality,-12.828742980957031
gen_002552,gen_jpeg_real_quality,-8.79411506652832
gen_002553,gen_jpeg_real_quality,-6.179538726806641
gen_002554,gen_jpeg_real_quality,-6.060925483703613
gen_002555,gen_jpeg_real_quality,-14.851037979125977
gen_002556,gen_jpeg_real_quality,-14.04375171661377
gen_002557,gen_jpeg_real_quality,-2.3669674396514893
gen_002558,gen_jpeg_real_quality,-13.325455665588379
gen_002559,gen_jpeg_real_quality,-8.905903816223145
gen_002560,gen_jpeg_real_quality,-10.410079956054688
gen_002561,gen_jpeg_real_quality,-9.583497047424316
gen_002562,gen_jpeg_real_quality,-8.161861419677734
gen_002563,gen_jpeg_real_quality,-9.85113525390625
gen_002564,gen_jpeg_real_quality,-8.094988822937012
gen_002565,gen_jpeg_real_quality,-6.2992119789123535
gen_002566,gen_jpeg_real_quality,-6.922637939453125
gen_002567,gen_jpeg_real_quality,-4.787077903747559
gen_002568,gen_jpeg_real_quality,-11.248466491699219
gen_002569,gen_jpeg_real_quality,-11.994455337524414
gen_002570,gen_jpeg_real_quality,-12.299774169921875
gen_002571,gen_jpeg_real_quality,-16.67962074279785
gen_002572,gen_jpeg_real_quality,-15.077424049377441
gen_002573,gen_jpeg_real_quality,-10.630834579467773
gen_002574,gen_jpeg_real_quality,-5.349541187286377
gen_002575,gen_jpeg_real_quality,-15.296525001525879
gen_002576,gen_jpeg_real_quality,-12.898940086364746
gen_002577,gen_jpeg_real_quality,-7.105983734130859
gen_002578,gen_jpeg_real_quality,-9.971116065979004
gen_002579,gen_jpeg_real_quality,-5.2419328689575195
gen_002580,gen_jpeg_real_quality,-12.039212226867676
gen_002581,gen_jpeg_real_quality,-11.508109092712402
gen_002582,gen_jpeg_real_quality,-9.169751167297363
gen_002583,gen_jpeg_real_quality,-6.528454780578613
gen_002584,gen_jpeg_real_quality,-13.147612571716309
gen_002585,gen_jpeg_real_quality,-10.73681926727295
gen_002586,gen_jpeg_real_quality,-13.695639610290527
gen_002587,gen_jpeg_real_quality,-10.888296127319336
gen_002588,gen_jpeg_real_quality,-10.33578872680664
gen_002589,gen_jpeg_real_quality,-4.253186225891113
gen_002590,gen_jpeg_real_quality,-10.896549224853516
gen_002591,gen_jpeg_real_quality,-10.665146827697754
gen_002592,gen_jpeg_real_quality,-8.532123565673828
gen_002593,gen_jpeg_real_quality,-9.503287315368652
gen_002594,gen_jpeg_real_quality,-9.432600021362305
gen_002595,gen_jpeg_real_quality,-2.6152687072753906
gen_002596,gen_jpeg_real_quality,-11.068605422973633
gen_002597,gen_jpeg_real_quality,-10.415898323059082
gen_002598,gen_jpeg_real_quality,-9.615447044372559
gen_002599,gen_jpeg_real_quality,-8.291631698608398
gen_002600,gen_jpeg_real_quality,-13.056953430175781
gen_002601,gen_jpeg_real_quality,-10.35058879852295
gen_002602,gen_jpeg_real_quality,-10.348884582519531
gen_002603,gen_jpeg_real_quality,-6.862565994262695
gen_002604,gen_jpeg_real_quality,-17.901803970336914
gen_002605,gen_jpeg_real_quality,-12.666908264160156
gen_002606,gen_jpeg_real_quality,-9.357979774475098
gen_002607,gen_jpeg_real_quality,-9.420817375183105
gen_002608,gen_jpeg_real_quality,-15.693611145019531
gen_002609,gen_jpeg_real_quality,-8.523786544799805
gen_002610,gen_jpeg_real_quality,-11.25343132019043
gen_002611,gen_jpeg_real_quality,-15.243484497070312
gen_002612,gen_jpeg_real_quality,-16.318099975585938
gen_002613,gen_jpeg_real_quality,-10.200020790100098
gen_002614,gen_jpeg_real_quality,-1.4101754426956177
gen_002615,gen_jpeg_real_quality,-14.545098304748535
gen_002616,gen_jpeg_real_quality,-6.356295585632324
gen_002617,gen_jpeg_real_quality,-2.772306442260742
gen_002618,gen_jpeg_real_quality,-4.462316513061523
gen_002619,gen_jpeg_real_quality,-6.120343208312988
gen_002620,gen_jpeg_real_quality,-13.370026588439941
gen_002621,gen_jpeg_real_quality,-8.365297317504883
gen_002622,gen_jpeg_real_quality,-10.749406814575195
gen_002623,gen_jpeg_real_quality,-13.54596996307373
gen_002624,gen_jpeg_real_quality,-7.688736915588379
gen_002625,gen_jpeg_real_quality,-6.524401664733887
gen_002626,gen_jpeg_real_quality,-13.108633995056152
gen_002627,gen_jpeg_real_quality,-4.721780776977539
gen_002628,gen_jpeg_real_quality,-9.645626068115234
gen_002629,gen_jpeg_real_quality,-9.389347076416016
gen_002630,gen_jpeg_real_quality,-11.008030891418457
gen_002631,gen_jpeg_real_quality,-8.492779731750488
gen_002632,gen_jpeg_real_quality,-5.292993068695068
gen_002633,gen_jpeg_real_quality,-2.4094295501708984
gen_002634,gen_jpeg_real_quality,-10.863271713256836
gen_002635,gen_jpeg_real_quality,-7.418084144592285
gen_002636,gen_jpeg_real_quality,-1.6023808717727661
gen_002637,gen_jpeg_real_quality,-14.26038932800293
gen_002638,gen_jpeg_real_quality,-8.472716331481934
gen_002639,gen_jpeg_real_quality,-3.552625894546509
gen_002640,gen_jpeg_real_quality,-4.252162933349609
gen_002641,gen_jpeg_real_quality,-8.998628616333008
gen_002642,gen_jpeg_real_quality,-6.994429588317871
gen_002643,gen_jpeg_real_quality,-11.002161979675293
gen_002644,gen_jpeg_real_quality,-10.353009223937988
gen_002645,gen_jpeg_real_quality,-6.971445083618164
gen_002646,gen_jpeg_real_quality,-9.739933967590332
gen_002647,gen_jpeg_real_quality,-2.5467612743377686
gen_002648,gen_jpeg_real_quality,-8.5133638381958
gen_002649,gen_jpeg_real_quality,-7.982046127319336
gen_002650,gen_jpeg_real_quality,-2.5914523601531982
gen_002651,gen_jpeg_real_quality,-14.697529792785645
gen_002652,gen_jpeg_real_quality,-7.603390216827393
gen_002653,gen_jpeg_real_quality,-6.545951843261719
gen_002654,gen_jpeg_real_quality,-7.711142063140869
gen_002655,gen_jpeg_real_quality,-3.517852306365967
gen_002656,gen_jpeg_real_quality,-10.765643119812012
gen_002657,gen_jpeg_real_quality,-4.525028228759766
gen_002658,gen_jpeg_real_quality,-7.454690933227539
gen_002659,gen_jpeg_real_quality,-9.503988265991211
gen_002660,gen_jpeg_real_quality,-15.87182331085205
gen_002661,gen_jpeg_real_quality,-8.858782768249512
gen_002662,gen_jpeg_real_quality,-6.885866165161133
gen_002663,gen_jpeg_real_quality,-7.490132808685303
gen_002664,gen_jpeg_real_quality,-14.937387466430664
gen_002665,gen_jpeg_real_quality,-6.494407653808594
gen_002666,gen_jpeg_real_quality,-8.459981918334961
gen_002667,gen_jpeg_real_quality,-4.977914810180664
gen_002668,gen_jpeg_real_quality,-3.5709478855133057
gen_002669,gen_jpeg_real_quality,-8.744093894958496
gen_002670,gen_jpeg_real_quality,-10.353611946105957
gen_002671,gen_jpeg_real_quality,0.8748475313186646
gen_002672,gen_jpeg_real_quality,-9.079733848571777
gen_002673,gen_jpeg_real_quality,-1.8464068174362183
gen_002674,gen_jpeg_real_quality,-7.9834394454956055
gen_002675,gen_jpeg_real_quality,-2.8997740745544434
gen_002676,gen_jpeg_real_quality,-8.758645057678223
gen_002677,gen_jpeg_real_quality,0.21296387910842896
gen_002678,gen_jpeg_real_quality,-5.205760955810547
gen_002679,gen_jpeg_real_quality,3.0069825649261475
gen_002680,gen_jpeg_real_quality,-5.903049468994141
gen_002681,gen_jpeg_real_quality,-4.1028151512146
gen_002682,gen_jpeg_real_quality,-2.57185697555542
gen_002683,gen_jpeg_real_quality,-3.7021429538726807
gen_002684,gen_jpeg_real_quality,-10.418378829956055
gen_002685,gen_jpeg_real_quality,-11.150635719299316
gen_002686,gen_jpeg_real_quality,-2.0459792613983154
gen_002687,gen_jpeg_real_quality,-2.2726690769195557
gen_002688,gen_jpeg_real_quality,-7.049988746643066
gen_002689,gen_jpeg_real_quality,-9.451905250549316
gen_002690,gen_jpeg_real_quality,-11.182347297668457
gen_002691,gen_jpeg_real_quality,-6.886624336242676
gen_002692,gen_jpeg_real_quality,-6.661541938781738
gen_002693,gen_jpeg_real_quality,-0.4626346230506897
gen_002694,gen_jpeg_real_quality,-10.610906600952148
gen_002695,gen_jpeg_real_quality,-10.927567481994629
gen_002696,gen_jpeg_real_quality,-5.351593017578125
gen_002697,gen_jpeg_real_quality,-4.627678871154785
gen_002698,gen_jpeg_real_quality,-5.212622165679932
gen_002699,gen_jpeg_real_quality,-7.3487653732299805
gen_002700,gen_jpeg_real_quality,-4.344181537628174
gen_002701,gen_jpeg_real_quality,-0.5523420572280884
gen_002702,gen_jpeg_real_quality,-5.163625717163086
gen_002703,gen_jpeg_real_quality,-10.214978218078613
gen_002704,gen_jpeg_real_quality,-10.610800743103027
gen_002705,gen_jpeg_real_quality,-6.779344081878662
gen_002706,gen_jpeg_real_quality,-7.947421073913574
gen_002707,gen_jpeg_real_quality,-12.19204330444336
gen_002708,gen_jpeg_real_quality,-6.656832695007324
gen_002709,gen_jpeg_real_quality,-5.284660339355469
gen_002710,gen_jpeg_real_quality,-8.896367073059082
gen_002711,gen_jpeg_real_quality,-4.741267681121826
gen_002712,gen_jpeg_real_quality,-12.5339994430542
gen_002713,gen_jpeg_real_quality,-0.7829035520553589
gen_002714,gen_jpeg_real_quality,-7.689516544342041
gen_002715,gen_jpeg_real_quality,-6.855403900146484
gen_002716,gen_jpeg_real_quality,-12.40996265411377
gen_002717,gen_jpeg_real_quality,-7.066050052642822
gen_002718,gen_jpeg_real_quality,-4.851738452911377
gen_002719,gen_jpeg_real_quality,-8.587767601013184
gen_002720,gen_jpeg_real_quality,-2.983449697494507
gen_002721,gen_jpeg_real_quality,-3.44394850730896
gen_002722,gen_jpeg_real_quality,-7.91456937789917
gen_002723,gen_jpeg_real_quality,0.9295214414596558
gen_002724,gen_jpeg_real_quality,-10.780590057373047
gen_002725,gen_jpeg_real_quality,-9.617143630981445
gen_002726,gen_jpeg_real_quality,-12.938606262207031
gen_002727,gen_jpeg_real_quality,4.344148635864258
gen_002728,gen_jpeg_real_quality,-3.9884541034698486
gen_002729,gen_jpeg_real_quality,-10.494261741638184
gen_002730,gen_jpeg_real_quality,-7.8330817222595215
gen_002731,gen_jpeg_real_quality,1.3271067142486572
gen_002732,gen_jpeg_real_quality,-10.900773048400879
gen_002733,gen_jpeg_real_quality,-8.510157585144043
gen_002734,gen_jpeg_real_quality,-7.807162761688232
gen_002735,gen_jpeg_real_quality,-10.771634101867676
gen_002736,gen_jpeg_real_quality,1.6314224004745483
gen_002737,gen_jpeg_real_quality,-5.529456615447998
gen_002738,gen_jpeg_real_quality,3.172464370727539
gen_002739,gen_jpeg_real_quality,-12.26752758026123
gen_002740,gen_jpeg_real_quality,-9.784655570983887
gen_002741,gen_jpeg_real_quality,-9.721636772155762
gen_002742,gen_jpeg_real_quality,-7.198918342590332
gen_002743,gen_jpeg_real_quality,-10.917102813720703
gen_002744,gen_jpeg_real_quality,-1.357027530670166
gen_002745,gen_jpeg_real_quality,-9.516815185546875
gen_002746,gen_jpeg_real_quality,-3.5255959033966064
gen_002747,gen_jpeg_real_quality,-8.292293548583984
gen_002748,gen_jpeg_real_quality,-15.380670547485352
gen_002749,gen_jpeg_real_quality,-2.682813882827759
gen_002750,gen_jpeg_real_quality,-8.511897087097168
gen_002751,gen_jpeg_real_quality,-8.236539840698242
gen_002752,gen_jpeg_real_quality,-8.389230728149414
gen_002753,gen_jpeg_real_quality,-0.8167431354522705
gen_002754,gen_jpeg_real_quality,-7.512540340423584
gen_002755,gen_jpeg_real_quality,-4.686509132385254
gen_002756,gen_jpeg_real_quality,-5.928510665893555
gen_002757,gen_jpeg_real_quality,-3.4729843139648438
gen_002758,gen_jpeg_real_quality,-6.227218151092529
gen_002759,gen_jpeg_real_quality,1.5524961948394775
gen_002760,gen_jpeg_real_quality,-8.173632621765137
gen_002761,gen_jpeg_real_quality,-1.1133143901824951
gen_002762,gen_jpeg_real_quality,-4.081812858581543
gen_002763,gen_jpeg_real_quality,-14.811684608459473
gen_002764,gen_jpeg_real_quality,-5.753177642822266
gen_002765,gen_jpeg_real_quality,-7.629944324493408
gen_002766,gen_jpeg_real_quality,-9.287144660949707
gen_002767,gen_jpeg_real_quality,-7.314550399780273
gen_002768,gen_jpeg_real_quality,-6.107592582702637
gen_002769,gen_jpeg_real_quality,-10.132884979248047
gen_002770,gen_jpeg_real_quality,-13.032538414001465
gen_002771,gen_jpeg_real_quality,-5.066920280456543
gen_002772,gen_jpeg_real_quality,-6.879053115844727
gen_002773,gen_jpeg_real_quality,-6.694502830505371
gen_002774,gen_jpeg_real_quality,-13.164740562438965
gen_002775,gen_jpeg_real_quality,-14.818950653076172
gen_002776,gen_jpeg_real_quality,-6.574092388153076
gen_002777,gen_jpeg_real_quality,-14.80855655670166
gen_002778,gen_jpeg_real_quality,-4.659494876861572
gen_002779,gen_jpeg_real_quality,-14.888589859008789
gen_002780,gen_jpeg_real_quality,-10.653470993041992
gen_002781,gen_jpeg_real_quality,-14.36707592010498
gen_002782,gen_jpeg_real_quality,-10.77207088470459
gen_002783,gen_jpeg_real_quality,-13.67559814453125
gen_002784,gen_jpeg_real_quality,-12.932609558105469
gen_002785,gen_jpeg_real_quality,-10.333861351013184
gen_002786,gen_jpeg_real_quality,1.5268044471740723
gen_002787,gen_jpeg_real_quality,-18.819570541381836
gen_002788,gen_jpeg_real_quality,-12.672871589660645
gen_002789,gen_jpeg_real_quality,-10.584149360656738
gen_002790,gen_jpeg_real_quality,-7.850955963134766
gen_002791,gen_jpeg_real_quality,-7.760517120361328
gen_002792,gen_jpeg_real_quality,-13.684806823730469
gen_002793,gen_jpeg_real_quality,-13.245041847229004
gen_002794,gen_jpeg_real_quality,-11.467621803283691
gen_002795,gen_jpeg_real_quality,-16.171777725219727
gen_002796,gen_jpeg_real_quality,-9.217972755432129
gen_002797,gen_jpeg_real_quality,-9.991440773010254
gen_002798,gen_jpeg_real_quality,-12.242218017578125
gen_002799,gen_jpeg_real_quality,-10.944453239440918
gen_002800,gen_jpeg_real_quality,-16.27272605895996
gen_002801,gen_jpeg_real_quality,-3.9580860137939453
gen_002802,gen_jpeg_real_quality,-6.176016807556152
gen_002803,gen_jpeg_real_quality,-11.96532917022705
gen_002804,gen_jpeg_real_quality,-9.710838317871094
gen_002805,gen_jpeg_real_quality,-9.056377410888672
gen_002806,gen_jpeg_real_quality,-15.389132499694824
gen_002807,gen_jpeg_real_quality,-6.681308746337891
gen_002808,gen_jpeg_real_quality,-8.734813690185547
gen_002809,gen_jpeg_real_quality,-4.215198993682861
gen_002810,gen_jpeg_real_quality,-8.290034294128418
gen_002811,gen_jpeg_real_quality,-9.413933753967285
gen_002812,gen_jpeg_real_quality,-11.777925491333008
gen_002813,gen_jpeg_real_quality,2.843221664428711
gen_002814,gen_jpeg_real_quality,-1.491396427154541
gen_002815,gen_jpeg_real_quality,-9.665915489196777
gen_002816,gen_jpeg_real_quality,-5.412322044372559
gen_002817,gen_jpeg_real_quality,-11.234074592590332
gen_002818,gen_jpeg_real_quality,-9.939970970153809
gen_002819,gen_jpeg_real_quality,-13.517219543457031
gen_002820,gen_jpeg_real_quality,-11.51185131072998
gen_002821,gen_jpeg_real_quality,-12.019548416137695
gen_002822,gen_jpeg_real_quality,-14.126474380493164
gen_002823,gen_jpeg_real_quality,-11.254209518432617
gen_002824,gen_jpeg_real_quality,-10.74487590789795
gen_002825,gen_jpeg_real_quality,-8.629805564880371
gen_002826,gen_jpeg_real_quality,-11.053240776062012
gen_002827,gen_jpeg_real_quality,-7.842495441436768
gen_002828,gen_jpeg_real_quality,-10.558808326721191
gen_002829,gen_jpeg_real_quality,-17.06606101989746
gen_002830,gen_jpeg_real_quality,-12.784138679504395
gen_002831,gen_jpeg_real_quality,-9.269164085388184
gen_002832,gen_jpeg_real_quality,-12.644757270812988
gen_002833,gen_jpeg_real_quality,-2.242785692214966
gen_002834,gen_jpeg_real_quality,-9.668700218200684
gen_002835,gen_jpeg_real_quality,-9.278241157531738
gen_002836,gen_jpeg_real_quality,-10.316703796386719
gen_002837,gen_jpeg_real_quality,-18.424179077148438
gen_002838,gen_jpeg_real_quality,-11.598649024963379
gen_002839,gen_jpeg_real_quality,-5.691872596740723
gen_002840,gen_jpeg_real_quality,-12.773468971252441
gen_002841,gen_jpeg_real_quality,-6.198764801025391
gen_002842,gen_jpeg_real_quality,-9.786005973815918
gen_002843,gen_jpeg_real_quality,-9.591031074523926
gen_002844,gen_jpeg_real_quality,-5.363414287567139
gen_002845,gen_jpeg_real_quality,-10.700762748718262
gen_002846,gen_jpeg_real_quality,-10.003457069396973
gen_002847,gen_jpeg_real_quality,-9.719600677490234
gen_002848,gen_jpeg_real_quality,-9.663329124450684
gen_002849,gen_jpeg_real_quality,-11.658856391906738
gen_002850,gen_jpeg_real_quality,-11.668349266052246
gen_002851,gen_jpeg_real_quality,-14.705338478088379
gen_002852,gen_jpeg_real_quality,-12.15195369720459
gen_002853,gen_jpeg_real_quality,-7.785181045532227
gen_002854,gen_jpeg_real_quality,-8.635445594787598
gen_002855,gen_jpeg_real_quality,-10.828116416931152
gen_002856,gen_jpeg_real_quality,-12.478963851928711
gen_002857,gen_jpeg_real_quality,-8.535056114196777
gen_002858,gen_jpeg_real_quality,-4.31895637512207
gen_002859,gen_jpeg_real_quality,-6.668690204620361
gen_002860,gen_jpeg_real_quality,-12.844331741333008
gen_002861,gen_jpeg_real_quality,-18.252134323120117
gen_002862,gen_jpeg_real_quality,-1.2159115076065063
gen_002863,gen_jpeg_real_quality,-9.573427200317383
gen_002864,gen_jpeg_real_quality,-10.889260292053223
gen_002865,gen_jpeg_real_quality,-8.166182518005371
gen_002866,gen_jpeg_real_quality,-2.227529287338257
gen_002867,gen_jpeg_real_quality,-9.902565956115723
gen_002868,gen_jpeg_real_quality,-12.234183311462402
gen_002869,gen_jpeg_real_quality,-8.575427055358887
gen_002870,gen_jpeg_real_quality,-8.761310577392578
gen_002871,gen_jpeg_real_quality,-4.030299186706543
gen_002872,gen_jpeg_real_quality,-13.203042984008789
gen_002873,gen_jpeg_real_quality,-6.783381462097168
gen_002874,gen_jpeg_real_quality,-12.889291763305664
gen_002875,gen_jpeg_real_quality,-16.822832107543945
gen_002876,gen_jpeg_real_quality,-7.689756870269775
gen_002877,gen_jpeg_real_quality,-7.03270959854126
gen_002878,gen_jpeg_real_quality,-8.59997272491455
gen_002879,gen_jpeg_real_quality,-8.810650825500488
gen_002880,gen_jpeg_real_quality,-10.106863975524902
gen_002881,gen_jpeg_real_quality,-12.388336181640625
gen_002882,gen_jpeg_real_quality,-9.471375465393066
gen_002883,gen_jpeg_real_quality,-8.362353324890137
gen_002884,gen_jpeg_real_quality,-5.996145248413086
gen_002885,gen_jpeg_real_quality,-10.495575904846191
gen_002886,gen_jpeg_real_quality,-7.320271968841553
gen_002887,gen_jpeg_real_quality,-13.984138488769531
gen_002888,gen_jpeg_real_quality,-13.048955917358398
gen_002889,gen_jpeg_real_quality,-9.615492820739746
gen_002890,gen_jpeg_real_quality,-12.019975662231445
gen_002891,gen_jpeg_real_quality,-14.408635139465332
gen_002892,gen_jpeg_real_quality,-12.788712501525879
gen_002893,gen_jpeg_real_quality,-7.915806770324707
gen_002894,gen_jpeg_real_quality,-6.124763488769531
gen_002895,gen_jpeg_real_quality,-14.486212730407715
gen_002896,gen_jpeg_real_quality,-10.94172191619873
gen_002897,gen_jpeg_real_quality,-10.578533172607422
gen_002898,gen_jpeg_real_quality,-10.548402786254883
gen_002899,gen_jpeg_real_quality,-6.975153923034668
gen_002900,gen_jpeg_real_quality,-6.776542663574219
gen_002901,gen_jpeg_real_quality,-7.277442455291748
gen_002902,gen_jpeg_real_quality,-14.113028526306152
gen_002903,gen_jpeg_real_quality,-7.743569374084473
gen_002904,gen_jpeg_real_quality,-13.933897018432617
gen_002905,gen_jpeg_real_quality,-10.833841323852539
gen_002906,gen_jpeg_real_quality,-11.509764671325684
gen_002907,gen_jpeg_real_quality,-13.567078590393066
gen_002908,gen_jpeg_real_quality,-7.671458721160889
gen_002909,gen_jpeg_real_quality,-12.363884925842285
gen_002910,gen_jpeg_real_quality,-11.76189136505127
gen_002911,gen_jpeg_real_quality,-10.944911003112793
gen_002912,gen_jpeg_real_quality,-3.3038113117218018
gen_002913,gen_jpeg_real_quality,-12.570470809936523
gen_002914,gen_jpeg_real_quality,-19.169736862182617
gen_002915,gen_jpeg_real_quality,-11.341690063476562
gen_002916,gen_jpeg_real_quality,-10.476393699645996
gen_002917,gen_jpeg_real_quality,-9.053326606750488
gen_002918,gen_jpeg_real_quality,-10.938368797302246
gen_002919,gen_jpeg_real_quality,-12.007542610168457
gen_002920,gen_jpeg_real_quality,-6.4398908615112305
gen_002921,gen_jpeg_real_quality,-7.495908260345459
gen_002922,gen_jpeg_real_quality,-16.818952560424805
gen_002923,gen_jpeg_real_quality,-10.953872680664062
gen_002924,gen_jpeg_real_quality,-1.7050985097885132
gen_002925,gen_jpeg_real_quality,-11.597319602966309
gen_002926,gen_jpeg_real_quality,-13.96377182006836
gen_002927,gen_jpeg_real_quality,-14.732561111450195
gen_002928,gen_jpeg_real_quality,-13.136140823364258
gen_002929,gen_jpeg_real_quality,-7.202089786529541
gen_002930,gen_jpeg_real_quality,-11.692595481872559
gen_002931,gen_jpeg_real_quality,-5.214092254638672
gen_002932,gen_jpeg_real_quality,-10.575712203979492
gen_002933,gen_jpeg_real_quality,-12.775293350219727
gen_002934,gen_jpeg_real_quality,-7.48109769821167
gen_002935,gen_jpeg_real_quality,-7.961967468261719
gen_002936,gen_jpeg_real_quality,-5.6327900886535645
gen_002937,gen_jpeg_real_quality,-8.943799018859863
gen_002938,gen_jpeg_real_quality,-6.084715843200684
gen_002939,gen_jpeg_real_quality,-10.164670944213867
gen_002940,gen_jpeg_real_quality,-13.226755142211914
gen_002941,gen_jpeg_real_quality,-13.377281188964844
gen_002942,gen_jpeg_real_quality,-12.8729829788208
gen_002943,gen_jpeg_real_quality,-11.66734790802002
gen_002944,gen_jpeg_real_quality,-8.592673301696777
gen_002945,gen_jpeg_real_quality,-2.765883207321167
gen_002946,gen_jpeg_real_quality,-6.743959903717041
gen_002947,gen_jpeg_real_quality,-7.632807731628418
gen_002948,gen_jpeg_real_quality,-10.381821632385254
gen_002949,gen_jpeg_real_quality,-15.198144912719727
gen_002950,gen_jpeg_real_quality,-6.458491802215576
gen_002951,gen_jpeg_real_quality,-11.556452751159668
gen_002952,gen_jpeg_real_quality,-11.180212020874023
gen_002953,gen_jpeg_real_quality,-7.796753883361816
gen_002954,gen_jpeg_real_quality,-6.2460737228393555
gen_002955,gen_jpeg_real_quality,-8.90575885772705
gen_002956,gen_jpeg_real_quality,-12.702645301818848
gen_002957,gen_jpeg_real_quality,-14.312921524047852
gen_002958,gen_jpeg_real_quality,-12.338595390319824
gen_002959,gen_jpeg_real_quality,-1.5767145156860352
gen_002960,gen_jpeg_real_quality,-8.774642944335938
gen_002961,gen_jpeg_real_quality,-15.60600471496582
gen_002962,gen_jpeg_real_quality,-5.051712989807129
gen_002963,gen_jpeg_real_quality,-12.296540260314941
gen_002964,gen_jpeg_real_quality,-11.028414726257324
gen_002965,gen_jpeg_real_quality,-11.574843406677246
gen_002966,gen_jpeg_real_quality,-15.84254264831543
gen_002967,gen_jpeg_real_quality,-7.109907627105713
gen_002968,gen_jpeg_real_quality,-7.766205787658691
gen_002969,gen_jpeg_real_quality,-12.382570266723633
gen_002970,gen_jpeg_real_quality,-14.016321182250977
gen_002971,gen_jpeg_real_quality,-13.328450202941895
gen_002972,gen_jpeg_real_quality,-10.624839782714844
gen_002973,gen_jpeg_real_quality,-16.91090202331543
gen_002974,gen_jpeg_real_quality,-8.570923805236816
gen_002975,gen_jpeg_real_quality,-6.674485206604004
gen_002976,gen_jpeg_real_quality,-13.1354398727417
gen_002977,gen_jpeg_real_quality,-9.658047676086426
gen_002978,gen_jpeg_real_quality,-11.406359672546387
gen_002979,gen_jpeg_real_quality,-11.217231750488281
gen_002980,gen_jpeg_real_quality,-13.254865646362305
gen_002981,gen_jpeg_real_quality,-8.991982460021973
gen_002982,gen_jpeg_real_quality,-6.870898246765137
gen_002983,gen_jpeg_real_quality,-9.432095527648926
gen_002984,gen_jpeg_real_quality,-15.735085487365723
gen_002985,gen_jpeg_real_quality,-11.406161308288574
gen_002986,gen_jpeg_real_quality,-10.482573509216309
gen_002987,gen_jpeg_real_quality,-5.904787540435791
gen_002988,gen_jpeg_real_quality,-9.177216529846191
gen_002989,gen_jpeg_real_quality,-9.493311882019043
gen_002990,gen_jpeg_real_quality,-10.154817581176758
gen_002991,gen_jpeg_real_quality,-13.338123321533203
gen_002992,gen_jpeg_real_quality,-10.386944770812988
gen_002993,gen_jpeg_real_quality,-4.791348934173584
gen_002994,gen_jpeg_real_quality,-6.13231086730957
gen_002995,gen_jpeg_real_quality,-15.691669464111328
gen_002996,gen_jpeg_real_quality,-8.368189811706543
gen_002997,gen_jpeg_real_quality,-15.606545448303223
gen_002998,gen_jpeg_real_quality,-11.466588020324707
gen_002999,gen_jpeg_real_quality,-13.56946849822998
gen_003000,gen_jpeg_real_quality,-14.12186336517334
gen_003001,gen_jpeg_real_quality,-17.872339248657227
gen_003002,gen_jpeg_real_quality,-14.901895523071289
gen_003003,gen_jpeg_real_quality,-4.481420993804932
